[2025-02-24 19:35:29] local.INFO:   
[2025-02-24 19:35:29] local.ERROR: Trying to access array offset on value of type bool {"view":{"view":"D:\\qixer\\@core\\resources\\views\\frontend\\partials\\pages-portion\\footers\\footer-02.blade.php","data":{"errors":"<pre class=sf-dump id=sf-dump-865581342 data-indent-pad=\"  \"><span class=sf-dump-note>Illuminate\\Support\\ViewErrorBag</span> {<a class=sf-dump-ref>#1843</a><samp data-depth=1 class=sf-dump-expanded>
  #<span class=sf-dump-protected title=\"Protected property\">bags</span>: []
</samp>}
</pre><script>Sfdump(\"sf-dump-865581342\", {\"maxDepth\":3,\"maxStringLength\":160})</script>
","global_static_field_data":"<pre class=sf-dump id=sf-dump-375963918 data-indent-pad=\"  \"><span class=sf-dump-note>array:3</span> [<samp data-depth=1 class=sf-dump-expanded>
  \"<span class=sf-dump-key>site_secondary_color</span>\" => <span class=sf-dump-const>null</span>
  \"<span class=sf-dump-key>site_white_logo</span>\" => \"<span class=sf-dump-str>2</span>\"
  \"<span class=sf-dump-key>site_favicon</span>\" => <span class=sf-dump-const>null</span>
</samp>]
</pre><script>Sfdump(\"sf-dump-375963918\", {\"maxDepth\":3,\"maxStringLength\":160})</script>
","all_language":"<pre class=sf-dump id=sf-dump-1250208331 data-indent-pad=\"  \"><span class=sf-dump-note>Illuminate\\Database\\Eloquent\\Collection</span> {<a class=sf-dump-ref>#1868</a><samp data-depth=1 class=sf-dump-expanded>
  #<span class=sf-dump-protected title=\"Protected property\">items</span>: <span class=sf-dump-note>array:1</span> [<samp data-depth=2 class=sf-dump-compact>
    <span class=sf-dump-index>0</span> => <span class=\"sf-dump-note sf-dump-ellipsization\" title=\"App\\Language
\"><span class=\"sf-dump-ellipsis sf-dump-ellipsis-note\">App</span><span class=\"sf-dump-ellipsis sf-dump-ellipsis-note\">\\</span><span class=\"sf-dump-ellipsis-tail\">Language</span></span> {<a class=sf-dump-ref>#1867</a><samp data-depth=3 class=sf-dump-compact>
      #<span class=sf-dump-protected title=\"Protected property\">connection</span>: \"<span class=sf-dump-str title=\"5 characters\">mysql</span>\"
      #<span class=sf-dump-protected title=\"Protected property\">table</span>: \"<span class=sf-dump-str title=\"9 characters\">languages</span>\"
      #<span class=sf-dump-protected title=\"Protected property\">primaryKey</span>: \"<span class=sf-dump-str title=\"2 characters\">id</span>\"
      #<span class=sf-dump-protected title=\"Protected property\">keyType</span>: \"<span class=sf-dump-str title=\"3 characters\">int</span>\"
      +<span class=sf-dump-public title=\"Public property\">incrementing</span>: <span class=sf-dump-const>true</span>
      #<span class=sf-dump-protected title=\"Protected property\">with</span>: []
      #<span class=sf-dump-protected title=\"Protected property\">withCount</span>: []
      +<span class=sf-dump-public title=\"Public property\">preventsLazyLoading</span>: <span class=sf-dump-const>false</span>
      #<span class=sf-dump-protected title=\"Protected property\">perPage</span>: <span class=sf-dump-num>15</span>
      +<span class=sf-dump-public title=\"Public property\">exists</span>: <span class=sf-dump-const>true</span>
      +<span class=sf-dump-public title=\"Public property\">wasRecentlyCreated</span>: <span class=sf-dump-const>false</span>
      #<span class=sf-dump-protected title=\"Protected property\">escapeWhenCastingToString</span>: <span class=sf-dump-const>false</span>
      #<span class=sf-dump-protected title=\"Protected property\">attributes</span>: <span class=sf-dump-note>array:8</span> [ &#8230;8]
      #<span class=sf-dump-protected title=\"Protected property\">original</span>: <span class=sf-dump-note>array:8</span> [ &#8230;8]
      #<span class=sf-dump-protected title=\"Protected property\">changes</span>: []
      #<span class=sf-dump-protected title=\"Protected property\">casts</span>: []
      #<span class=sf-dump-protected title=\"Protected property\">classCastCache</span>: []
      #<span class=sf-dump-protected title=\"Protected property\">attributeCastCache</span>: []
      #<span class=sf-dump-protected title=\"Protected property\">dateFormat</span>: <span class=sf-dump-const>null</span>
      #<span class=sf-dump-protected title=\"Protected property\">appends</span>: []
      #<span class=sf-dump-protected title=\"Protected property\">dispatchesEvents</span>: []
      #<span class=sf-dump-protected title=\"Protected property\">observables</span>: []
      #<span class=sf-dump-protected title=\"Protected property\">relations</span>: []
      #<span class=sf-dump-protected title=\"Protected property\">touches</span>: []
      +<span class=sf-dump-public title=\"Public property\">timestamps</span>: <span class=sf-dump-const>true</span>
      +<span class=sf-dump-public title=\"Public property\">usesUniqueIds</span>: <span class=sf-dump-const>false</span>
      #<span class=sf-dump-protected title=\"Protected property\">hidden</span>: []
      #<span class=sf-dump-protected title=\"Protected property\">visible</span>: []
      #<span class=sf-dump-protected title=\"Protected property\">fillable</span>: <span class=sf-dump-note>array:5</span> [ &#8230;5]
      #<span class=sf-dump-protected title=\"Protected property\">guarded</span>: <span class=sf-dump-note>array:1</span> [ &#8230;1]
    </samp>}
  </samp>]
  #<span class=sf-dump-protected title=\"Protected property\">escapeWhenCastingToString</span>: <span class=sf-dump-const>false</span>
</samp>}
</pre><script>Sfdump(\"sf-dump-1250208331\", {\"maxDepth\":3,\"maxStringLength\":160})</script>
","user_select_lang_slug":"<pre class=sf-dump id=sf-dump-825688098 data-indent-pad=\"  \">\"<span class=sf-dump-str title=\"7 characters\">english</span>\"
</pre><script>Sfdump(\"sf-dump-825688098\", {\"maxDepth\":3,\"maxStringLength\":160})</script>
","home_variant_number":"<pre class=sf-dump id=sf-dump-729451553 data-indent-pad=\"  \"><span class=sf-dump-const>null</span>
</pre><script>Sfdump(\"sf-dump-729451553\", {\"maxDepth\":3,\"maxStringLength\":160})</script>
","primary_menu":"<pre class=sf-dump id=sf-dump-11338166 data-indent-pad=\"  \"><span class=sf-dump-const>null</span>
</pre><script>Sfdump(\"sf-dump-11338166\", {\"maxDepth\":3,\"maxStringLength\":160})</script>
","all_social_icons":"<pre class=sf-dump id=sf-dump-2013800144 data-indent-pad=\"  \"><span class=sf-dump-note>Illuminate\\Database\\Eloquent\\Collection</span> {<a class=sf-dump-ref>#1869</a><samp data-depth=1 class=sf-dump-expanded>
  #<span class=sf-dump-protected title=\"Protected property\">items</span>: []
  #<span class=sf-dump-protected title=\"Protected property\">escapeWhenCastingToString</span>: <span class=sf-dump-const>false</span>
</samp>}
</pre><script>Sfdump(\"sf-dump-2013800144\", {\"maxDepth\":3,\"maxStringLength\":160})</script>
","navbar_number":"<pre class=sf-dump id=sf-dump-572045357 data-indent-pad=\"  \"><span class=sf-dump-const>null</span>
</pre><script>Sfdump(\"sf-dump-572045357\", {\"maxDepth\":3,\"maxStringLength\":160})</script>
","commissionGlobal":"<pre class=sf-dump id=sf-dump-1918564532 data-indent-pad=\"  \"><span class=sf-dump-note>App\\AdminCommission</span> {<a class=sf-dump-ref>#1861</a><samp data-depth=1 class=sf-dump-expanded>
  #<span class=sf-dump-protected title=\"Protected property\">connection</span>: \"<span class=sf-dump-str title=\"5 characters\">mysql</span>\"
  #<span class=sf-dump-protected title=\"Protected property\">table</span>: \"<span class=sf-dump-str title=\"17 characters\">admin_commissions</span>\"
  #<span class=sf-dump-protected title=\"Protected property\">primaryKey</span>: \"<span class=sf-dump-str title=\"2 characters\">id</span>\"
  #<span class=sf-dump-protected title=\"Protected property\">keyType</span>: \"<span class=sf-dump-str title=\"3 characters\">int</span>\"
  +<span class=sf-dump-public title=\"Public property\">incrementing</span>: <span class=sf-dump-const>true</span>
  #<span class=sf-dump-protected title=\"Protected property\">with</span>: []
  #<span class=sf-dump-protected title=\"Protected property\">withCount</span>: []
  +<span class=sf-dump-public title=\"Public property\">preventsLazyLoading</span>: <span class=sf-dump-const>false</span>
  #<span class=sf-dump-protected title=\"Protected property\">perPage</span>: <span class=sf-dump-num>15</span>
  +<span class=sf-dump-public title=\"Public property\">exists</span>: <span class=sf-dump-const>true</span>
  +<span class=sf-dump-public title=\"Public property\">wasRecentlyCreated</span>: <span class=sf-dump-const>false</span>
  #<span class=sf-dump-protected title=\"Protected property\">escapeWhenCastingToString</span>: <span class=sf-dump-const>false</span>
  #<span class=sf-dump-protected title=\"Protected property\">attributes</span>: <span class=sf-dump-note>array:7</span> [<samp data-depth=2 class=sf-dump-compact>
    \"<span class=sf-dump-key>id</span>\" => <span class=sf-dump-num>1</span>
    \"<span class=sf-dump-key>system_type</span>\" => \"<span class=sf-dump-str title=\"12 characters\">subscription</span>\"
    \"<span class=sf-dump-key>commission_charge_from</span>\" => <span class=sf-dump-const>null</span>
    \"<span class=sf-dump-key>commission_charge_type</span>\" => <span class=sf-dump-const>null</span>
    \"<span class=sf-dump-key>commission_charge</span>\" => <span class=sf-dump-const>null</span>
    \"<span class=sf-dump-key>created_at</span>\" => \"<span class=sf-dump-str title=\"19 characters\">2025-02-14 10:59:37</span>\"
    \"<span class=sf-dump-key>updated_at</span>\" => \"<span class=sf-dump-str title=\"19 characters\">2025-02-14 10:59:37</span>\"
  </samp>]
  #<span class=sf-dump-protected title=\"Protected property\">original</span>: <span class=sf-dump-note>array:7</span> [<samp data-depth=2 class=sf-dump-compact>
    \"<span class=sf-dump-key>id</span>\" => <span class=sf-dump-num>1</span>
    \"<span class=sf-dump-key>system_type</span>\" => \"<span class=sf-dump-str title=\"12 characters\">subscription</span>\"
    \"<span class=sf-dump-key>commission_charge_from</span>\" => <span class=sf-dump-const>null</span>
    \"<span class=sf-dump-key>commission_charge_type</span>\" => <span class=sf-dump-const>null</span>
    \"<span class=sf-dump-key>commission_charge</span>\" => <span class=sf-dump-const>null</span>
    \"<span class=sf-dump-key>created_at</span>\" => \"<span class=sf-dump-str title=\"19 characters\">2025-02-14 10:59:37</span>\"
    \"<span class=sf-dump-key>updated_at</span>\" => \"<span class=sf-dump-str title=\"19 characters\">2025-02-14 10:59:37</span>\"
  </samp>]
  #<span class=sf-dump-protected title=\"Protected property\">changes</span>: []
  #<span class=sf-dump-protected title=\"Protected property\">casts</span>: []
  #<span class=sf-dump-protected title=\"Protected property\">classCastCache</span>: []
  #<span class=sf-dump-protected title=\"Protected property\">attributeCastCache</span>: []
  #<span class=sf-dump-protected title=\"Protected property\">dateFormat</span>: <span class=sf-dump-const>null</span>
  #<span class=sf-dump-protected title=\"Protected property\">appends</span>: []
  #<span class=sf-dump-protected title=\"Protected property\">dispatchesEvents</span>: []
  #<span class=sf-dump-protected title=\"Protected property\">observables</span>: []
  #<span class=sf-dump-protected title=\"Protected property\">relations</span>: []
  #<span class=sf-dump-protected title=\"Protected property\">touches</span>: []
  +<span class=sf-dump-public title=\"Public property\">timestamps</span>: <span class=sf-dump-const>true</span>
  +<span class=sf-dump-public title=\"Public property\">usesUniqueIds</span>: <span class=sf-dump-const>false</span>
  #<span class=sf-dump-protected title=\"Protected property\">hidden</span>: []
  #<span class=sf-dump-protected title=\"Protected property\">visible</span>: []
  #<span class=sf-dump-protected title=\"Protected property\">fillable</span>: <span class=sf-dump-note>array:4</span> [<samp data-depth=2 class=sf-dump-compact>
    <span class=sf-dump-index>0</span> => \"<span class=sf-dump-str title=\"11 characters\">system_type</span>\"
    <span class=sf-dump-index>1</span> => \"<span class=sf-dump-str title=\"22 characters\">commission_charge_from</span>\"
    <span class=sf-dump-index>2</span> => \"<span class=sf-dump-str title=\"22 characters\">commission_charge_type</span>\"
    <span class=sf-dump-index>3</span> => \"<span class=sf-dump-str title=\"17 characters\">commission_charge</span>\"
  </samp>]
  #<span class=sf-dump-protected title=\"Protected property\">guarded</span>: <span class=sf-dump-note>array:1</span> [<samp data-depth=2 class=sf-dump-compact>
    <span class=sf-dump-index>0</span> => \"<span class=sf-dump-str>*</span>\"
  </samp>]
</samp>}
</pre><script>Sfdump(\"sf-dump-1918564532\", {\"maxDepth\":3,\"maxStringLength\":160})</script>
","page_details":"<pre class=sf-dump id=sf-dump-904522698 data-indent-pad=\"  \"><span class=sf-dump-note>App\\Page</span> {<a class=sf-dump-ref>#2886</a><samp data-depth=1 class=sf-dump-expanded>
  #<span class=sf-dump-protected title=\"Protected property\">connection</span>: \"<span class=sf-dump-str title=\"5 characters\">mysql</span>\"
  #<span class=sf-dump-protected title=\"Protected property\">table</span>: \"<span class=sf-dump-str title=\"5 characters\">pages</span>\"
  #<span class=sf-dump-protected title=\"Protected property\">primaryKey</span>: \"<span class=sf-dump-str title=\"2 characters\">id</span>\"
  #<span class=sf-dump-protected title=\"Protected property\">keyType</span>: \"<span class=sf-dump-str title=\"3 characters\">int</span>\"
  +<span class=sf-dump-public title=\"Public property\">incrementing</span>: <span class=sf-dump-const>true</span>
  #<span class=sf-dump-protected title=\"Protected property\">with</span>: []
  #<span class=sf-dump-protected title=\"Protected property\">withCount</span>: []
  +<span class=sf-dump-public title=\"Public property\">preventsLazyLoading</span>: <span class=sf-dump-const>false</span>
  #<span class=sf-dump-protected title=\"Protected property\">perPage</span>: <span class=sf-dump-num>15</span>
  +<span class=sf-dump-public title=\"Public property\">exists</span>: <span class=sf-dump-const>true</span>
  +<span class=sf-dump-public title=\"Public property\">wasRecentlyCreated</span>: <span class=sf-dump-const>false</span>
  #<span class=sf-dump-protected title=\"Protected property\">escapeWhenCastingToString</span>: <span class=sf-dump-const>false</span>
  #<span class=sf-dump-protected title=\"Protected property\">attributes</span>: <span class=sf-dump-note>array:19</span> [<samp data-depth=2 class=sf-dump-compact>
    \"<span class=sf-dump-key>id</span>\" => <span class=sf-dump-num>1</span>
    \"<span class=sf-dump-key>title</span>\" => \"<span class=sf-dump-str title=\"5 characters\">Index</span>\"
    \"<span class=sf-dump-key>slug</span>\" => \"<span class=sf-dump-str title=\"5 characters\">index</span>\"
    \"<span class=sf-dump-key>page_content</span>\" => <span class=sf-dump-const>null</span>
    \"<span class=sf-dump-key>visibility</span>\" => \"<span class=sf-dump-str title=\"3 characters\">all</span>\"
    \"<span class=sf-dump-key>status</span>\" => \"<span class=sf-dump-str title=\"7 characters\">publish</span>\"
    \"<span class=sf-dump-key>back_to_top</span>\" => <span class=sf-dump-const>null</span>
    \"<span class=sf-dump-key>created_at</span>\" => \"<span class=sf-dump-str title=\"19 characters\">2025-02-18 13:51:49</span>\"
    \"<span class=sf-dump-key>updated_at</span>\" => \"<span class=sf-dump-str title=\"19 characters\">2025-02-24 07:58:17</span>\"
    \"<span class=sf-dump-key>page_builder_status</span>\" => \"<span class=sf-dump-str title=\"2 characters\">on</span>\"
    \"<span class=sf-dump-key>layout</span>\" => \"<span class=sf-dump-str title=\"20 characters\">home_page_layout_two</span>\"
    \"<span class=sf-dump-key>sidebar_layout</span>\" => <span class=sf-dump-const>null</span>
    \"<span class=sf-dump-key>navbar_variant</span>\" => \"<span class=sf-dump-str title=\"2 characters\">02</span>\"
    \"<span class=sf-dump-key>page_class</span>\" => <span class=sf-dump-const>null</span>
    \"<span class=sf-dump-key>breadcrumb_status</span>\" => \"<span class=sf-dump-str title=\"2 characters\">on</span>\"
    \"<span class=sf-dump-key>footer_variant</span>\" => \"<span class=sf-dump-str title=\"2 characters\">01</span>\"
    \"<span class=sf-dump-key>widget_style</span>\" => <span class=sf-dump-const>null</span>
    \"<span class=sf-dump-key>left_column</span>\" => <span class=sf-dump-const>null</span>
    \"<span class=sf-dump-key>right_column</span>\" => <span class=sf-dump-const>null</span>
  </samp>]
  #<span class=sf-dump-protected title=\"Protected property\">original</span>: <span class=sf-dump-note>array:19</span> [<samp data-depth=2 class=sf-dump-compact>
    \"<span class=sf-dump-key>id</span>\" => <span class=sf-dump-num>1</span>
    \"<span class=sf-dump-key>title</span>\" => \"<span class=sf-dump-str title=\"5 characters\">Index</span>\"
    \"<span class=sf-dump-key>slug</span>\" => \"<span class=sf-dump-str title=\"5 characters\">index</span>\"
    \"<span class=sf-dump-key>page_content</span>\" => <span class=sf-dump-const>null</span>
    \"<span class=sf-dump-key>visibility</span>\" => \"<span class=sf-dump-str title=\"3 characters\">all</span>\"
    \"<span class=sf-dump-key>status</span>\" => \"<span class=sf-dump-str title=\"7 characters\">publish</span>\"
    \"<span class=sf-dump-key>back_to_top</span>\" => <span class=sf-dump-const>null</span>
    \"<span class=sf-dump-key>created_at</span>\" => \"<span class=sf-dump-str title=\"19 characters\">2025-02-18 13:51:49</span>\"
    \"<span class=sf-dump-key>updated_at</span>\" => \"<span class=sf-dump-str title=\"19 characters\">2025-02-24 07:58:17</span>\"
    \"<span class=sf-dump-key>page_builder_status</span>\" => \"<span class=sf-dump-str title=\"2 characters\">on</span>\"
    \"<span class=sf-dump-key>layout</span>\" => \"<span class=sf-dump-str title=\"20 characters\">home_page_layout_two</span>\"
    \"<span class=sf-dump-key>sidebar_layout</span>\" => <span class=sf-dump-const>null</span>
    \"<span class=sf-dump-key>navbar_variant</span>\" => \"<span class=sf-dump-str title=\"2 characters\">02</span>\"
    \"<span class=sf-dump-key>page_class</span>\" => <span class=sf-dump-const>null</span>
    \"<span class=sf-dump-key>breadcrumb_status</span>\" => \"<span class=sf-dump-str title=\"2 characters\">on</span>\"
    \"<span class=sf-dump-key>footer_variant</span>\" => \"<span class=sf-dump-str title=\"2 characters\">01</span>\"
    \"<span class=sf-dump-key>widget_style</span>\" => <span class=sf-dump-const>null</span>
    \"<span class=sf-dump-key>left_column</span>\" => <span class=sf-dump-const>null</span>
    \"<span class=sf-dump-key>right_column</span>\" => <span class=sf-dump-const>null</span>
  </samp>]
  #<span class=sf-dump-protected title=\"Protected property\">changes</span>: []
  #<span class=sf-dump-protected title=\"Protected property\">casts</span>: []
  #<span class=sf-dump-protected title=\"Protected property\">classCastCache</span>: []
  #<span class=sf-dump-protected title=\"Protected property\">attributeCastCache</span>: []
  #<span class=sf-dump-protected title=\"Protected property\">dateFormat</span>: <span class=sf-dump-const>null</span>
  #<span class=sf-dump-protected title=\"Protected property\">appends</span>: []
  #<span class=sf-dump-protected title=\"Protected property\">dispatchesEvents</span>: []
  #<span class=sf-dump-protected title=\"Protected property\">observables</span>: []
  #<span class=sf-dump-protected title=\"Protected property\">relations</span>: []
  #<span class=sf-dump-protected title=\"Protected property\">touches</span>: []
  +<span class=sf-dump-public title=\"Public property\">timestamps</span>: <span class=sf-dump-const>true</span>
  +<span class=sf-dump-public title=\"Public property\">usesUniqueIds</span>: <span class=sf-dump-const>false</span>
  #<span class=sf-dump-protected title=\"Protected property\">hidden</span>: []
  #<span class=sf-dump-protected title=\"Protected property\">visible</span>: []
  #<span class=sf-dump-protected title=\"Protected property\">fillable</span>: <span class=sf-dump-note>array:16</span> [<samp data-depth=2 class=sf-dump-compact>
    <span class=sf-dump-index>0</span> => \"<span class=sf-dump-str title=\"5 characters\">title</span>\"
    <span class=sf-dump-index>1</span> => \"<span class=sf-dump-str title=\"4 characters\">slug</span>\"
    <span class=sf-dump-index>2</span> => \"<span class=sf-dump-str title=\"12 characters\">page_content</span>\"
    <span class=sf-dump-index>3</span> => \"<span class=sf-dump-str title=\"6 characters\">status</span>\"
    <span class=sf-dump-index>4</span> => \"<span class=sf-dump-str title=\"10 characters\">visibility</span>\"
    <span class=sf-dump-index>5</span> => \"<span class=sf-dump-str title=\"19 characters\">page_builder_status</span>\"
    <span class=sf-dump-index>6</span> => \"<span class=sf-dump-str title=\"6 characters\">layout</span>\"
    <span class=sf-dump-index>7</span> => \"<span class=sf-dump-str title=\"14 characters\">sidebar_layout</span>\"
    <span class=sf-dump-index>8</span> => \"<span class=sf-dump-str title=\"14 characters\">navbar_variant</span>\"
    <span class=sf-dump-index>9</span> => \"<span class=sf-dump-str title=\"10 characters\">page_class</span>\"
    <span class=sf-dump-index>10</span> => \"<span class=sf-dump-str title=\"11 characters\">back_to_top</span>\"
    <span class=sf-dump-index>11</span> => \"<span class=sf-dump-str title=\"17 characters\">breadcrumb_status</span>\"
    <span class=sf-dump-index>12</span> => \"<span class=sf-dump-str title=\"14 characters\">footer_variant</span>\"
    <span class=sf-dump-index>13</span> => \"<span class=sf-dump-str title=\"12 characters\">widget_style</span>\"
    <span class=sf-dump-index>14</span> => \"<span class=sf-dump-str title=\"11 characters\">left_column</span>\"
    <span class=sf-dump-index>15</span> => \"<span class=sf-dump-str title=\"12 characters\">right_column</span>\"
  </samp>]
  #<span class=sf-dump-protected title=\"Protected property\">guarded</span>: <span class=sf-dump-note>array:1</span> [<samp data-depth=2 class=sf-dump-compact>
    <span class=sf-dump-index>0</span> => \"<span class=sf-dump-str>*</span>\"
  </samp>]
</samp>}
</pre><script>Sfdump(\"sf-dump-904522698\", {\"maxDepth\":3,\"maxStringLength\":160})</script>
","footer_variant":"<pre class=sf-dump id=sf-dump-828742250 data-indent-pad=\"  \">\"<span class=sf-dump-str title=\"2 characters\">02</span>\"
</pre><script>Sfdump(\"sf-dump-828742250\", {\"maxDepth\":3,\"maxStringLength\":160})</script>
"}},"exception":"[object] (Spatie\\LaravelIgnition\\Exceptions\\ViewException(code: 0): Trying to access array offset on value of type bool at D:\\qixer\\@core\\app\\WidgetsBuilder\\Widgets\\CopyrightText.php:39)
[stacktrace]
#0 D:\\qixer\\@core\\vendor\\laravel\\framework\\src\\Illuminate\\Foundation\\Bootstrap\\HandleExceptions.php(255): Illuminate\\Foundation\\Bootstrap\\HandleExceptions->handleError(2, 'Trying to acces...', 'D:\\\\qixer\\\\@core\\\\...', 39)
#1 D:\\qixer\\@core\\app\\WidgetsBuilder\\Widgets\\CopyrightText.php(39): Illuminate\\Foundation\\Bootstrap\\HandleExceptions->Illuminate\\Foundation\\Bootstrap\\{closure}(2, 'Trying to acces...', 'D:\\\\qixer\\\\@core\\\\...', 39)
#2 D:\\qixer\\@core\\app\\WidgetsBuilder\\WidgetBuilderSetup.php(85): App\\WidgetsBuilder\\Widgets\\CopyrightText->frontend_render()
#3 D:\\qixer\\@core\\app\\Helpers\\helpers.php(1861): App\\WidgetsBuilder\\WidgetBuilderSetup::render_widgets_by_name_for_frontend(Array)
#4 D:\\qixer\\@core\\resources\\views\\frontend\\partials\\pages-portion\\footers\\footer-02.blade.php(12): render_frontend_sidebar('copyright')
#5 D:\\qixer\\@core\\vendor\\laravel\\framework\\src\\Illuminate\\Filesystem\\Filesystem.php(123): require('D:\\\\qixer\\\\@core\\\\...')
#6 D:\\qixer\\@core\\vendor\\laravel\\framework\\src\\Illuminate\\Filesystem\\Filesystem.php(124): Illuminate\\Filesystem\\Filesystem::Illuminate\\Filesystem\\{closure}()
#7 D:\\qixer\\@core\\vendor\\laravel\\framework\\src\\Illuminate\\View\\Engines\\PhpEngine.php(58): Illuminate\\Filesystem\\Filesystem->getRequire('D:\\\\qixer\\\\@core\\\\...', Array)
#8 D:\\qixer\\@core\\vendor\\livewire\\livewire\\src\\ComponentConcerns\\RendersLivewireComponents.php(69): Illuminate\\View\\Engines\\PhpEngine->evaluatePath('D:\\\\qixer\\\\@core\\\\...', Array)
#9 D:\\qixer\\@core\\vendor\\laravel\\framework\\src\\Illuminate\\View\\Engines\\CompilerEngine.php(72): Livewire\\LivewireViewCompilerEngine->evaluatePath('D:\\\\qixer\\\\@core\\\\...', Array)
#10 D:\\qixer\\@core\\vendor\\livewire\\livewire\\src\\ComponentConcerns\\RendersLivewireComponents.php(35): Illuminate\\View\\Engines\\CompilerEngine->get('D:\\\\qixer\\\\@core\\\\...', Array)
#11 D:\\qixer\\@core\\vendor\\laravel\\framework\\src\\Illuminate\\View\\View.php(207): Livewire\\LivewireViewCompilerEngine->get('D:\\\\qixer\\\\@core\\\\...', Array)
#12 D:\\qixer\\@core\\vendor\\laravel\\framework\\src\\Illuminate\\View\\View.php(190): Illuminate\\View\\View->getContents()
#13 D:\\qixer\\@core\\vendor\\laravel\\framework\\src\\Illuminate\\View\\View.php(159): Illuminate\\View\\View->renderContents()
#14 D:\\qixer\\@core\\resources\\views\\frontend\\partials\\footer.blade.php(4): Illuminate\\View\\View->render()
#15 D:\\qixer\\@core\\vendor\\laravel\\framework\\src\\Illuminate\\Filesystem\\Filesystem.php(123): require('D:\\\\qixer\\\\@core\\\\...')
#16 D:\\qixer\\@core\\vendor\\laravel\\framework\\src\\Illuminate\\Filesystem\\Filesystem.php(124): Illuminate\\Filesystem\\Filesystem::Illuminate\\Filesystem\\{closure}()
#17 D:\\qixer\\@core\\vendor\\laravel\\framework\\src\\Illuminate\\View\\Engines\\PhpEngine.php(58): Illuminate\\Filesystem\\Filesystem->getRequire('D:\\\\qixer\\\\@core\\\\...', Array)
#18 D:\\qixer\\@core\\vendor\\livewire\\livewire\\src\\ComponentConcerns\\RendersLivewireComponents.php(69): Illuminate\\View\\Engines\\PhpEngine->evaluatePath('D:\\\\qixer\\\\@core\\\\...', Array)
#19 D:\\qixer\\@core\\vendor\\laravel\\framework\\src\\Illuminate\\View\\Engines\\CompilerEngine.php(72): Livewire\\LivewireViewCompilerEngine->evaluatePath('D:\\\\qixer\\\\@core\\\\...', Array)
#20 D:\\qixer\\@core\\vendor\\livewire\\livewire\\src\\ComponentConcerns\\RendersLivewireComponents.php(35): Illuminate\\View\\Engines\\CompilerEngine->get('D:\\\\qixer\\\\@core\\\\...', Array)
#21 D:\\qixer\\@core\\vendor\\laravel\\framework\\src\\Illuminate\\View\\View.php(207): Livewire\\LivewireViewCompilerEngine->get('D:\\\\qixer\\\\@core\\\\...', Array)
#22 D:\\qixer\\@core\\vendor\\laravel\\framework\\src\\Illuminate\\View\\View.php(190): Illuminate\\View\\View->getContents()
#23 D:\\qixer\\@core\\vendor\\laravel\\framework\\src\\Illuminate\\View\\View.php(159): Illuminate\\View\\View->renderContents()
#24 D:\\qixer\\@core\\resources\\views\\frontend\\frontend-master.blade.php(3): Illuminate\\View\\View->render()
#25 D:\\qixer\\@core\\vendor\\laravel\\framework\\src\\Illuminate\\Filesystem\\Filesystem.php(123): require('D:\\\\qixer\\\\@core\\\\...')
#26 D:\\qixer\\@core\\vendor\\laravel\\framework\\src\\Illuminate\\Filesystem\\Filesystem.php(124): Illuminate\\Filesystem\\Filesystem::Illuminate\\Filesystem\\{closure}()
#27 D:\\qixer\\@core\\vendor\\laravel\\framework\\src\\Illuminate\\View\\Engines\\PhpEngine.php(58): Illuminate\\Filesystem\\Filesystem->getRequire('D:\\\\qixer\\\\@core\\\\...', Array)
#28 D:\\qixer\\@core\\vendor\\livewire\\livewire\\src\\ComponentConcerns\\RendersLivewireComponents.php(69): Illuminate\\View\\Engines\\PhpEngine->evaluatePath('D:\\\\qixer\\\\@core\\\\...', Array)
#29 D:\\qixer\\@core\\vendor\\laravel\\framework\\src\\Illuminate\\View\\Engines\\CompilerEngine.php(72): Livewire\\LivewireViewCompilerEngine->evaluatePath('D:\\\\qixer\\\\@core\\\\...', Array)
#30 D:\\qixer\\@core\\vendor\\livewire\\livewire\\src\\ComponentConcerns\\RendersLivewireComponents.php(35): Illuminate\\View\\Engines\\CompilerEngine->get('D:\\\\qixer\\\\@core\\\\...', Array)
#31 D:\\qixer\\@core\\vendor\\laravel\\framework\\src\\Illuminate\\View\\View.php(207): Livewire\\LivewireViewCompilerEngine->get('D:\\\\qixer\\\\@core\\\\...', Array)
#32 D:\\qixer\\@core\\vendor\\laravel\\framework\\src\\Illuminate\\View\\View.php(190): Illuminate\\View\\View->getContents()
#33 D:\\qixer\\@core\\vendor\\laravel\\framework\\src\\Illuminate\\View\\View.php(159): Illuminate\\View\\View->renderContents()
#34 D:\\qixer\\@core\\resources\\views\\frontend\\frontend-home.blade.php(4): Illuminate\\View\\View->render()
#35 D:\\qixer\\@core\\vendor\\laravel\\framework\\src\\Illuminate\\Filesystem\\Filesystem.php(123): require('D:\\\\qixer\\\\@core\\\\...')
#36 D:\\qixer\\@core\\vendor\\laravel\\framework\\src\\Illuminate\\Filesystem\\Filesystem.php(124): Illuminate\\Filesystem\\Filesystem::Illuminate\\Filesystem\\{closure}()
#37 D:\\qixer\\@core\\vendor\\laravel\\framework\\src\\Illuminate\\View\\Engines\\PhpEngine.php(58): Illuminate\\Filesystem\\Filesystem->getRequire('D:\\\\qixer\\\\@core\\\\...', Array)
#38 D:\\qixer\\@core\\vendor\\livewire\\livewire\\src\\ComponentConcerns\\RendersLivewireComponents.php(69): Illuminate\\View\\Engines\\PhpEngine->evaluatePath('D:\\\\qixer\\\\@core\\\\...', Array)
#39 D:\\qixer\\@core\\vendor\\laravel\\framework\\src\\Illuminate\\View\\Engines\\CompilerEngine.php(72): Livewire\\LivewireViewCompilerEngine->evaluatePath('D:\\\\qixer\\\\@core\\\\...', Array)
#40 D:\\qixer\\@core\\vendor\\livewire\\livewire\\src\\ComponentConcerns\\RendersLivewireComponents.php(35): Illuminate\\View\\Engines\\CompilerEngine->get('D:\\\\qixer\\\\@core\\\\...', Array)
#41 D:\\qixer\\@core\\vendor\\laravel\\framework\\src\\Illuminate\\View\\View.php(207): Livewire\\LivewireViewCompilerEngine->get('D:\\\\qixer\\\\@core\\\\...', Array)
#42 D:\\qixer\\@core\\vendor\\laravel\\framework\\src\\Illuminate\\View\\View.php(190): Illuminate\\View\\View->getContents()
#43 D:\\qixer\\@core\\vendor\\laravel\\framework\\src\\Illuminate\\View\\View.php(159): Illuminate\\View\\View->renderContents()
#44 D:\\qixer\\@core\\vendor\\laravel\\framework\\src\\Illuminate\\Http\\Response.php(69): Illuminate\\View\\View->render()
#45 D:\\qixer\\@core\\vendor\\laravel\\framework\\src\\Illuminate\\Http\\Response.php(35): Illuminate\\Http\\Response->setContent(Object(Illuminate\\View\\View))
#46 D:\\qixer\\@core\\vendor\\laravel\\framework\\src\\Illuminate\\Routing\\Router.php(918): Illuminate\\Http\\Response->__construct(Object(Illuminate\\View\\View), 200, Array)
#47 D:\\qixer\\@core\\vendor\\laravel\\framework\\src\\Illuminate\\Routing\\Router.php(885): Illuminate\\Routing\\Router::toResponse(Object(Illuminate\\Http\\Request), Object(Illuminate\\View\\View))
#48 D:\\qixer\\@core\\vendor\\laravel\\framework\\src\\Illuminate\\Routing\\Router.php(805): Illuminate\\Routing\\Router->prepareResponse(Object(Illuminate\\Http\\Request), Object(Illuminate\\View\\View))
#49 D:\\qixer\\@core\\vendor\\laravel\\framework\\src\\Illuminate\\Pipeline\\Pipeline.php(144): Illuminate\\Routing\\Router->Illuminate\\Routing\\{closure}(Object(Illuminate\\Http\\Request))
#50 D:\\qixer\\@core\\app\\Http\\Middleware\\SetLang.php(29): Illuminate\\Pipeline\\Pipeline->Illuminate\\Pipeline\\{closure}(Object(Illuminate\\Http\\Request))
#51 D:\\qixer\\@core\\vendor\\laravel\\framework\\src\\Illuminate\\Pipeline\\Pipeline.php(183): App\\Http\\Middleware\\SetLang->handle(Object(Illuminate\\Http\\Request), Object(Closure))
#52 D:\\qixer\\@core\\app\\Http\\Middleware\\MaintainsMode.php(22): Illuminate\\Pipeline\\Pipeline->Illuminate\\Pipeline\\{closure}(Object(Illuminate\\Http\\Request))
#53 D:\\qixer\\@core\\vendor\\laravel\\framework\\src\\Illuminate\\Pipeline\\Pipeline.php(183): App\\Http\\Middleware\\MaintainsMode->handle(Object(Illuminate\\Http\\Request), Object(Closure))
#54 D:\\qixer\\@core\\app\\Http\\Middleware\\GlobalVariableMiddleware.php(92): Illuminate\\Pipeline\\Pipeline->Illuminate\\Pipeline\\{closure}(Object(Illuminate\\Http\\Request))
#55 D:\\qixer\\@core\\vendor\\laravel\\framework\\src\\Illuminate\\Pipeline\\Pipeline.php(183): App\\Http\\Middleware\\GlobalVariableMiddleware->handle(Object(Illuminate\\Http\\Request), Object(Closure))
#56 D:\\qixer\\@core\\app\\Http\\Middleware\\ActivityByUser.php(29): Illuminate\\Pipeline\\Pipeline->Illuminate\\Pipeline\\{closure}(Object(Illuminate\\Http\\Request))
#57 D:\\qixer\\@core\\vendor\\laravel\\framework\\src\\Illuminate\\Pipeline\\Pipeline.php(183): App\\Http\\Middleware\\ActivityByUser->handle(Object(Illuminate\\Http\\Request), Object(Closure))
#58 D:\\qixer\\@core\\vendor\\laravel\\framework\\src\\Illuminate\\Routing\\Middleware\\SubstituteBindings.php(50): Illuminate\\Pipeline\\Pipeline->Illuminate\\Pipeline\\{closure}(Object(Illuminate\\Http\\Request))
#59 D:\\qixer\\@core\\vendor\\laravel\\framework\\src\\Illuminate\\Pipeline\\Pipeline.php(183): Illuminate\\Routing\\Middleware\\SubstituteBindings->handle(Object(Illuminate\\Http\\Request), Object(Closure))
#60 D:\\qixer\\@core\\vendor\\laravel\\framework\\src\\Illuminate\\Foundation\\Http\\Middleware\\VerifyCsrfToken.php(78): Illuminate\\Pipeline\\Pipeline->Illuminate\\Pipeline\\{closure}(Object(Illuminate\\Http\\Request))
#61 D:\\qixer\\@core\\vendor\\laravel\\framework\\src\\Illuminate\\Pipeline\\Pipeline.php(183): Illuminate\\Foundation\\Http\\Middleware\\VerifyCsrfToken->handle(Object(Illuminate\\Http\\Request), Object(Closure))
#62 D:\\qixer\\@core\\vendor\\laravel\\framework\\src\\Illuminate\\View\\Middleware\\ShareErrorsFromSession.php(49): Illuminate\\Pipeline\\Pipeline->Illuminate\\Pipeline\\{closure}(Object(Illuminate\\Http\\Request))
#63 D:\\qixer\\@core\\vendor\\laravel\\framework\\src\\Illuminate\\Pipeline\\Pipeline.php(183): Illuminate\\View\\Middleware\\ShareErrorsFromSession->handle(Object(Illuminate\\Http\\Request), Object(Closure))
#64 D:\\qixer\\@core\\vendor\\laravel\\framework\\src\\Illuminate\\Session\\Middleware\\StartSession.php(121): Illuminate\\Pipeline\\Pipeline->Illuminate\\Pipeline\\{closure}(Object(Illuminate\\Http\\Request))
#65 D:\\qixer\\@core\\vendor\\laravel\\framework\\src\\Illuminate\\Session\\Middleware\\StartSession.php(64): Illuminate\\Session\\Middleware\\StartSession->handleStatefulRequest(Object(Illuminate\\Http\\Request), Object(Illuminate\\Session\\Store), Object(Closure))
#66 D:\\qixer\\@core\\vendor\\laravel\\framework\\src\\Illuminate\\Pipeline\\Pipeline.php(183): Illuminate\\Session\\Middleware\\StartSession->handle(Object(Illuminate\\Http\\Request), Object(Closure))
#67 D:\\qixer\\@core\\vendor\\laravel\\framework\\src\\Illuminate\\Cookie\\Middleware\\AddQueuedCookiesToResponse.php(37): Illuminate\\Pipeline\\Pipeline->Illuminate\\Pipeline\\{closure}(Object(Illuminate\\Http\\Request))
#68 D:\\qixer\\@core\\vendor\\laravel\\framework\\src\\Illuminate\\Pipeline\\Pipeline.php(183): Illuminate\\Cookie\\Middleware\\AddQueuedCookiesToResponse->handle(Object(Illuminate\\Http\\Request), Object(Closure))
#69 D:\\qixer\\@core\\vendor\\laravel\\framework\\src\\Illuminate\\Cookie\\Middleware\\EncryptCookies.php(67): Illuminate\\Pipeline\\Pipeline->Illuminate\\Pipeline\\{closure}(Object(Illuminate\\Http\\Request))
#70 D:\\qixer\\@core\\vendor\\laravel\\framework\\src\\Illuminate\\Pipeline\\Pipeline.php(183): Illuminate\\Cookie\\Middleware\\EncryptCookies->handle(Object(Illuminate\\Http\\Request), Object(Closure))
#71 D:\\qixer\\@core\\vendor\\laravel\\framework\\src\\Illuminate\\Pipeline\\Pipeline.php(119): Illuminate\\Pipeline\\Pipeline->Illuminate\\Pipeline\\{closure}(Object(Illuminate\\Http\\Request))
#72 D:\\qixer\\@core\\vendor\\laravel\\framework\\src\\Illuminate\\Routing\\Router.php(805): Illuminate\\Pipeline\\Pipeline->then(Object(Closure))
#73 D:\\qixer\\@core\\vendor\\laravel\\framework\\src\\Illuminate\\Routing\\Router.php(784): Illuminate\\Routing\\Router->runRouteWithinStack(Object(Illuminate\\Routing\\Route), Object(Illuminate\\Http\\Request))
#74 D:\\qixer\\@core\\vendor\\laravel\\framework\\src\\Illuminate\\Routing\\Router.php(748): Illuminate\\Routing\\Router->runRoute(Object(Illuminate\\Http\\Request), Object(Illuminate\\Routing\\Route))
#75 D:\\qixer\\@core\\vendor\\laravel\\framework\\src\\Illuminate\\Routing\\Router.php(737): Illuminate\\Routing\\Router->dispatchToRoute(Object(Illuminate\\Http\\Request))
#76 D:\\qixer\\@core\\vendor\\laravel\\framework\\src\\Illuminate\\Foundation\\Http\\Kernel.php(200): Illuminate\\Routing\\Router->dispatch(Object(Illuminate\\Http\\Request))
#77 D:\\qixer\\@core\\vendor\\laravel\\framework\\src\\Illuminate\\Pipeline\\Pipeline.php(144): Illuminate\\Foundation\\Http\\Kernel->Illuminate\\Foundation\\Http\\{closure}(Object(Illuminate\\Http\\Request))
#78 D:\\qixer\\@core\\vendor\\livewire\\livewire\\src\\DisableBrowserCache.php(19): Illuminate\\Pipeline\\Pipeline->Illuminate\\Pipeline\\{closure}(Object(Illuminate\\Http\\Request))
#79 D:\\qixer\\@core\\vendor\\laravel\\framework\\src\\Illuminate\\Pipeline\\Pipeline.php(183): Livewire\\DisableBrowserCache->handle(Object(Illuminate\\Http\\Request), Object(Closure))
#80 D:\\qixer\\@core\\vendor\\xgenious\\installer\\src\\Http\\Middleware\\InstallerMiddleware.php(18): Illuminate\\Pipeline\\Pipeline->Illuminate\\Pipeline\\{closure}(Object(Illuminate\\Http\\Request))
#81 D:\\qixer\\@core\\vendor\\laravel\\framework\\src\\Illuminate\\Pipeline\\Pipeline.php(183): Xgenious\\Installer\\Http\\Middleware\\InstallerMiddleware->handle(Object(Illuminate\\Http\\Request), Object(Closure))
#82 D:\\qixer\\@core\\vendor\\laravel\\framework\\src\\Illuminate\\Foundation\\Http\\Middleware\\TransformsRequest.php(21): Illuminate\\Pipeline\\Pipeline->Illuminate\\Pipeline\\{closure}(Object(Illuminate\\Http\\Request))
#83 D:\\qixer\\@core\\vendor\\laravel\\framework\\src\\Illuminate\\Foundation\\Http\\Middleware\\ConvertEmptyStringsToNull.php(31): Illuminate\\Foundation\\Http\\Middleware\\TransformsRequest->handle(Object(Illuminate\\Http\\Request), Object(Closure))
#84 D:\\qixer\\@core\\vendor\\laravel\\framework\\src\\Illuminate\\Pipeline\\Pipeline.php(183): Illuminate\\Foundation\\Http\\Middleware\\ConvertEmptyStringsToNull->handle(Object(Illuminate\\Http\\Request), Object(Closure))
#85 D:\\qixer\\@core\\vendor\\laravel\\framework\\src\\Illuminate\\Foundation\\Http\\Middleware\\TransformsRequest.php(21): Illuminate\\Pipeline\\Pipeline->Illuminate\\Pipeline\\{closure}(Object(Illuminate\\Http\\Request))
#86 D:\\qixer\\@core\\vendor\\laravel\\framework\\src\\Illuminate\\Foundation\\Http\\Middleware\\TrimStrings.php(40): Illuminate\\Foundation\\Http\\Middleware\\TransformsRequest->handle(Object(Illuminate\\Http\\Request), Object(Closure))
#87 D:\\qixer\\@core\\vendor\\laravel\\framework\\src\\Illuminate\\Pipeline\\Pipeline.php(183): Illuminate\\Foundation\\Http\\Middleware\\TrimStrings->handle(Object(Illuminate\\Http\\Request), Object(Closure))
#88 D:\\qixer\\@core\\vendor\\laravel\\framework\\src\\Illuminate\\Foundation\\Http\\Middleware\\ValidatePostSize.php(27): Illuminate\\Pipeline\\Pipeline->Illuminate\\Pipeline\\{closure}(Object(Illuminate\\Http\\Request))
#89 D:\\qixer\\@core\\vendor\\laravel\\framework\\src\\Illuminate\\Pipeline\\Pipeline.php(183): Illuminate\\Foundation\\Http\\Middleware\\ValidatePostSize->handle(Object(Illuminate\\Http\\Request), Object(Closure))
#90 D:\\qixer\\@core\\vendor\\laravel\\framework\\src\\Illuminate\\Foundation\\Http\\Middleware\\PreventRequestsDuringMaintenance.php(99): Illuminate\\Pipeline\\Pipeline->Illuminate\\Pipeline\\{closure}(Object(Illuminate\\Http\\Request))
#91 D:\\qixer\\@core\\vendor\\laravel\\framework\\src\\Illuminate\\Pipeline\\Pipeline.php(183): Illuminate\\Foundation\\Http\\Middleware\\PreventRequestsDuringMaintenance->handle(Object(Illuminate\\Http\\Request), Object(Closure))
#92 D:\\qixer\\@core\\vendor\\laravel\\framework\\src\\Illuminate\\Http\\Middleware\\TrustProxies.php(39): Illuminate\\Pipeline\\Pipeline->Illuminate\\Pipeline\\{closure}(Object(Illuminate\\Http\\Request))
#93 D:\\qixer\\@core\\vendor\\laravel\\framework\\src\\Illuminate\\Pipeline\\Pipeline.php(183): Illuminate\\Http\\Middleware\\TrustProxies->handle(Object(Illuminate\\Http\\Request), Object(Closure))
#94 D:\\qixer\\@core\\vendor\\laravel\\framework\\src\\Illuminate\\Pipeline\\Pipeline.php(119): Illuminate\\Pipeline\\Pipeline->Illuminate\\Pipeline\\{closure}(Object(Illuminate\\Http\\Request))
#95 D:\\qixer\\@core\\vendor\\laravel\\framework\\src\\Illuminate\\Foundation\\Http\\Kernel.php(175): Illuminate\\Pipeline\\Pipeline->then(Object(Closure))
#96 D:\\qixer\\@core\\vendor\\laravel\\framework\\src\\Illuminate\\Foundation\\Http\\Kernel.php(144): Illuminate\\Foundation\\Http\\Kernel->sendRequestThroughRouter(Object(Illuminate\\Http\\Request))
#97 D:\\qixer\\index.php(54): Illuminate\\Foundation\\Http\\Kernel->handle(Object(Illuminate\\Http\\Request))
#98 {main}

[previous exception] [object] (ErrorException(code: 0): Trying to access array offset on value of type bool at D:\\qixer\\@core\\app\\WidgetsBuilder\\Widgets\\CopyrightText.php:39)
[stacktrace]
#0 D:\\qixer\\@core\\vendor\\laravel\\framework\\src\\Illuminate\\Foundation\\Bootstrap\\HandleExceptions.php(255): Illuminate\\Foundation\\Bootstrap\\HandleExceptions->handleError(2, 'Trying to acces...', 'D:\\\\qixer\\\\@core\\\\...', 39)
#1 D:\\qixer\\@core\\app\\WidgetsBuilder\\Widgets\\CopyrightText.php(39): Illuminate\\Foundation\\Bootstrap\\HandleExceptions->Illuminate\\Foundation\\Bootstrap\\{closure}(2, 'Trying to acces...', 'D:\\\\qixer\\\\@core\\\\...', 39)
#2 D:\\qixer\\@core\\app\\WidgetsBuilder\\WidgetBuilderSetup.php(85): App\\WidgetsBuilder\\Widgets\\CopyrightText->frontend_render()
#3 D:\\qixer\\@core\\app\\Helpers\\helpers.php(1861): App\\WidgetsBuilder\\WidgetBuilderSetup::render_widgets_by_name_for_frontend(Array)
#4 D:\\qixer\\@core\\storage\\framework\\views\\69d7a72f14cb3e98d632ded3422a4758.php(13): render_frontend_sidebar('copyright')
#5 D:\\qixer\\@core\\vendor\\laravel\\framework\\src\\Illuminate\\Filesystem\\Filesystem.php(123): require('D:\\\\qixer\\\\@core\\\\...')
#6 D:\\qixer\\@core\\vendor\\laravel\\framework\\src\\Illuminate\\Filesystem\\Filesystem.php(124): Illuminate\\Filesystem\\Filesystem::Illuminate\\Filesystem\\{closure}()
#7 D:\\qixer\\@core\\vendor\\laravel\\framework\\src\\Illuminate\\View\\Engines\\PhpEngine.php(58): Illuminate\\Filesystem\\Filesystem->getRequire('D:\\\\qixer\\\\@core\\\\...', Array)
#8 D:\\qixer\\@core\\vendor\\livewire\\livewire\\src\\ComponentConcerns\\RendersLivewireComponents.php(69): Illuminate\\View\\Engines\\PhpEngine->evaluatePath('D:\\\\qixer\\\\@core\\\\...', Array)
#9 D:\\qixer\\@core\\vendor\\laravel\\framework\\src\\Illuminate\\View\\Engines\\CompilerEngine.php(72): Livewire\\LivewireViewCompilerEngine->evaluatePath('D:\\\\qixer\\\\@core\\\\...', Array)
#10 D:\\qixer\\@core\\vendor\\livewire\\livewire\\src\\ComponentConcerns\\RendersLivewireComponents.php(35): Illuminate\\View\\Engines\\CompilerEngine->get('D:\\\\qixer\\\\@core\\\\...', Array)
#11 D:\\qixer\\@core\\vendor\\laravel\\framework\\src\\Illuminate\\View\\View.php(207): Livewire\\LivewireViewCompilerEngine->get('D:\\\\qixer\\\\@core\\\\...', Array)
#12 D:\\qixer\\@core\\vendor\\laravel\\framework\\src\\Illuminate\\View\\View.php(190): Illuminate\\View\\View->getContents()
#13 D:\\qixer\\@core\\vendor\\laravel\\framework\\src\\Illuminate\\View\\View.php(159): Illuminate\\View\\View->renderContents()
#14 D:\\qixer\\@core\\storage\\framework\\views\\a969159dc01d05c777b63bf1bc8db6dd.php(4): Illuminate\\View\\View->render()
#15 D:\\qixer\\@core\\vendor\\laravel\\framework\\src\\Illuminate\\Filesystem\\Filesystem.php(123): require('D:\\\\qixer\\\\@core\\\\...')
#16 D:\\qixer\\@core\\vendor\\laravel\\framework\\src\\Illuminate\\Filesystem\\Filesystem.php(124): Illuminate\\Filesystem\\Filesystem::Illuminate\\Filesystem\\{closure}()
#17 D:\\qixer\\@core\\vendor\\laravel\\framework\\src\\Illuminate\\View\\Engines\\PhpEngine.php(58): Illuminate\\Filesystem\\Filesystem->getRequire('D:\\\\qixer\\\\@core\\\\...', Array)
#18 D:\\qixer\\@core\\vendor\\livewire\\livewire\\src\\ComponentConcerns\\RendersLivewireComponents.php(69): Illuminate\\View\\Engines\\PhpEngine->evaluatePath('D:\\\\qixer\\\\@core\\\\...', Array)
#19 D:\\qixer\\@core\\vendor\\laravel\\framework\\src\\Illuminate\\View\\Engines\\CompilerEngine.php(72): Livewire\\LivewireViewCompilerEngine->evaluatePath('D:\\\\qixer\\\\@core\\\\...', Array)
#20 D:\\qixer\\@core\\vendor\\livewire\\livewire\\src\\ComponentConcerns\\RendersLivewireComponents.php(35): Illuminate\\View\\Engines\\CompilerEngine->get('D:\\\\qixer\\\\@core\\\\...', Array)
#21 D:\\qixer\\@core\\vendor\\laravel\\framework\\src\\Illuminate\\View\\View.php(207): Livewire\\LivewireViewCompilerEngine->get('D:\\\\qixer\\\\@core\\\\...', Array)
#22 D:\\qixer\\@core\\vendor\\laravel\\framework\\src\\Illuminate\\View\\View.php(190): Illuminate\\View\\View->getContents()
#23 D:\\qixer\\@core\\vendor\\laravel\\framework\\src\\Illuminate\\View\\View.php(159): Illuminate\\View\\View->renderContents()
#24 D:\\qixer\\@core\\storage\\framework\\views\\ea2bc5bbe3fdfa3ec0a55a75722c51e0.php(3): Illuminate\\View\\View->render()
#25 D:\\qixer\\@core\\vendor\\laravel\\framework\\src\\Illuminate\\Filesystem\\Filesystem.php(123): require('D:\\\\qixer\\\\@core\\\\...')
#26 D:\\qixer\\@core\\vendor\\laravel\\framework\\src\\Illuminate\\Filesystem\\Filesystem.php(124): Illuminate\\Filesystem\\Filesystem::Illuminate\\Filesystem\\{closure}()
#27 D:\\qixer\\@core\\vendor\\laravel\\framework\\src\\Illuminate\\View\\Engines\\PhpEngine.php(58): Illuminate\\Filesystem\\Filesystem->getRequire('D:\\\\qixer\\\\@core\\\\...', Array)
#28 D:\\qixer\\@core\\vendor\\livewire\\livewire\\src\\ComponentConcerns\\RendersLivewireComponents.php(69): Illuminate\\View\\Engines\\PhpEngine->evaluatePath('D:\\\\qixer\\\\@core\\\\...', Array)
#29 D:\\qixer\\@core\\vendor\\laravel\\framework\\src\\Illuminate\\View\\Engines\\CompilerEngine.php(72): Livewire\\LivewireViewCompilerEngine->evaluatePath('D:\\\\qixer\\\\@core\\\\...', Array)
#30 D:\\qixer\\@core\\vendor\\livewire\\livewire\\src\\ComponentConcerns\\RendersLivewireComponents.php(35): Illuminate\\View\\Engines\\CompilerEngine->get('D:\\\\qixer\\\\@core\\\\...', Array)
#31 D:\\qixer\\@core\\vendor\\laravel\\framework\\src\\Illuminate\\View\\View.php(207): Livewire\\LivewireViewCompilerEngine->get('D:\\\\qixer\\\\@core\\\\...', Array)
#32 D:\\qixer\\@core\\vendor\\laravel\\framework\\src\\Illuminate\\View\\View.php(190): Illuminate\\View\\View->getContents()
#33 D:\\qixer\\@core\\vendor\\laravel\\framework\\src\\Illuminate\\View\\View.php(159): Illuminate\\View\\View->renderContents()
#34 D:\\qixer\\@core\\storage\\framework\\views\\d156c14bc9d7f69188f9efc8eac0a464.php(6): Illuminate\\View\\View->render()
#35 D:\\qixer\\@core\\vendor\\laravel\\framework\\src\\Illuminate\\Filesystem\\Filesystem.php(123): require('D:\\\\qixer\\\\@core\\\\...')
#36 D:\\qixer\\@core\\vendor\\laravel\\framework\\src\\Illuminate\\Filesystem\\Filesystem.php(124): Illuminate\\Filesystem\\Filesystem::Illuminate\\Filesystem\\{closure}()
#37 D:\\qixer\\@core\\vendor\\laravel\\framework\\src\\Illuminate\\View\\Engines\\PhpEngine.php(58): Illuminate\\Filesystem\\Filesystem->getRequire('D:\\\\qixer\\\\@core\\\\...', Array)
#38 D:\\qixer\\@core\\vendor\\livewire\\livewire\\src\\ComponentConcerns\\RendersLivewireComponents.php(69): Illuminate\\View\\Engines\\PhpEngine->evaluatePath('D:\\\\qixer\\\\@core\\\\...', Array)
#39 D:\\qixer\\@core\\vendor\\laravel\\framework\\src\\Illuminate\\View\\Engines\\CompilerEngine.php(72): Livewire\\LivewireViewCompilerEngine->evaluatePath('D:\\\\qixer\\\\@core\\\\...', Array)
#40 D:\\qixer\\@core\\vendor\\livewire\\livewire\\src\\ComponentConcerns\\RendersLivewireComponents.php(35): Illuminate\\View\\Engines\\CompilerEngine->get('D:\\\\qixer\\\\@core\\\\...', Array)
#41 D:\\qixer\\@core\\vendor\\laravel\\framework\\src\\Illuminate\\View\\View.php(207): Livewire\\LivewireViewCompilerEngine->get('D:\\\\qixer\\\\@core\\\\...', Array)
#42 D:\\qixer\\@core\\vendor\\laravel\\framework\\src\\Illuminate\\View\\View.php(190): Illuminate\\View\\View->getContents()
#43 D:\\qixer\\@core\\vendor\\laravel\\framework\\src\\Illuminate\\View\\View.php(159): Illuminate\\View\\View->renderContents()
#44 D:\\qixer\\@core\\vendor\\laravel\\framework\\src\\Illuminate\\Http\\Response.php(69): Illuminate\\View\\View->render()
#45 D:\\qixer\\@core\\vendor\\laravel\\framework\\src\\Illuminate\\Http\\Response.php(35): Illuminate\\Http\\Response->setContent(Object(Illuminate\\View\\View))
#46 D:\\qixer\\@core\\vendor\\laravel\\framework\\src\\Illuminate\\Routing\\Router.php(918): Illuminate\\Http\\Response->__construct(Object(Illuminate\\View\\View), 200, Array)
#47 D:\\qixer\\@core\\vendor\\laravel\\framework\\src\\Illuminate\\Routing\\Router.php(885): Illuminate\\Routing\\Router::toResponse(Object(Illuminate\\Http\\Request), Object(Illuminate\\View\\View))
#48 D:\\qixer\\@core\\vendor\\laravel\\framework\\src\\Illuminate\\Routing\\Router.php(805): Illuminate\\Routing\\Router->prepareResponse(Object(Illuminate\\Http\\Request), Object(Illuminate\\View\\View))
#49 D:\\qixer\\@core\\vendor\\laravel\\framework\\src\\Illuminate\\Pipeline\\Pipeline.php(144): Illuminate\\Routing\\Router->Illuminate\\Routing\\{closure}(Object(Illuminate\\Http\\Request))
#50 D:\\qixer\\@core\\app\\Http\\Middleware\\SetLang.php(29): Illuminate\\Pipeline\\Pipeline->Illuminate\\Pipeline\\{closure}(Object(Illuminate\\Http\\Request))
#51 D:\\qixer\\@core\\vendor\\laravel\\framework\\src\\Illuminate\\Pipeline\\Pipeline.php(183): App\\Http\\Middleware\\SetLang->handle(Object(Illuminate\\Http\\Request), Object(Closure))
#52 D:\\qixer\\@core\\app\\Http\\Middleware\\MaintainsMode.php(22): Illuminate\\Pipeline\\Pipeline->Illuminate\\Pipeline\\{closure}(Object(Illuminate\\Http\\Request))
#53 D:\\qixer\\@core\\vendor\\laravel\\framework\\src\\Illuminate\\Pipeline\\Pipeline.php(183): App\\Http\\Middleware\\MaintainsMode->handle(Object(Illuminate\\Http\\Request), Object(Closure))
#54 D:\\qixer\\@core\\app\\Http\\Middleware\\GlobalVariableMiddleware.php(92): Illuminate\\Pipeline\\Pipeline->Illuminate\\Pipeline\\{closure}(Object(Illuminate\\Http\\Request))
#55 D:\\qixer\\@core\\vendor\\laravel\\framework\\src\\Illuminate\\Pipeline\\Pipeline.php(183): App\\Http\\Middleware\\GlobalVariableMiddleware->handle(Object(Illuminate\\Http\\Request), Object(Closure))
#56 D:\\qixer\\@core\\app\\Http\\Middleware\\ActivityByUser.php(29): Illuminate\\Pipeline\\Pipeline->Illuminate\\Pipeline\\{closure}(Object(Illuminate\\Http\\Request))
#57 D:\\qixer\\@core\\vendor\\laravel\\framework\\src\\Illuminate\\Pipeline\\Pipeline.php(183): App\\Http\\Middleware\\ActivityByUser->handle(Object(Illuminate\\Http\\Request), Object(Closure))
#58 D:\\qixer\\@core\\vendor\\laravel\\framework\\src\\Illuminate\\Routing\\Middleware\\SubstituteBindings.php(50): Illuminate\\Pipeline\\Pipeline->Illuminate\\Pipeline\\{closure}(Object(Illuminate\\Http\\Request))
#59 D:\\qixer\\@core\\vendor\\laravel\\framework\\src\\Illuminate\\Pipeline\\Pipeline.php(183): Illuminate\\Routing\\Middleware\\SubstituteBindings->handle(Object(Illuminate\\Http\\Request), Object(Closure))
#60 D:\\qixer\\@core\\vendor\\laravel\\framework\\src\\Illuminate\\Foundation\\Http\\Middleware\\VerifyCsrfToken.php(78): Illuminate\\Pipeline\\Pipeline->Illuminate\\Pipeline\\{closure}(Object(Illuminate\\Http\\Request))
#61 D:\\qixer\\@core\\vendor\\laravel\\framework\\src\\Illuminate\\Pipeline\\Pipeline.php(183): Illuminate\\Foundation\\Http\\Middleware\\VerifyCsrfToken->handle(Object(Illuminate\\Http\\Request), Object(Closure))
#62 D:\\qixer\\@core\\vendor\\laravel\\framework\\src\\Illuminate\\View\\Middleware\\ShareErrorsFromSession.php(49): Illuminate\\Pipeline\\Pipeline->Illuminate\\Pipeline\\{closure}(Object(Illuminate\\Http\\Request))
#63 D:\\qixer\\@core\\vendor\\laravel\\framework\\src\\Illuminate\\Pipeline\\Pipeline.php(183): Illuminate\\View\\Middleware\\ShareErrorsFromSession->handle(Object(Illuminate\\Http\\Request), Object(Closure))
#64 D:\\qixer\\@core\\vendor\\laravel\\framework\\src\\Illuminate\\Session\\Middleware\\StartSession.php(121): Illuminate\\Pipeline\\Pipeline->Illuminate\\Pipeline\\{closure}(Object(Illuminate\\Http\\Request))
#65 D:\\qixer\\@core\\vendor\\laravel\\framework\\src\\Illuminate\\Session\\Middleware\\StartSession.php(64): Illuminate\\Session\\Middleware\\StartSession->handleStatefulRequest(Object(Illuminate\\Http\\Request), Object(Illuminate\\Session\\Store), Object(Closure))
#66 D:\\qixer\\@core\\vendor\\laravel\\framework\\src\\Illuminate\\Pipeline\\Pipeline.php(183): Illuminate\\Session\\Middleware\\StartSession->handle(Object(Illuminate\\Http\\Request), Object(Closure))
#67 D:\\qixer\\@core\\vendor\\laravel\\framework\\src\\Illuminate\\Cookie\\Middleware\\AddQueuedCookiesToResponse.php(37): Illuminate\\Pipeline\\Pipeline->Illuminate\\Pipeline\\{closure}(Object(Illuminate\\Http\\Request))
#68 D:\\qixer\\@core\\vendor\\laravel\\framework\\src\\Illuminate\\Pipeline\\Pipeline.php(183): Illuminate\\Cookie\\Middleware\\AddQueuedCookiesToResponse->handle(Object(Illuminate\\Http\\Request), Object(Closure))
#69 D:\\qixer\\@core\\vendor\\laravel\\framework\\src\\Illuminate\\Cookie\\Middleware\\EncryptCookies.php(67): Illuminate\\Pipeline\\Pipeline->Illuminate\\Pipeline\\{closure}(Object(Illuminate\\Http\\Request))
#70 D:\\qixer\\@core\\vendor\\laravel\\framework\\src\\Illuminate\\Pipeline\\Pipeline.php(183): Illuminate\\Cookie\\Middleware\\EncryptCookies->handle(Object(Illuminate\\Http\\Request), Object(Closure))
#71 D:\\qixer\\@core\\vendor\\laravel\\framework\\src\\Illuminate\\Pipeline\\Pipeline.php(119): Illuminate\\Pipeline\\Pipeline->Illuminate\\Pipeline\\{closure}(Object(Illuminate\\Http\\Request))
#72 D:\\qixer\\@core\\vendor\\laravel\\framework\\src\\Illuminate\\Routing\\Router.php(805): Illuminate\\Pipeline\\Pipeline->then(Object(Closure))
#73 D:\\qixer\\@core\\vendor\\laravel\\framework\\src\\Illuminate\\Routing\\Router.php(784): Illuminate\\Routing\\Router->runRouteWithinStack(Object(Illuminate\\Routing\\Route), Object(Illuminate\\Http\\Request))
#74 D:\\qixer\\@core\\vendor\\laravel\\framework\\src\\Illuminate\\Routing\\Router.php(748): Illuminate\\Routing\\Router->runRoute(Object(Illuminate\\Http\\Request), Object(Illuminate\\Routing\\Route))
#75 D:\\qixer\\@core\\vendor\\laravel\\framework\\src\\Illuminate\\Routing\\Router.php(737): Illuminate\\Routing\\Router->dispatchToRoute(Object(Illuminate\\Http\\Request))
#76 D:\\qixer\\@core\\vendor\\laravel\\framework\\src\\Illuminate\\Foundation\\Http\\Kernel.php(200): Illuminate\\Routing\\Router->dispatch(Object(Illuminate\\Http\\Request))
#77 D:\\qixer\\@core\\vendor\\laravel\\framework\\src\\Illuminate\\Pipeline\\Pipeline.php(144): Illuminate\\Foundation\\Http\\Kernel->Illuminate\\Foundation\\Http\\{closure}(Object(Illuminate\\Http\\Request))
#78 D:\\qixer\\@core\\vendor\\livewire\\livewire\\src\\DisableBrowserCache.php(19): Illuminate\\Pipeline\\Pipeline->Illuminate\\Pipeline\\{closure}(Object(Illuminate\\Http\\Request))
#79 D:\\qixer\\@core\\vendor\\laravel\\framework\\src\\Illuminate\\Pipeline\\Pipeline.php(183): Livewire\\DisableBrowserCache->handle(Object(Illuminate\\Http\\Request), Object(Closure))
#80 D:\\qixer\\@core\\vendor\\xgenious\\installer\\src\\Http\\Middleware\\InstallerMiddleware.php(18): Illuminate\\Pipeline\\Pipeline->Illuminate\\Pipeline\\{closure}(Object(Illuminate\\Http\\Request))
#81 D:\\qixer\\@core\\vendor\\laravel\\framework\\src\\Illuminate\\Pipeline\\Pipeline.php(183): Xgenious\\Installer\\Http\\Middleware\\InstallerMiddleware->handle(Object(Illuminate\\Http\\Request), Object(Closure))
#82 D:\\qixer\\@core\\vendor\\laravel\\framework\\src\\Illuminate\\Foundation\\Http\\Middleware\\TransformsRequest.php(21): Illuminate\\Pipeline\\Pipeline->Illuminate\\Pipeline\\{closure}(Object(Illuminate\\Http\\Request))
#83 D:\\qixer\\@core\\vendor\\laravel\\framework\\src\\Illuminate\\Foundation\\Http\\Middleware\\ConvertEmptyStringsToNull.php(31): Illuminate\\Foundation\\Http\\Middleware\\TransformsRequest->handle(Object(Illuminate\\Http\\Request), Object(Closure))
#84 D:\\qixer\\@core\\vendor\\laravel\\framework\\src\\Illuminate\\Pipeline\\Pipeline.php(183): Illuminate\\Foundation\\Http\\Middleware\\ConvertEmptyStringsToNull->handle(Object(Illuminate\\Http\\Request), Object(Closure))
#85 D:\\qixer\\@core\\vendor\\laravel\\framework\\src\\Illuminate\\Foundation\\Http\\Middleware\\TransformsRequest.php(21): Illuminate\\Pipeline\\Pipeline->Illuminate\\Pipeline\\{closure}(Object(Illuminate\\Http\\Request))
#86 D:\\qixer\\@core\\vendor\\laravel\\framework\\src\\Illuminate\\Foundation\\Http\\Middleware\\TrimStrings.php(40): Illuminate\\Foundation\\Http\\Middleware\\TransformsRequest->handle(Object(Illuminate\\Http\\Request), Object(Closure))
#87 D:\\qixer\\@core\\vendor\\laravel\\framework\\src\\Illuminate\\Pipeline\\Pipeline.php(183): Illuminate\\Foundation\\Http\\Middleware\\TrimStrings->handle(Object(Illuminate\\Http\\Request), Object(Closure))
#88 D:\\qixer\\@core\\vendor\\laravel\\framework\\src\\Illuminate\\Foundation\\Http\\Middleware\\ValidatePostSize.php(27): Illuminate\\Pipeline\\Pipeline->Illuminate\\Pipeline\\{closure}(Object(Illuminate\\Http\\Request))
#89 D:\\qixer\\@core\\vendor\\laravel\\framework\\src\\Illuminate\\Pipeline\\Pipeline.php(183): Illuminate\\Foundation\\Http\\Middleware\\ValidatePostSize->handle(Object(Illuminate\\Http\\Request), Object(Closure))
#90 D:\\qixer\\@core\\vendor\\laravel\\framework\\src\\Illuminate\\Foundation\\Http\\Middleware\\PreventRequestsDuringMaintenance.php(99): Illuminate\\Pipeline\\Pipeline->Illuminate\\Pipeline\\{closure}(Object(Illuminate\\Http\\Request))
#91 D:\\qixer\\@core\\vendor\\laravel\\framework\\src\\Illuminate\\Pipeline\\Pipeline.php(183): Illuminate\\Foundation\\Http\\Middleware\\PreventRequestsDuringMaintenance->handle(Object(Illuminate\\Http\\Request), Object(Closure))
#92 D:\\qixer\\@core\\vendor\\laravel\\framework\\src\\Illuminate\\Http\\Middleware\\TrustProxies.php(39): Illuminate\\Pipeline\\Pipeline->Illuminate\\Pipeline\\{closure}(Object(Illuminate\\Http\\Request))
#93 D:\\qixer\\@core\\vendor\\laravel\\framework\\src\\Illuminate\\Pipeline\\Pipeline.php(183): Illuminate\\Http\\Middleware\\TrustProxies->handle(Object(Illuminate\\Http\\Request), Object(Closure))
#94 D:\\qixer\\@core\\vendor\\laravel\\framework\\src\\Illuminate\\Pipeline\\Pipeline.php(119): Illuminate\\Pipeline\\Pipeline->Illuminate\\Pipeline\\{closure}(Object(Illuminate\\Http\\Request))
#95 D:\\qixer\\@core\\vendor\\laravel\\framework\\src\\Illuminate\\Foundation\\Http\\Kernel.php(175): Illuminate\\Pipeline\\Pipeline->then(Object(Closure))
#96 D:\\qixer\\@core\\vendor\\laravel\\framework\\src\\Illuminate\\Foundation\\Http\\Kernel.php(144): Illuminate\\Foundation\\Http\\Kernel->sendRequestThroughRouter(Object(Illuminate\\Http\\Request))
#97 D:\\qixer\\index.php(54): Illuminate\\Foundation\\Http\\Kernel->handle(Object(Illuminate\\Http\\Request))
#98 {main}
"} 
[2025-02-24 19:35:30] local.INFO:   
[2025-02-24 19:35:31] local.INFO:   
[2025-02-24 19:35:31] local.INFO:   
[2025-02-24 19:35:32] local.INFO:   
[2025-02-24 19:35:32] local.INFO:   
[2025-02-24 19:35:33] local.INFO:   
[2025-02-24 19:35:33] local.INFO:   
[2025-02-24 19:35:34] local.INFO:   
[2025-02-24 19:36:13] local.ERROR: Trait "Spatie\Translatable\HasTranslations" not found {"exception":"[object] (Symfony\\Component\\ErrorHandler\\Error\\FatalError(code: 0): Trait \"Spatie\\Translatable\\HasTranslations\" not found at D:\\qixer\\@core\\app\\GalleryCategory.php:9)
[stacktrace]
#0 {main}
"} 
[2025-02-24 19:37:13] local.ERROR: Trait "Spatie\Translatable\HasTranslations" not found {"exception":"[object] (Symfony\\Component\\ErrorHandler\\Error\\FatalError(code: 0): Trait \"Spatie\\Translatable\\HasTranslations\" not found at D:\\qixer\\@core\\app\\GalleryCategory.php:9)
[stacktrace]
#0 {main}
"} 
[2025-02-24 19:38:14] local.ERROR: Trait "Spatie\Translatable\HasTranslations" not found {"exception":"[object] (Symfony\\Component\\ErrorHandler\\Error\\FatalError(code: 0): Trait \"Spatie\\Translatable\\HasTranslations\" not found at D:\\qixer\\@core\\app\\GalleryCategory.php:9)
[stacktrace]
#0 {main}
"} 
[2025-02-24 19:39:13] local.ERROR: Trait "Spatie\Translatable\HasTranslations" not found {"exception":"[object] (Symfony\\Component\\ErrorHandler\\Error\\FatalError(code: 0): Trait \"Spatie\\Translatable\\HasTranslations\" not found at D:\\qixer\\@core\\app\\GalleryCategory.php:9)
[stacktrace]
#0 {main}
"} 
[2025-02-24 19:40:12] local.ERROR: Trait "Spatie\Translatable\HasTranslations" not found {"exception":"[object] (Symfony\\Component\\ErrorHandler\\Error\\FatalError(code: 0): Trait \"Spatie\\Translatable\\HasTranslations\" not found at D:\\qixer\\@core\\app\\GalleryCategory.php:9)
[stacktrace]
#0 {main}
"} 
[2025-02-24 19:41:13] local.ERROR: Trait "Spatie\Translatable\HasTranslations" not found {"exception":"[object] (Symfony\\Component\\ErrorHandler\\Error\\FatalError(code: 0): Trait \"Spatie\\Translatable\\HasTranslations\" not found at D:\\qixer\\@core\\app\\GalleryCategory.php:9)
[stacktrace]
#0 {main}
"} 
[2025-02-24 19:42:13] local.ERROR: Trait "Spatie\Translatable\HasTranslations" not found {"exception":"[object] (Symfony\\Component\\ErrorHandler\\Error\\FatalError(code: 0): Trait \"Spatie\\Translatable\\HasTranslations\" not found at D:\\qixer\\@core\\app\\GalleryCategory.php:9)
[stacktrace]
#0 {main}
"} 
[2025-02-24 19:43:13] local.ERROR: Trait "Spatie\Translatable\HasTranslations" not found {"exception":"[object] (Symfony\\Component\\ErrorHandler\\Error\\FatalError(code: 0): Trait \"Spatie\\Translatable\\HasTranslations\" not found at D:\\qixer\\@core\\app\\GalleryCategory.php:9)
[stacktrace]
#0 {main}
"} 
[2025-02-24 19:44:12] local.ERROR: Trait "Spatie\Translatable\HasTranslations" not found {"exception":"[object] (Symfony\\Component\\ErrorHandler\\Error\\FatalError(code: 0): Trait \"Spatie\\Translatable\\HasTranslations\" not found at D:\\qixer\\@core\\app\\GalleryCategory.php:9)
[stacktrace]
#0 {main}
"} 
[2025-02-24 19:45:12] local.ERROR: Trait "Spatie\Translatable\HasTranslations" not found {"exception":"[object] (Symfony\\Component\\ErrorHandler\\Error\\FatalError(code: 0): Trait \"Spatie\\Translatable\\HasTranslations\" not found at D:\\qixer\\@core\\app\\GalleryCategory.php:9)
[stacktrace]
#0 {main}
"} 
[2025-02-24 19:46:12] local.ERROR: Trait "Spatie\Translatable\HasTranslations" not found {"exception":"[object] (Symfony\\Component\\ErrorHandler\\Error\\FatalError(code: 0): Trait \"Spatie\\Translatable\\HasTranslations\" not found at D:\\qixer\\@core\\app\\GalleryCategory.php:9)
[stacktrace]
#0 {main}
"} 
[2025-02-24 19:47:13] local.ERROR: Trait "Spatie\Translatable\HasTranslations" not found {"exception":"[object] (Symfony\\Component\\ErrorHandler\\Error\\FatalError(code: 0): Trait \"Spatie\\Translatable\\HasTranslations\" not found at D:\\qixer\\@core\\app\\GalleryCategory.php:9)
[stacktrace]
#0 {main}
"} 
[2025-02-24 19:48:13] local.ERROR: Trait "Spatie\Translatable\HasTranslations" not found {"exception":"[object] (Symfony\\Component\\ErrorHandler\\Error\\FatalError(code: 0): Trait \"Spatie\\Translatable\\HasTranslations\" not found at D:\\qixer\\@core\\app\\GalleryCategory.php:9)
[stacktrace]
#0 {main}
"} 
[2025-02-24 19:49:13] local.ERROR: Trait "Spatie\Translatable\HasTranslations" not found {"exception":"[object] (Symfony\\Component\\ErrorHandler\\Error\\FatalError(code: 0): Trait \"Spatie\\Translatable\\HasTranslations\" not found at D:\\qixer\\@core\\app\\GalleryCategory.php:9)
[stacktrace]
#0 {main}
"} 
[2025-02-24 19:50:13] local.ERROR: Trait "Spatie\Translatable\HasTranslations" not found {"exception":"[object] (Symfony\\Component\\ErrorHandler\\Error\\FatalError(code: 0): Trait \"Spatie\\Translatable\\HasTranslations\" not found at D:\\qixer\\@core\\app\\GalleryCategory.php:9)
[stacktrace]
#0 {main}
"} 
[2025-02-24 19:51:13] local.ERROR: Trait "Spatie\Translatable\HasTranslations" not found {"exception":"[object] (Symfony\\Component\\ErrorHandler\\Error\\FatalError(code: 0): Trait \"Spatie\\Translatable\\HasTranslations\" not found at D:\\qixer\\@core\\app\\GalleryCategory.php:9)
[stacktrace]
#0 {main}
"} 
[2025-02-24 19:52:13] local.ERROR: Trait "Spatie\Translatable\HasTranslations" not found {"exception":"[object] (Symfony\\Component\\ErrorHandler\\Error\\FatalError(code: 0): Trait \"Spatie\\Translatable\\HasTranslations\" not found at D:\\qixer\\@core\\app\\GalleryCategory.php:9)
[stacktrace]
#0 {main}
"} 
[2025-02-24 19:53:13] local.ERROR: Trait "Spatie\Translatable\HasTranslations" not found {"exception":"[object] (Symfony\\Component\\ErrorHandler\\Error\\FatalError(code: 0): Trait \"Spatie\\Translatable\\HasTranslations\" not found at D:\\qixer\\@core\\app\\GalleryCategory.php:9)
[stacktrace]
#0 {main}
"} 
[2025-02-24 19:54:13] local.ERROR: Trait "Spatie\Translatable\HasTranslations" not found {"exception":"[object] (Symfony\\Component\\ErrorHandler\\Error\\FatalError(code: 0): Trait \"Spatie\\Translatable\\HasTranslations\" not found at D:\\qixer\\@core\\app\\GalleryCategory.php:9)
[stacktrace]
#0 {main}
"} 
[2025-02-24 19:55:13] local.ERROR: Trait "Spatie\Translatable\HasTranslations" not found {"exception":"[object] (Symfony\\Component\\ErrorHandler\\Error\\FatalError(code: 0): Trait \"Spatie\\Translatable\\HasTranslations\" not found at D:\\qixer\\@core\\app\\GalleryCategory.php:9)
[stacktrace]
#0 {main}
"} 
[2025-02-24 19:56:13] local.ERROR: Trait "Spatie\Translatable\HasTranslations" not found {"exception":"[object] (Symfony\\Component\\ErrorHandler\\Error\\FatalError(code: 0): Trait \"Spatie\\Translatable\\HasTranslations\" not found at D:\\qixer\\@core\\app\\GalleryCategory.php:9)
[stacktrace]
#0 {main}
"} 
[2025-02-24 19:57:13] local.ERROR: Trait "Spatie\Translatable\HasTranslations" not found {"exception":"[object] (Symfony\\Component\\ErrorHandler\\Error\\FatalError(code: 0): Trait \"Spatie\\Translatable\\HasTranslations\" not found at D:\\qixer\\@core\\app\\GalleryCategory.php:9)
[stacktrace]
#0 {main}
"} 
[2025-02-24 19:58:49] local.ERROR: Trait "Spatie\Translatable\HasTranslations" not found {"exception":"[object] (Symfony\\Component\\ErrorHandler\\Error\\FatalError(code: 0): Trait \"Spatie\\Translatable\\HasTranslations\" not found at D:\\qixer\\@core\\app\\GalleryCategory.php:9)
[stacktrace]
#0 {main}
"} 
[2025-02-24 19:59:13] local.ERROR: Trait "Spatie\Translatable\HasTranslations" not found {"exception":"[object] (Symfony\\Component\\ErrorHandler\\Error\\FatalError(code: 0): Trait \"Spatie\\Translatable\\HasTranslations\" not found at D:\\qixer\\@core\\app\\GalleryCategory.php:9)
[stacktrace]
#0 {main}
"} 
[2025-02-24 20:00:13] local.ERROR: Trait "Spatie\Translatable\HasTranslations" not found {"exception":"[object] (Symfony\\Component\\ErrorHandler\\Error\\FatalError(code: 0): Trait \"Spatie\\Translatable\\HasTranslations\" not found at D:\\qixer\\@core\\app\\GalleryCategory.php:9)
[stacktrace]
#0 {main}
"} 
[2025-02-24 20:01:14] local.ERROR: Trait "Spatie\Translatable\HasTranslations" not found {"exception":"[object] (Symfony\\Component\\ErrorHandler\\Error\\FatalError(code: 0): Trait \"Spatie\\Translatable\\HasTranslations\" not found at D:\\qixer\\@core\\app\\GalleryCategory.php:9)
[stacktrace]
#0 {main}
"} 
[2025-02-24 20:02:14] local.ERROR: Trait "Spatie\Translatable\HasTranslations" not found {"exception":"[object] (Symfony\\Component\\ErrorHandler\\Error\\FatalError(code: 0): Trait \"Spatie\\Translatable\\HasTranslations\" not found at D:\\qixer\\@core\\app\\GalleryCategory.php:9)
[stacktrace]
#0 {main}
"} 
[2025-02-24 20:03:14] local.ERROR: Trait "Spatie\Translatable\HasTranslations" not found {"exception":"[object] (Symfony\\Component\\ErrorHandler\\Error\\FatalError(code: 0): Trait \"Spatie\\Translatable\\HasTranslations\" not found at D:\\qixer\\@core\\app\\GalleryCategory.php:9)
[stacktrace]
#0 {main}
"} 
[2025-02-24 20:04:13] local.ERROR: Trait "Spatie\Translatable\HasTranslations" not found {"exception":"[object] (Symfony\\Component\\ErrorHandler\\Error\\FatalError(code: 0): Trait \"Spatie\\Translatable\\HasTranslations\" not found at D:\\qixer\\@core\\app\\GalleryCategory.php:9)
[stacktrace]
#0 {main}
"} 
[2025-02-24 20:05:14] local.ERROR: Trait "Spatie\Translatable\HasTranslations" not found {"exception":"[object] (Symfony\\Component\\ErrorHandler\\Error\\FatalError(code: 0): Trait \"Spatie\\Translatable\\HasTranslations\" not found at D:\\qixer\\@core\\app\\GalleryCategory.php:9)
[stacktrace]
#0 {main}
"} 
[2025-02-24 20:06:13] local.ERROR: Trait "Spatie\Translatable\HasTranslations" not found {"exception":"[object] (Symfony\\Component\\ErrorHandler\\Error\\FatalError(code: 0): Trait \"Spatie\\Translatable\\HasTranslations\" not found at D:\\qixer\\@core\\app\\GalleryCategory.php:9)
[stacktrace]
#0 {main}
"} 
[2025-02-24 20:07:14] local.ERROR: Trait "Spatie\Translatable\HasTranslations" not found {"exception":"[object] (Symfony\\Component\\ErrorHandler\\Error\\FatalError(code: 0): Trait \"Spatie\\Translatable\\HasTranslations\" not found at D:\\qixer\\@core\\app\\GalleryCategory.php:9)
[stacktrace]
#0 {main}
"} 
[2025-02-24 20:08:13] local.ERROR: Trait "Spatie\Translatable\HasTranslations" not found {"exception":"[object] (Symfony\\Component\\ErrorHandler\\Error\\FatalError(code: 0): Trait \"Spatie\\Translatable\\HasTranslations\" not found at D:\\qixer\\@core\\app\\GalleryCategory.php:9)
[stacktrace]
#0 {main}
"} 
[2025-02-24 20:09:14] local.ERROR: Trait "Spatie\Translatable\HasTranslations" not found {"exception":"[object] (Symfony\\Component\\ErrorHandler\\Error\\FatalError(code: 0): Trait \"Spatie\\Translatable\\HasTranslations\" not found at D:\\qixer\\@core\\app\\GalleryCategory.php:9)
[stacktrace]
#0 {main}
"} 
[2025-02-24 20:10:14] local.ERROR: Trait "Spatie\Translatable\HasTranslations" not found {"exception":"[object] (Symfony\\Component\\ErrorHandler\\Error\\FatalError(code: 0): Trait \"Spatie\\Translatable\\HasTranslations\" not found at D:\\qixer\\@core\\app\\GalleryCategory.php:9)
[stacktrace]
#0 {main}
"} 
[2025-02-24 20:11:14] local.ERROR: Trait "Spatie\Translatable\HasTranslations" not found {"exception":"[object] (Symfony\\Component\\ErrorHandler\\Error\\FatalError(code: 0): Trait \"Spatie\\Translatable\\HasTranslations\" not found at D:\\qixer\\@core\\app\\GalleryCategory.php:9)
[stacktrace]
#0 {main}
"} 
[2025-02-24 20:12:14] local.ERROR: Trait "Spatie\Translatable\HasTranslations" not found {"exception":"[object] (Symfony\\Component\\ErrorHandler\\Error\\FatalError(code: 0): Trait \"Spatie\\Translatable\\HasTranslations\" not found at D:\\qixer\\@core\\app\\GalleryCategory.php:9)
[stacktrace]
#0 {main}
"} 
[2025-02-24 20:13:14] local.ERROR: Trait "Spatie\Translatable\HasTranslations" not found {"exception":"[object] (Symfony\\Component\\ErrorHandler\\Error\\FatalError(code: 0): Trait \"Spatie\\Translatable\\HasTranslations\" not found at D:\\qixer\\@core\\app\\GalleryCategory.php:9)
[stacktrace]
#0 {main}
"} 
[2025-02-24 20:14:14] local.ERROR: Trait "Spatie\Translatable\HasTranslations" not found {"exception":"[object] (Symfony\\Component\\ErrorHandler\\Error\\FatalError(code: 0): Trait \"Spatie\\Translatable\\HasTranslations\" not found at D:\\qixer\\@core\\app\\GalleryCategory.php:9)
[stacktrace]
#0 {main}
"} 
[2025-02-24 20:15:14] local.ERROR: Trait "Spatie\Translatable\HasTranslations" not found {"exception":"[object] (Symfony\\Component\\ErrorHandler\\Error\\FatalError(code: 0): Trait \"Spatie\\Translatable\\HasTranslations\" not found at D:\\qixer\\@core\\app\\GalleryCategory.php:9)
[stacktrace]
#0 {main}
"} 
[2025-02-24 20:16:14] local.ERROR: Trait "Spatie\Translatable\HasTranslations" not found {"exception":"[object] (Symfony\\Component\\ErrorHandler\\Error\\FatalError(code: 0): Trait \"Spatie\\Translatable\\HasTranslations\" not found at D:\\qixer\\@core\\app\\GalleryCategory.php:9)
[stacktrace]
#0 {main}
"} 
[2025-02-24 20:17:14] local.ERROR: Trait "Spatie\Translatable\HasTranslations" not found {"exception":"[object] (Symfony\\Component\\ErrorHandler\\Error\\FatalError(code: 0): Trait \"Spatie\\Translatable\\HasTranslations\" not found at D:\\qixer\\@core\\app\\GalleryCategory.php:9)
[stacktrace]
#0 {main}
"} 
[2025-02-24 20:18:14] local.ERROR: Trait "Spatie\Translatable\HasTranslations" not found {"exception":"[object] (Symfony\\Component\\ErrorHandler\\Error\\FatalError(code: 0): Trait \"Spatie\\Translatable\\HasTranslations\" not found at D:\\qixer\\@core\\app\\GalleryCategory.php:9)
[stacktrace]
#0 {main}
"} 
[2025-02-24 20:19:14] local.ERROR: Trait "Spatie\Translatable\HasTranslations" not found {"exception":"[object] (Symfony\\Component\\ErrorHandler\\Error\\FatalError(code: 0): Trait \"Spatie\\Translatable\\HasTranslations\" not found at D:\\qixer\\@core\\app\\GalleryCategory.php:9)
[stacktrace]
#0 {main}
"} 
[2025-02-24 20:20:14] local.ERROR: Trait "Spatie\Translatable\HasTranslations" not found {"exception":"[object] (Symfony\\Component\\ErrorHandler\\Error\\FatalError(code: 0): Trait \"Spatie\\Translatable\\HasTranslations\" not found at D:\\qixer\\@core\\app\\GalleryCategory.php:9)
[stacktrace]
#0 {main}
"} 
[2025-02-24 20:21:14] local.ERROR: Trait "Spatie\Translatable\HasTranslations" not found {"exception":"[object] (Symfony\\Component\\ErrorHandler\\Error\\FatalError(code: 0): Trait \"Spatie\\Translatable\\HasTranslations\" not found at D:\\qixer\\@core\\app\\GalleryCategory.php:9)
[stacktrace]
#0 {main}
"} 
[2025-02-24 20:22:14] local.ERROR: Trait "Spatie\Translatable\HasTranslations" not found {"exception":"[object] (Symfony\\Component\\ErrorHandler\\Error\\FatalError(code: 0): Trait \"Spatie\\Translatable\\HasTranslations\" not found at D:\\qixer\\@core\\app\\GalleryCategory.php:9)
[stacktrace]
#0 {main}
"} 
[2025-02-24 20:23:14] local.ERROR: Trait "Spatie\Translatable\HasTranslations" not found {"exception":"[object] (Symfony\\Component\\ErrorHandler\\Error\\FatalError(code: 0): Trait \"Spatie\\Translatable\\HasTranslations\" not found at D:\\qixer\\@core\\app\\GalleryCategory.php:9)
[stacktrace]
#0 {main}
"} 
[2025-02-24 20:24:14] local.ERROR: Trait "Spatie\Translatable\HasTranslations" not found {"exception":"[object] (Symfony\\Component\\ErrorHandler\\Error\\FatalError(code: 0): Trait \"Spatie\\Translatable\\HasTranslations\" not found at D:\\qixer\\@core\\app\\GalleryCategory.php:9)
[stacktrace]
#0 {main}
"} 
[2025-02-24 20:25:14] local.ERROR: Trait "Spatie\Translatable\HasTranslations" not found {"exception":"[object] (Symfony\\Component\\ErrorHandler\\Error\\FatalError(code: 0): Trait \"Spatie\\Translatable\\HasTranslations\" not found at D:\\qixer\\@core\\app\\GalleryCategory.php:9)
[stacktrace]
#0 {main}
"} 
[2025-02-24 20:26:14] local.ERROR: Trait "Spatie\Translatable\HasTranslations" not found {"exception":"[object] (Symfony\\Component\\ErrorHandler\\Error\\FatalError(code: 0): Trait \"Spatie\\Translatable\\HasTranslations\" not found at D:\\qixer\\@core\\app\\GalleryCategory.php:9)
[stacktrace]
#0 {main}
"} 
[2025-02-24 20:27:14] local.ERROR: Trait "Spatie\Translatable\HasTranslations" not found {"exception":"[object] (Symfony\\Component\\ErrorHandler\\Error\\FatalError(code: 0): Trait \"Spatie\\Translatable\\HasTranslations\" not found at D:\\qixer\\@core\\app\\GalleryCategory.php:9)
[stacktrace]
#0 {main}
"} 
[2025-02-24 20:28:14] local.ERROR: Trait "Spatie\Translatable\HasTranslations" not found {"exception":"[object] (Symfony\\Component\\ErrorHandler\\Error\\FatalError(code: 0): Trait \"Spatie\\Translatable\\HasTranslations\" not found at D:\\qixer\\@core\\app\\GalleryCategory.php:9)
[stacktrace]
#0 {main}
"} 
[2025-02-24 20:29:14] local.ERROR: Trait "Spatie\Translatable\HasTranslations" not found {"exception":"[object] (Symfony\\Component\\ErrorHandler\\Error\\FatalError(code: 0): Trait \"Spatie\\Translatable\\HasTranslations\" not found at D:\\qixer\\@core\\app\\GalleryCategory.php:9)
[stacktrace]
#0 {main}
"} 
[2025-02-24 20:30:14] local.ERROR: Trait "Spatie\Translatable\HasTranslations" not found {"exception":"[object] (Symfony\\Component\\ErrorHandler\\Error\\FatalError(code: 0): Trait \"Spatie\\Translatable\\HasTranslations\" not found at D:\\qixer\\@core\\app\\GalleryCategory.php:9)
[stacktrace]
#0 {main}
"} 
[2025-02-24 20:31:14] local.ERROR: Trait "Spatie\Translatable\HasTranslations" not found {"exception":"[object] (Symfony\\Component\\ErrorHandler\\Error\\FatalError(code: 0): Trait \"Spatie\\Translatable\\HasTranslations\" not found at D:\\qixer\\@core\\app\\GalleryCategory.php:9)
[stacktrace]
#0 {main}
"} 
[2025-02-24 20:32:14] local.ERROR: Trait "Spatie\Translatable\HasTranslations" not found {"exception":"[object] (Symfony\\Component\\ErrorHandler\\Error\\FatalError(code: 0): Trait \"Spatie\\Translatable\\HasTranslations\" not found at D:\\qixer\\@core\\app\\GalleryCategory.php:9)
[stacktrace]
#0 {main}
"} 
[2025-02-24 20:33:14] local.ERROR: Trait "Spatie\Translatable\HasTranslations" not found {"exception":"[object] (Symfony\\Component\\ErrorHandler\\Error\\FatalError(code: 0): Trait \"Spatie\\Translatable\\HasTranslations\" not found at D:\\qixer\\@core\\app\\GalleryCategory.php:9)
[stacktrace]
#0 {main}
"} 
[2025-02-24 20:34:14] local.ERROR: Trait "Spatie\Translatable\HasTranslations" not found {"exception":"[object] (Symfony\\Component\\ErrorHandler\\Error\\FatalError(code: 0): Trait \"Spatie\\Translatable\\HasTranslations\" not found at D:\\qixer\\@core\\app\\GalleryCategory.php:9)
[stacktrace]
#0 {main}
"} 
[2025-02-24 20:35:14] local.ERROR: Trait "Spatie\Translatable\HasTranslations" not found {"exception":"[object] (Symfony\\Component\\ErrorHandler\\Error\\FatalError(code: 0): Trait \"Spatie\\Translatable\\HasTranslations\" not found at D:\\qixer\\@core\\app\\GalleryCategory.php:9)
[stacktrace]
#0 {main}
"} 
[2025-02-24 20:36:14] local.ERROR: Trait "Spatie\Translatable\HasTranslations" not found {"exception":"[object] (Symfony\\Component\\ErrorHandler\\Error\\FatalError(code: 0): Trait \"Spatie\\Translatable\\HasTranslations\" not found at D:\\qixer\\@core\\app\\GalleryCategory.php:9)
[stacktrace]
#0 {main}
"} 
[2025-02-24 20:37:14] local.ERROR: Trait "Spatie\Translatable\HasTranslations" not found {"exception":"[object] (Symfony\\Component\\ErrorHandler\\Error\\FatalError(code: 0): Trait \"Spatie\\Translatable\\HasTranslations\" not found at D:\\qixer\\@core\\app\\GalleryCategory.php:9)
[stacktrace]
#0 {main}
"} 
[2025-02-24 20:38:14] local.ERROR: Trait "Spatie\Translatable\HasTranslations" not found {"exception":"[object] (Symfony\\Component\\ErrorHandler\\Error\\FatalError(code: 0): Trait \"Spatie\\Translatable\\HasTranslations\" not found at D:\\qixer\\@core\\app\\GalleryCategory.php:9)
[stacktrace]
#0 {main}
"} 
[2025-02-24 20:39:14] local.ERROR: Trait "Spatie\Translatable\HasTranslations" not found {"exception":"[object] (Symfony\\Component\\ErrorHandler\\Error\\FatalError(code: 0): Trait \"Spatie\\Translatable\\HasTranslations\" not found at D:\\qixer\\@core\\app\\GalleryCategory.php:9)
[stacktrace]
#0 {main}
"} 
[2025-02-24 20:40:14] local.ERROR: Trait "Spatie\Translatable\HasTranslations" not found {"exception":"[object] (Symfony\\Component\\ErrorHandler\\Error\\FatalError(code: 0): Trait \"Spatie\\Translatable\\HasTranslations\" not found at D:\\qixer\\@core\\app\\GalleryCategory.php:9)
[stacktrace]
#0 {main}
"} 
[2025-02-24 20:41:14] local.ERROR: Trait "Spatie\Translatable\HasTranslations" not found {"exception":"[object] (Symfony\\Component\\ErrorHandler\\Error\\FatalError(code: 0): Trait \"Spatie\\Translatable\\HasTranslations\" not found at D:\\qixer\\@core\\app\\GalleryCategory.php:9)
[stacktrace]
#0 {main}
"} 
[2025-02-24 20:42:14] local.ERROR: Trait "Spatie\Translatable\HasTranslations" not found {"exception":"[object] (Symfony\\Component\\ErrorHandler\\Error\\FatalError(code: 0): Trait \"Spatie\\Translatable\\HasTranslations\" not found at D:\\qixer\\@core\\app\\GalleryCategory.php:9)
[stacktrace]
#0 {main}
"} 
[2025-02-24 20:43:14] local.ERROR: Trait "Spatie\Translatable\HasTranslations" not found {"exception":"[object] (Symfony\\Component\\ErrorHandler\\Error\\FatalError(code: 0): Trait \"Spatie\\Translatable\\HasTranslations\" not found at D:\\qixer\\@core\\app\\GalleryCategory.php:9)
[stacktrace]
#0 {main}
"} 
[2025-02-24 20:44:14] local.ERROR: Trait "Spatie\Translatable\HasTranslations" not found {"exception":"[object] (Symfony\\Component\\ErrorHandler\\Error\\FatalError(code: 0): Trait \"Spatie\\Translatable\\HasTranslations\" not found at D:\\qixer\\@core\\app\\GalleryCategory.php:9)
[stacktrace]
#0 {main}
"} 
[2025-02-24 20:45:14] local.ERROR: Trait "Spatie\Translatable\HasTranslations" not found {"exception":"[object] (Symfony\\Component\\ErrorHandler\\Error\\FatalError(code: 0): Trait \"Spatie\\Translatable\\HasTranslations\" not found at D:\\qixer\\@core\\app\\GalleryCategory.php:9)
[stacktrace]
#0 {main}
"} 
[2025-02-24 20:46:14] local.ERROR: Trait "Spatie\Translatable\HasTranslations" not found {"exception":"[object] (Symfony\\Component\\ErrorHandler\\Error\\FatalError(code: 0): Trait \"Spatie\\Translatable\\HasTranslations\" not found at D:\\qixer\\@core\\app\\GalleryCategory.php:9)
[stacktrace]
#0 {main}
"} 
[2025-02-24 20:47:14] local.ERROR: Trait "Spatie\Translatable\HasTranslations" not found {"exception":"[object] (Symfony\\Component\\ErrorHandler\\Error\\FatalError(code: 0): Trait \"Spatie\\Translatable\\HasTranslations\" not found at D:\\qixer\\@core\\app\\GalleryCategory.php:9)
[stacktrace]
#0 {main}
"} 
[2025-02-24 20:48:14] local.ERROR: Trait "Spatie\Translatable\HasTranslations" not found {"exception":"[object] (Symfony\\Component\\ErrorHandler\\Error\\FatalError(code: 0): Trait \"Spatie\\Translatable\\HasTranslations\" not found at D:\\qixer\\@core\\app\\GalleryCategory.php:9)
[stacktrace]
#0 {main}
"} 
[2025-02-24 20:49:14] local.ERROR: Trait "Spatie\Translatable\HasTranslations" not found {"exception":"[object] (Symfony\\Component\\ErrorHandler\\Error\\FatalError(code: 0): Trait \"Spatie\\Translatable\\HasTranslations\" not found at D:\\qixer\\@core\\app\\GalleryCategory.php:9)
[stacktrace]
#0 {main}
"} 
[2025-02-24 20:50:14] local.ERROR: Trait "Spatie\Translatable\HasTranslations" not found {"exception":"[object] (Symfony\\Component\\ErrorHandler\\Error\\FatalError(code: 0): Trait \"Spatie\\Translatable\\HasTranslations\" not found at D:\\qixer\\@core\\app\\GalleryCategory.php:9)
[stacktrace]
#0 {main}
"} 
[2025-02-24 20:51:14] local.ERROR: Trait "Spatie\Translatable\HasTranslations" not found {"exception":"[object] (Symfony\\Component\\ErrorHandler\\Error\\FatalError(code: 0): Trait \"Spatie\\Translatable\\HasTranslations\" not found at D:\\qixer\\@core\\app\\GalleryCategory.php:9)
[stacktrace]
#0 {main}
"} 
[2025-02-24 20:52:14] local.ERROR: Trait "Spatie\Translatable\HasTranslations" not found {"exception":"[object] (Symfony\\Component\\ErrorHandler\\Error\\FatalError(code: 0): Trait \"Spatie\\Translatable\\HasTranslations\" not found at D:\\qixer\\@core\\app\\GalleryCategory.php:9)
[stacktrace]
#0 {main}
"} 
[2025-02-24 20:53:14] local.ERROR: Trait "Spatie\Translatable\HasTranslations" not found {"exception":"[object] (Symfony\\Component\\ErrorHandler\\Error\\FatalError(code: 0): Trait \"Spatie\\Translatable\\HasTranslations\" not found at D:\\qixer\\@core\\app\\GalleryCategory.php:9)
[stacktrace]
#0 {main}
"} 
[2025-02-24 20:54:14] local.ERROR: Trait "Spatie\Translatable\HasTranslations" not found {"exception":"[object] (Symfony\\Component\\ErrorHandler\\Error\\FatalError(code: 0): Trait \"Spatie\\Translatable\\HasTranslations\" not found at D:\\qixer\\@core\\app\\GalleryCategory.php:9)
[stacktrace]
#0 {main}
"} 
[2025-02-24 20:55:14] local.ERROR: Trait "Spatie\Translatable\HasTranslations" not found {"exception":"[object] (Symfony\\Component\\ErrorHandler\\Error\\FatalError(code: 0): Trait \"Spatie\\Translatable\\HasTranslations\" not found at D:\\qixer\\@core\\app\\GalleryCategory.php:9)
[stacktrace]
#0 {main}
"} 
[2025-02-24 20:56:14] local.ERROR: Trait "Spatie\Translatable\HasTranslations" not found {"exception":"[object] (Symfony\\Component\\ErrorHandler\\Error\\FatalError(code: 0): Trait \"Spatie\\Translatable\\HasTranslations\" not found at D:\\qixer\\@core\\app\\GalleryCategory.php:9)
[stacktrace]
#0 {main}
"} 
[2025-02-24 20:57:14] local.ERROR: Trait "Spatie\Translatable\HasTranslations" not found {"exception":"[object] (Symfony\\Component\\ErrorHandler\\Error\\FatalError(code: 0): Trait \"Spatie\\Translatable\\HasTranslations\" not found at D:\\qixer\\@core\\app\\GalleryCategory.php:9)
[stacktrace]
#0 {main}
"} 
[2025-02-24 20:58:14] local.ERROR: Trait "Spatie\Translatable\HasTranslations" not found {"exception":"[object] (Symfony\\Component\\ErrorHandler\\Error\\FatalError(code: 0): Trait \"Spatie\\Translatable\\HasTranslations\" not found at D:\\qixer\\@core\\app\\GalleryCategory.php:9)
[stacktrace]
#0 {main}
"} 
[2025-02-24 20:59:14] local.ERROR: Trait "Spatie\Translatable\HasTranslations" not found {"exception":"[object] (Symfony\\Component\\ErrorHandler\\Error\\FatalError(code: 0): Trait \"Spatie\\Translatable\\HasTranslations\" not found at D:\\qixer\\@core\\app\\GalleryCategory.php:9)
[stacktrace]
#0 {main}
"} 
[2025-02-24 21:00:14] local.ERROR: Trait "Spatie\Translatable\HasTranslations" not found {"exception":"[object] (Symfony\\Component\\ErrorHandler\\Error\\FatalError(code: 0): Trait \"Spatie\\Translatable\\HasTranslations\" not found at D:\\qixer\\@core\\app\\GalleryCategory.php:9)
[stacktrace]
#0 {main}
"} 
[2025-02-24 21:01:14] local.ERROR: Trait "Spatie\Translatable\HasTranslations" not found {"exception":"[object] (Symfony\\Component\\ErrorHandler\\Error\\FatalError(code: 0): Trait \"Spatie\\Translatable\\HasTranslations\" not found at D:\\qixer\\@core\\app\\GalleryCategory.php:9)
[stacktrace]
#0 {main}
"} 
[2025-02-24 21:02:14] local.ERROR: Trait "Spatie\Translatable\HasTranslations" not found {"exception":"[object] (Symfony\\Component\\ErrorHandler\\Error\\FatalError(code: 0): Trait \"Spatie\\Translatable\\HasTranslations\" not found at D:\\qixer\\@core\\app\\GalleryCategory.php:9)
[stacktrace]
#0 {main}
"} 
[2025-02-24 21:03:14] local.ERROR: Trait "Spatie\Translatable\HasTranslations" not found {"exception":"[object] (Symfony\\Component\\ErrorHandler\\Error\\FatalError(code: 0): Trait \"Spatie\\Translatable\\HasTranslations\" not found at D:\\qixer\\@core\\app\\GalleryCategory.php:9)
[stacktrace]
#0 {main}
"} 
[2025-02-24 21:04:14] local.ERROR: Trait "Spatie\Translatable\HasTranslations" not found {"exception":"[object] (Symfony\\Component\\ErrorHandler\\Error\\FatalError(code: 0): Trait \"Spatie\\Translatable\\HasTranslations\" not found at D:\\qixer\\@core\\app\\GalleryCategory.php:9)
[stacktrace]
#0 {main}
"} 
[2025-02-24 21:05:14] local.ERROR: Trait "Spatie\Translatable\HasTranslations" not found {"exception":"[object] (Symfony\\Component\\ErrorHandler\\Error\\FatalError(code: 0): Trait \"Spatie\\Translatable\\HasTranslations\" not found at D:\\qixer\\@core\\app\\GalleryCategory.php:9)
[stacktrace]
#0 {main}
"} 
[2025-02-24 21:06:14] local.ERROR: Trait "Spatie\Translatable\HasTranslations" not found {"exception":"[object] (Symfony\\Component\\ErrorHandler\\Error\\FatalError(code: 0): Trait \"Spatie\\Translatable\\HasTranslations\" not found at D:\\qixer\\@core\\app\\GalleryCategory.php:9)
[stacktrace]
#0 {main}
"} 
[2025-02-24 21:07:14] local.ERROR: Trait "Spatie\Translatable\HasTranslations" not found {"exception":"[object] (Symfony\\Component\\ErrorHandler\\Error\\FatalError(code: 0): Trait \"Spatie\\Translatable\\HasTranslations\" not found at D:\\qixer\\@core\\app\\GalleryCategory.php:9)
[stacktrace]
#0 {main}
"} 
[2025-02-24 21:08:14] local.ERROR: Trait "Spatie\Translatable\HasTranslations" not found {"exception":"[object] (Symfony\\Component\\ErrorHandler\\Error\\FatalError(code: 0): Trait \"Spatie\\Translatable\\HasTranslations\" not found at D:\\qixer\\@core\\app\\GalleryCategory.php:9)
[stacktrace]
#0 {main}
"} 
[2025-02-24 21:09:14] local.ERROR: Trait "Spatie\Translatable\HasTranslations" not found {"exception":"[object] (Symfony\\Component\\ErrorHandler\\Error\\FatalError(code: 0): Trait \"Spatie\\Translatable\\HasTranslations\" not found at D:\\qixer\\@core\\app\\GalleryCategory.php:9)
[stacktrace]
#0 {main}
"} 
[2025-02-24 21:10:14] local.ERROR: Trait "Spatie\Translatable\HasTranslations" not found {"exception":"[object] (Symfony\\Component\\ErrorHandler\\Error\\FatalError(code: 0): Trait \"Spatie\\Translatable\\HasTranslations\" not found at D:\\qixer\\@core\\app\\GalleryCategory.php:9)
[stacktrace]
#0 {main}
"} 
[2025-02-24 21:11:15] local.ERROR: Trait "Spatie\Translatable\HasTranslations" not found {"exception":"[object] (Symfony\\Component\\ErrorHandler\\Error\\FatalError(code: 0): Trait \"Spatie\\Translatable\\HasTranslations\" not found at D:\\qixer\\@core\\app\\GalleryCategory.php:9)
[stacktrace]
#0 {main}
"} 
[2025-02-24 21:12:14] local.ERROR: Trait "Spatie\Translatable\HasTranslations" not found {"exception":"[object] (Symfony\\Component\\ErrorHandler\\Error\\FatalError(code: 0): Trait \"Spatie\\Translatable\\HasTranslations\" not found at D:\\qixer\\@core\\app\\GalleryCategory.php:9)
[stacktrace]
#0 {main}
"} 
[2025-02-24 21:13:14] local.ERROR: Trait "Spatie\Translatable\HasTranslations" not found {"exception":"[object] (Symfony\\Component\\ErrorHandler\\Error\\FatalError(code: 0): Trait \"Spatie\\Translatable\\HasTranslations\" not found at D:\\qixer\\@core\\app\\GalleryCategory.php:9)
[stacktrace]
#0 {main}
"} 
[2025-02-24 21:14:14] local.ERROR: Trait "Spatie\Translatable\HasTranslations" not found {"exception":"[object] (Symfony\\Component\\ErrorHandler\\Error\\FatalError(code: 0): Trait \"Spatie\\Translatable\\HasTranslations\" not found at D:\\qixer\\@core\\app\\GalleryCategory.php:9)
[stacktrace]
#0 {main}
"} 
[2025-02-24 21:15:15] local.ERROR: Trait "Spatie\Translatable\HasTranslations" not found {"exception":"[object] (Symfony\\Component\\ErrorHandler\\Error\\FatalError(code: 0): Trait \"Spatie\\Translatable\\HasTranslations\" not found at D:\\qixer\\@core\\app\\GalleryCategory.php:9)
[stacktrace]
#0 {main}
"} 
[2025-02-24 21:16:14] local.ERROR: Trait "Spatie\Translatable\HasTranslations" not found {"exception":"[object] (Symfony\\Component\\ErrorHandler\\Error\\FatalError(code: 0): Trait \"Spatie\\Translatable\\HasTranslations\" not found at D:\\qixer\\@core\\app\\GalleryCategory.php:9)
[stacktrace]
#0 {main}
"} 
[2025-02-24 21:17:14] local.ERROR: Trait "Spatie\Translatable\HasTranslations" not found {"exception":"[object] (Symfony\\Component\\ErrorHandler\\Error\\FatalError(code: 0): Trait \"Spatie\\Translatable\\HasTranslations\" not found at D:\\qixer\\@core\\app\\GalleryCategory.php:9)
[stacktrace]
#0 {main}
"} 
[2025-02-24 21:18:14] local.ERROR: Trait "Spatie\Translatable\HasTranslations" not found {"exception":"[object] (Symfony\\Component\\ErrorHandler\\Error\\FatalError(code: 0): Trait \"Spatie\\Translatable\\HasTranslations\" not found at D:\\qixer\\@core\\app\\GalleryCategory.php:9)
[stacktrace]
#0 {main}
"} 
[2025-02-24 21:19:14] local.ERROR: Trait "Spatie\Translatable\HasTranslations" not found {"exception":"[object] (Symfony\\Component\\ErrorHandler\\Error\\FatalError(code: 0): Trait \"Spatie\\Translatable\\HasTranslations\" not found at D:\\qixer\\@core\\app\\GalleryCategory.php:9)
[stacktrace]
#0 {main}
"} 
[2025-02-24 21:20:14] local.ERROR: Trait "Spatie\Translatable\HasTranslations" not found {"exception":"[object] (Symfony\\Component\\ErrorHandler\\Error\\FatalError(code: 0): Trait \"Spatie\\Translatable\\HasTranslations\" not found at D:\\qixer\\@core\\app\\GalleryCategory.php:9)
[stacktrace]
#0 {main}
"} 
[2025-02-24 21:21:14] local.ERROR: Trait "Spatie\Translatable\HasTranslations" not found {"exception":"[object] (Symfony\\Component\\ErrorHandler\\Error\\FatalError(code: 0): Trait \"Spatie\\Translatable\\HasTranslations\" not found at D:\\qixer\\@core\\app\\GalleryCategory.php:9)
[stacktrace]
#0 {main}
"} 
[2025-02-24 21:22:14] local.ERROR: Trait "Spatie\Translatable\HasTranslations" not found {"exception":"[object] (Symfony\\Component\\ErrorHandler\\Error\\FatalError(code: 0): Trait \"Spatie\\Translatable\\HasTranslations\" not found at D:\\qixer\\@core\\app\\GalleryCategory.php:9)
[stacktrace]
#0 {main}
"} 
[2025-02-24 21:23:14] local.ERROR: Trait "Spatie\Translatable\HasTranslations" not found {"exception":"[object] (Symfony\\Component\\ErrorHandler\\Error\\FatalError(code: 0): Trait \"Spatie\\Translatable\\HasTranslations\" not found at D:\\qixer\\@core\\app\\GalleryCategory.php:9)
[stacktrace]
#0 {main}
"} 
[2025-02-24 21:24:14] local.ERROR: Trait "Spatie\Translatable\HasTranslations" not found {"exception":"[object] (Symfony\\Component\\ErrorHandler\\Error\\FatalError(code: 0): Trait \"Spatie\\Translatable\\HasTranslations\" not found at D:\\qixer\\@core\\app\\GalleryCategory.php:9)
[stacktrace]
#0 {main}
"} 
[2025-02-24 21:25:14] local.ERROR: Trait "Spatie\Translatable\HasTranslations" not found {"exception":"[object] (Symfony\\Component\\ErrorHandler\\Error\\FatalError(code: 0): Trait \"Spatie\\Translatable\\HasTranslations\" not found at D:\\qixer\\@core\\app\\GalleryCategory.php:9)
[stacktrace]
#0 {main}
"} 
[2025-02-24 21:26:14] local.ERROR: Trait "Spatie\Translatable\HasTranslations" not found {"exception":"[object] (Symfony\\Component\\ErrorHandler\\Error\\FatalError(code: 0): Trait \"Spatie\\Translatable\\HasTranslations\" not found at D:\\qixer\\@core\\app\\GalleryCategory.php:9)
[stacktrace]
#0 {main}
"} 
[2025-02-24 21:27:14] local.ERROR: Trait "Spatie\Translatable\HasTranslations" not found {"exception":"[object] (Symfony\\Component\\ErrorHandler\\Error\\FatalError(code: 0): Trait \"Spatie\\Translatable\\HasTranslations\" not found at D:\\qixer\\@core\\app\\GalleryCategory.php:9)
[stacktrace]
#0 {main}
"} 
[2025-02-24 21:28:14] local.ERROR: Trait "Spatie\Translatable\HasTranslations" not found {"exception":"[object] (Symfony\\Component\\ErrorHandler\\Error\\FatalError(code: 0): Trait \"Spatie\\Translatable\\HasTranslations\" not found at D:\\qixer\\@core\\app\\GalleryCategory.php:9)
[stacktrace]
#0 {main}
"} 
[2025-02-24 21:29:14] local.ERROR: Trait "Spatie\Translatable\HasTranslations" not found {"exception":"[object] (Symfony\\Component\\ErrorHandler\\Error\\FatalError(code: 0): Trait \"Spatie\\Translatable\\HasTranslations\" not found at D:\\qixer\\@core\\app\\GalleryCategory.php:9)
[stacktrace]
#0 {main}
"} 
[2025-02-24 21:30:14] local.ERROR: Trait "Spatie\Translatable\HasTranslations" not found {"exception":"[object] (Symfony\\Component\\ErrorHandler\\Error\\FatalError(code: 0): Trait \"Spatie\\Translatable\\HasTranslations\" not found at D:\\qixer\\@core\\app\\GalleryCategory.php:9)
[stacktrace]
#0 {main}
"} 
[2025-02-24 21:31:14] local.ERROR: Trait "Spatie\Translatable\HasTranslations" not found {"exception":"[object] (Symfony\\Component\\ErrorHandler\\Error\\FatalError(code: 0): Trait \"Spatie\\Translatable\\HasTranslations\" not found at D:\\qixer\\@core\\app\\GalleryCategory.php:9)
[stacktrace]
#0 {main}
"} 
[2025-02-24 21:32:14] local.ERROR: Trait "Spatie\Translatable\HasTranslations" not found {"exception":"[object] (Symfony\\Component\\ErrorHandler\\Error\\FatalError(code: 0): Trait \"Spatie\\Translatable\\HasTranslations\" not found at D:\\qixer\\@core\\app\\GalleryCategory.php:9)
[stacktrace]
#0 {main}
"} 
[2025-02-24 21:33:14] local.ERROR: Trait "Spatie\Translatable\HasTranslations" not found {"exception":"[object] (Symfony\\Component\\ErrorHandler\\Error\\FatalError(code: 0): Trait \"Spatie\\Translatable\\HasTranslations\" not found at D:\\qixer\\@core\\app\\GalleryCategory.php:9)
[stacktrace]
#0 {main}
"} 
[2025-02-24 21:34:14] local.ERROR: Trait "Spatie\Translatable\HasTranslations" not found {"exception":"[object] (Symfony\\Component\\ErrorHandler\\Error\\FatalError(code: 0): Trait \"Spatie\\Translatable\\HasTranslations\" not found at D:\\qixer\\@core\\app\\GalleryCategory.php:9)
[stacktrace]
#0 {main}
"} 
[2025-02-24 21:35:14] local.ERROR: Trait "Spatie\Translatable\HasTranslations" not found {"exception":"[object] (Symfony\\Component\\ErrorHandler\\Error\\FatalError(code: 0): Trait \"Spatie\\Translatable\\HasTranslations\" not found at D:\\qixer\\@core\\app\\GalleryCategory.php:9)
[stacktrace]
#0 {main}
"} 
[2025-02-24 21:36:14] local.ERROR: Trait "Spatie\Translatable\HasTranslations" not found {"exception":"[object] (Symfony\\Component\\ErrorHandler\\Error\\FatalError(code: 0): Trait \"Spatie\\Translatable\\HasTranslations\" not found at D:\\qixer\\@core\\app\\GalleryCategory.php:9)
[stacktrace]
#0 {main}
"} 
[2025-02-24 21:37:14] local.ERROR: Trait "Spatie\Translatable\HasTranslations" not found {"exception":"[object] (Symfony\\Component\\ErrorHandler\\Error\\FatalError(code: 0): Trait \"Spatie\\Translatable\\HasTranslations\" not found at D:\\qixer\\@core\\app\\GalleryCategory.php:9)
[stacktrace]
#0 {main}
"} 
[2025-02-24 21:38:14] local.ERROR: Trait "Spatie\Translatable\HasTranslations" not found {"exception":"[object] (Symfony\\Component\\ErrorHandler\\Error\\FatalError(code: 0): Trait \"Spatie\\Translatable\\HasTranslations\" not found at D:\\qixer\\@core\\app\\GalleryCategory.php:9)
[stacktrace]
#0 {main}
"} 
[2025-02-24 21:39:14] local.ERROR: Trait "Spatie\Translatable\HasTranslations" not found {"exception":"[object] (Symfony\\Component\\ErrorHandler\\Error\\FatalError(code: 0): Trait \"Spatie\\Translatable\\HasTranslations\" not found at D:\\qixer\\@core\\app\\GalleryCategory.php:9)
[stacktrace]
#0 {main}
"} 
[2025-02-24 21:40:14] local.ERROR: Trait "Spatie\Translatable\HasTranslations" not found {"exception":"[object] (Symfony\\Component\\ErrorHandler\\Error\\FatalError(code: 0): Trait \"Spatie\\Translatable\\HasTranslations\" not found at D:\\qixer\\@core\\app\\GalleryCategory.php:9)
[stacktrace]
#0 {main}
"} 
[2025-02-24 21:41:14] local.ERROR: Trait "Spatie\Translatable\HasTranslations" not found {"exception":"[object] (Symfony\\Component\\ErrorHandler\\Error\\FatalError(code: 0): Trait \"Spatie\\Translatable\\HasTranslations\" not found at D:\\qixer\\@core\\app\\GalleryCategory.php:9)
[stacktrace]
#0 {main}
"} 
[2025-02-24 21:42:14] local.ERROR: Trait "Spatie\Translatable\HasTranslations" not found {"exception":"[object] (Symfony\\Component\\ErrorHandler\\Error\\FatalError(code: 0): Trait \"Spatie\\Translatable\\HasTranslations\" not found at D:\\qixer\\@core\\app\\GalleryCategory.php:9)
[stacktrace]
#0 {main}
"} 
[2025-02-24 21:43:14] local.ERROR: Trait "Spatie\Translatable\HasTranslations" not found {"exception":"[object] (Symfony\\Component\\ErrorHandler\\Error\\FatalError(code: 0): Trait \"Spatie\\Translatable\\HasTranslations\" not found at D:\\qixer\\@core\\app\\GalleryCategory.php:9)
[stacktrace]
#0 {main}
"} 
[2025-02-24 21:44:14] local.ERROR: Trait "Spatie\Translatable\HasTranslations" not found {"exception":"[object] (Symfony\\Component\\ErrorHandler\\Error\\FatalError(code: 0): Trait \"Spatie\\Translatable\\HasTranslations\" not found at D:\\qixer\\@core\\app\\GalleryCategory.php:9)
[stacktrace]
#0 {main}
"} 
[2025-02-24 21:45:14] local.ERROR: Trait "Spatie\Translatable\HasTranslations" not found {"exception":"[object] (Symfony\\Component\\ErrorHandler\\Error\\FatalError(code: 0): Trait \"Spatie\\Translatable\\HasTranslations\" not found at D:\\qixer\\@core\\app\\GalleryCategory.php:9)
[stacktrace]
#0 {main}
"} 
[2025-02-24 21:46:14] local.ERROR: Trait "Spatie\Translatable\HasTranslations" not found {"exception":"[object] (Symfony\\Component\\ErrorHandler\\Error\\FatalError(code: 0): Trait \"Spatie\\Translatable\\HasTranslations\" not found at D:\\qixer\\@core\\app\\GalleryCategory.php:9)
[stacktrace]
#0 {main}
"} 
[2025-02-24 21:47:14] local.ERROR: Trait "Spatie\Translatable\HasTranslations" not found {"exception":"[object] (Symfony\\Component\\ErrorHandler\\Error\\FatalError(code: 0): Trait \"Spatie\\Translatable\\HasTranslations\" not found at D:\\qixer\\@core\\app\\GalleryCategory.php:9)
[stacktrace]
#0 {main}
"} 
[2025-02-24 21:48:14] local.ERROR: Trait "Spatie\Translatable\HasTranslations" not found {"exception":"[object] (Symfony\\Component\\ErrorHandler\\Error\\FatalError(code: 0): Trait \"Spatie\\Translatable\\HasTranslations\" not found at D:\\qixer\\@core\\app\\GalleryCategory.php:9)
[stacktrace]
#0 {main}
"} 
[2025-02-24 21:49:14] local.ERROR: Trait "Spatie\Translatable\HasTranslations" not found {"exception":"[object] (Symfony\\Component\\ErrorHandler\\Error\\FatalError(code: 0): Trait \"Spatie\\Translatable\\HasTranslations\" not found at D:\\qixer\\@core\\app\\GalleryCategory.php:9)
[stacktrace]
#0 {main}
"} 
[2025-02-24 21:50:14] local.ERROR: Trait "Spatie\Translatable\HasTranslations" not found {"exception":"[object] (Symfony\\Component\\ErrorHandler\\Error\\FatalError(code: 0): Trait \"Spatie\\Translatable\\HasTranslations\" not found at D:\\qixer\\@core\\app\\GalleryCategory.php:9)
[stacktrace]
#0 {main}
"} 
[2025-02-24 21:51:14] local.ERROR: Trait "Spatie\Translatable\HasTranslations" not found {"exception":"[object] (Symfony\\Component\\ErrorHandler\\Error\\FatalError(code: 0): Trait \"Spatie\\Translatable\\HasTranslations\" not found at D:\\qixer\\@core\\app\\GalleryCategory.php:9)
[stacktrace]
#0 {main}
"} 
[2025-02-24 21:52:15] local.ERROR: Trait "Spatie\Translatable\HasTranslations" not found {"exception":"[object] (Symfony\\Component\\ErrorHandler\\Error\\FatalError(code: 0): Trait \"Spatie\\Translatable\\HasTranslations\" not found at D:\\qixer\\@core\\app\\GalleryCategory.php:9)
[stacktrace]
#0 {main}
"} 
[2025-02-24 21:53:14] local.ERROR: Trait "Spatie\Translatable\HasTranslations" not found {"exception":"[object] (Symfony\\Component\\ErrorHandler\\Error\\FatalError(code: 0): Trait \"Spatie\\Translatable\\HasTranslations\" not found at D:\\qixer\\@core\\app\\GalleryCategory.php:9)
[stacktrace]
#0 {main}
"} 
[2025-02-24 21:54:14] local.ERROR: Trait "Spatie\Translatable\HasTranslations" not found {"exception":"[object] (Symfony\\Component\\ErrorHandler\\Error\\FatalError(code: 0): Trait \"Spatie\\Translatable\\HasTranslations\" not found at D:\\qixer\\@core\\app\\GalleryCategory.php:9)
[stacktrace]
#0 {main}
"} 
[2025-02-24 21:55:14] local.ERROR: Trait "Spatie\Translatable\HasTranslations" not found {"exception":"[object] (Symfony\\Component\\ErrorHandler\\Error\\FatalError(code: 0): Trait \"Spatie\\Translatable\\HasTranslations\" not found at D:\\qixer\\@core\\app\\GalleryCategory.php:9)
[stacktrace]
#0 {main}
"} 
[2025-02-24 21:56:14] local.ERROR: Trait "Spatie\Translatable\HasTranslations" not found {"exception":"[object] (Symfony\\Component\\ErrorHandler\\Error\\FatalError(code: 0): Trait \"Spatie\\Translatable\\HasTranslations\" not found at D:\\qixer\\@core\\app\\GalleryCategory.php:9)
[stacktrace]
#0 {main}
"} 
[2025-02-24 21:57:14] local.ERROR: Trait "Spatie\Translatable\HasTranslations" not found {"exception":"[object] (Symfony\\Component\\ErrorHandler\\Error\\FatalError(code: 0): Trait \"Spatie\\Translatable\\HasTranslations\" not found at D:\\qixer\\@core\\app\\GalleryCategory.php:9)
[stacktrace]
#0 {main}
"} 
[2025-02-24 21:58:15] local.ERROR: Trait "Spatie\Translatable\HasTranslations" not found {"exception":"[object] (Symfony\\Component\\ErrorHandler\\Error\\FatalError(code: 0): Trait \"Spatie\\Translatable\\HasTranslations\" not found at D:\\qixer\\@core\\app\\GalleryCategory.php:9)
[stacktrace]
#0 {main}
"} 
[2025-02-24 21:59:14] local.ERROR: Trait "Spatie\Translatable\HasTranslations" not found {"exception":"[object] (Symfony\\Component\\ErrorHandler\\Error\\FatalError(code: 0): Trait \"Spatie\\Translatable\\HasTranslations\" not found at D:\\qixer\\@core\\app\\GalleryCategory.php:9)
[stacktrace]
#0 {main}
"} 
[2025-02-24 22:00:14] local.ERROR: Trait "Spatie\Translatable\HasTranslations" not found {"exception":"[object] (Symfony\\Component\\ErrorHandler\\Error\\FatalError(code: 0): Trait \"Spatie\\Translatable\\HasTranslations\" not found at D:\\qixer\\@core\\app\\GalleryCategory.php:9)
[stacktrace]
#0 {main}
"} 
[2025-02-24 22:01:14] local.ERROR: Trait "Spatie\Translatable\HasTranslations" not found {"exception":"[object] (Symfony\\Component\\ErrorHandler\\Error\\FatalError(code: 0): Trait \"Spatie\\Translatable\\HasTranslations\" not found at D:\\qixer\\@core\\app\\GalleryCategory.php:9)
[stacktrace]
#0 {main}
"} 
[2025-02-24 22:02:14] local.ERROR: Trait "Spatie\Translatable\HasTranslations" not found {"exception":"[object] (Symfony\\Component\\ErrorHandler\\Error\\FatalError(code: 0): Trait \"Spatie\\Translatable\\HasTranslations\" not found at D:\\qixer\\@core\\app\\GalleryCategory.php:9)
[stacktrace]
#0 {main}
"} 
[2025-02-24 22:03:15] local.ERROR: Trait "Spatie\Translatable\HasTranslations" not found {"exception":"[object] (Symfony\\Component\\ErrorHandler\\Error\\FatalError(code: 0): Trait \"Spatie\\Translatable\\HasTranslations\" not found at D:\\qixer\\@core\\app\\GalleryCategory.php:9)
[stacktrace]
#0 {main}
"} 
[2025-02-24 22:04:14] local.ERROR: Trait "Spatie\Translatable\HasTranslations" not found {"exception":"[object] (Symfony\\Component\\ErrorHandler\\Error\\FatalError(code: 0): Trait \"Spatie\\Translatable\\HasTranslations\" not found at D:\\qixer\\@core\\app\\GalleryCategory.php:9)
[stacktrace]
#0 {main}
"} 
[2025-02-24 22:05:15] local.ERROR: Trait "Spatie\Translatable\HasTranslations" not found {"exception":"[object] (Symfony\\Component\\ErrorHandler\\Error\\FatalError(code: 0): Trait \"Spatie\\Translatable\\HasTranslations\" not found at D:\\qixer\\@core\\app\\GalleryCategory.php:9)
[stacktrace]
#0 {main}
"} 
[2025-02-24 22:06:15] local.ERROR: Trait "Spatie\Translatable\HasTranslations" not found {"exception":"[object] (Symfony\\Component\\ErrorHandler\\Error\\FatalError(code: 0): Trait \"Spatie\\Translatable\\HasTranslations\" not found at D:\\qixer\\@core\\app\\GalleryCategory.php:9)
[stacktrace]
#0 {main}
"} 
[2025-02-24 22:07:14] local.ERROR: Trait "Spatie\Translatable\HasTranslations" not found {"exception":"[object] (Symfony\\Component\\ErrorHandler\\Error\\FatalError(code: 0): Trait \"Spatie\\Translatable\\HasTranslations\" not found at D:\\qixer\\@core\\app\\GalleryCategory.php:9)
[stacktrace]
#0 {main}
"} 
[2025-02-24 22:08:15] local.ERROR: Trait "Spatie\Translatable\HasTranslations" not found {"exception":"[object] (Symfony\\Component\\ErrorHandler\\Error\\FatalError(code: 0): Trait \"Spatie\\Translatable\\HasTranslations\" not found at D:\\qixer\\@core\\app\\GalleryCategory.php:9)
[stacktrace]
#0 {main}
"} 
[2025-02-24 22:09:14] local.ERROR: Trait "Spatie\Translatable\HasTranslations" not found {"exception":"[object] (Symfony\\Component\\ErrorHandler\\Error\\FatalError(code: 0): Trait \"Spatie\\Translatable\\HasTranslations\" not found at D:\\qixer\\@core\\app\\GalleryCategory.php:9)
[stacktrace]
#0 {main}
"} 
[2025-02-24 22:10:15] local.ERROR: Trait "Spatie\Translatable\HasTranslations" not found {"exception":"[object] (Symfony\\Component\\ErrorHandler\\Error\\FatalError(code: 0): Trait \"Spatie\\Translatable\\HasTranslations\" not found at D:\\qixer\\@core\\app\\GalleryCategory.php:9)
[stacktrace]
#0 {main}
"} 
[2025-02-24 22:11:15] local.ERROR: Trait "Spatie\Translatable\HasTranslations" not found {"exception":"[object] (Symfony\\Component\\ErrorHandler\\Error\\FatalError(code: 0): Trait \"Spatie\\Translatable\\HasTranslations\" not found at D:\\qixer\\@core\\app\\GalleryCategory.php:9)
[stacktrace]
#0 {main}
"} 
[2025-02-24 22:12:15] local.ERROR: Trait "Spatie\Translatable\HasTranslations" not found {"exception":"[object] (Symfony\\Component\\ErrorHandler\\Error\\FatalError(code: 0): Trait \"Spatie\\Translatable\\HasTranslations\" not found at D:\\qixer\\@core\\app\\GalleryCategory.php:9)
[stacktrace]
#0 {main}
"} 
[2025-02-24 22:13:15] local.ERROR: Trait "Spatie\Translatable\HasTranslations" not found {"exception":"[object] (Symfony\\Component\\ErrorHandler\\Error\\FatalError(code: 0): Trait \"Spatie\\Translatable\\HasTranslations\" not found at D:\\qixer\\@core\\app\\GalleryCategory.php:9)
[stacktrace]
#0 {main}
"} 
[2025-02-24 22:14:15] local.ERROR: Trait "Spatie\Translatable\HasTranslations" not found {"exception":"[object] (Symfony\\Component\\ErrorHandler\\Error\\FatalError(code: 0): Trait \"Spatie\\Translatable\\HasTranslations\" not found at D:\\qixer\\@core\\app\\GalleryCategory.php:9)
[stacktrace]
#0 {main}
"} 
[2025-02-24 22:15:15] local.ERROR: Trait "Spatie\Translatable\HasTranslations" not found {"exception":"[object] (Symfony\\Component\\ErrorHandler\\Error\\FatalError(code: 0): Trait \"Spatie\\Translatable\\HasTranslations\" not found at D:\\qixer\\@core\\app\\GalleryCategory.php:9)
[stacktrace]
#0 {main}
"} 
[2025-02-24 22:16:15] local.ERROR: Trait "Spatie\Translatable\HasTranslations" not found {"exception":"[object] (Symfony\\Component\\ErrorHandler\\Error\\FatalError(code: 0): Trait \"Spatie\\Translatable\\HasTranslations\" not found at D:\\qixer\\@core\\app\\GalleryCategory.php:9)
[stacktrace]
#0 {main}
"} 
[2025-02-24 22:17:15] local.ERROR: Trait "Spatie\Translatable\HasTranslations" not found {"exception":"[object] (Symfony\\Component\\ErrorHandler\\Error\\FatalError(code: 0): Trait \"Spatie\\Translatable\\HasTranslations\" not found at D:\\qixer\\@core\\app\\GalleryCategory.php:9)
[stacktrace]
#0 {main}
"} 
[2025-02-24 22:18:15] local.ERROR: Trait "Spatie\Translatable\HasTranslations" not found {"exception":"[object] (Symfony\\Component\\ErrorHandler\\Error\\FatalError(code: 0): Trait \"Spatie\\Translatable\\HasTranslations\" not found at D:\\qixer\\@core\\app\\GalleryCategory.php:9)
[stacktrace]
#0 {main}
"} 
[2025-02-24 22:19:15] local.ERROR: Trait "Spatie\Translatable\HasTranslations" not found {"exception":"[object] (Symfony\\Component\\ErrorHandler\\Error\\FatalError(code: 0): Trait \"Spatie\\Translatable\\HasTranslations\" not found at D:\\qixer\\@core\\app\\GalleryCategory.php:9)
[stacktrace]
#0 {main}
"} 
[2025-02-24 22:20:15] local.ERROR: Trait "Spatie\Translatable\HasTranslations" not found {"exception":"[object] (Symfony\\Component\\ErrorHandler\\Error\\FatalError(code: 0): Trait \"Spatie\\Translatable\\HasTranslations\" not found at D:\\qixer\\@core\\app\\GalleryCategory.php:9)
[stacktrace]
#0 {main}
"} 
[2025-02-24 22:21:15] local.ERROR: Trait "Spatie\Translatable\HasTranslations" not found {"exception":"[object] (Symfony\\Component\\ErrorHandler\\Error\\FatalError(code: 0): Trait \"Spatie\\Translatable\\HasTranslations\" not found at D:\\qixer\\@core\\app\\GalleryCategory.php:9)
[stacktrace]
#0 {main}
"} 
[2025-02-24 22:22:15] local.ERROR: Trait "Spatie\Translatable\HasTranslations" not found {"exception":"[object] (Symfony\\Component\\ErrorHandler\\Error\\FatalError(code: 0): Trait \"Spatie\\Translatable\\HasTranslations\" not found at D:\\qixer\\@core\\app\\GalleryCategory.php:9)
[stacktrace]
#0 {main}
"} 
[2025-02-24 22:23:15] local.ERROR: Trait "Spatie\Translatable\HasTranslations" not found {"exception":"[object] (Symfony\\Component\\ErrorHandler\\Error\\FatalError(code: 0): Trait \"Spatie\\Translatable\\HasTranslations\" not found at D:\\qixer\\@core\\app\\GalleryCategory.php:9)
[stacktrace]
#0 {main}
"} 
[2025-02-24 22:24:15] local.ERROR: Trait "Spatie\Translatable\HasTranslations" not found {"exception":"[object] (Symfony\\Component\\ErrorHandler\\Error\\FatalError(code: 0): Trait \"Spatie\\Translatable\\HasTranslations\" not found at D:\\qixer\\@core\\app\\GalleryCategory.php:9)
[stacktrace]
#0 {main}
"} 
[2025-02-24 22:25:15] local.ERROR: Trait "Spatie\Translatable\HasTranslations" not found {"exception":"[object] (Symfony\\Component\\ErrorHandler\\Error\\FatalError(code: 0): Trait \"Spatie\\Translatable\\HasTranslations\" not found at D:\\qixer\\@core\\app\\GalleryCategory.php:9)
[stacktrace]
#0 {main}
"} 
[2025-02-24 22:26:15] local.ERROR: Trait "Spatie\Translatable\HasTranslations" not found {"exception":"[object] (Symfony\\Component\\ErrorHandler\\Error\\FatalError(code: 0): Trait \"Spatie\\Translatable\\HasTranslations\" not found at D:\\qixer\\@core\\app\\GalleryCategory.php:9)
[stacktrace]
#0 {main}
"} 
[2025-02-24 22:27:15] local.ERROR: Trait "Spatie\Translatable\HasTranslations" not found {"exception":"[object] (Symfony\\Component\\ErrorHandler\\Error\\FatalError(code: 0): Trait \"Spatie\\Translatable\\HasTranslations\" not found at D:\\qixer\\@core\\app\\GalleryCategory.php:9)
[stacktrace]
#0 {main}
"} 
[2025-02-24 22:28:15] local.ERROR: Trait "Spatie\Translatable\HasTranslations" not found {"exception":"[object] (Symfony\\Component\\ErrorHandler\\Error\\FatalError(code: 0): Trait \"Spatie\\Translatable\\HasTranslations\" not found at D:\\qixer\\@core\\app\\GalleryCategory.php:9)
[stacktrace]
#0 {main}
"} 
[2025-02-24 22:29:15] local.ERROR: Trait "Spatie\Translatable\HasTranslations" not found {"exception":"[object] (Symfony\\Component\\ErrorHandler\\Error\\FatalError(code: 0): Trait \"Spatie\\Translatable\\HasTranslations\" not found at D:\\qixer\\@core\\app\\GalleryCategory.php:9)
[stacktrace]
#0 {main}
"} 
[2025-02-24 22:30:15] local.ERROR: Trait "Spatie\Translatable\HasTranslations" not found {"exception":"[object] (Symfony\\Component\\ErrorHandler\\Error\\FatalError(code: 0): Trait \"Spatie\\Translatable\\HasTranslations\" not found at D:\\qixer\\@core\\app\\GalleryCategory.php:9)
[stacktrace]
#0 {main}
"} 
[2025-02-24 22:31:15] local.ERROR: Trait "Spatie\Translatable\HasTranslations" not found {"exception":"[object] (Symfony\\Component\\ErrorHandler\\Error\\FatalError(code: 0): Trait \"Spatie\\Translatable\\HasTranslations\" not found at D:\\qixer\\@core\\app\\GalleryCategory.php:9)
[stacktrace]
#0 {main}
"} 
[2025-02-24 22:32:15] local.ERROR: Trait "Spatie\Translatable\HasTranslations" not found {"exception":"[object] (Symfony\\Component\\ErrorHandler\\Error\\FatalError(code: 0): Trait \"Spatie\\Translatable\\HasTranslations\" not found at D:\\qixer\\@core\\app\\GalleryCategory.php:9)
[stacktrace]
#0 {main}
"} 
[2025-02-24 22:33:15] local.ERROR: Trait "Spatie\Translatable\HasTranslations" not found {"exception":"[object] (Symfony\\Component\\ErrorHandler\\Error\\FatalError(code: 0): Trait \"Spatie\\Translatable\\HasTranslations\" not found at D:\\qixer\\@core\\app\\GalleryCategory.php:9)
[stacktrace]
#0 {main}
"} 
[2025-02-24 22:34:15] local.ERROR: Trait "Spatie\Translatable\HasTranslations" not found {"exception":"[object] (Symfony\\Component\\ErrorHandler\\Error\\FatalError(code: 0): Trait \"Spatie\\Translatable\\HasTranslations\" not found at D:\\qixer\\@core\\app\\GalleryCategory.php:9)
[stacktrace]
#0 {main}
"} 
[2025-02-24 22:35:15] local.ERROR: Trait "Spatie\Translatable\HasTranslations" not found {"exception":"[object] (Symfony\\Component\\ErrorHandler\\Error\\FatalError(code: 0): Trait \"Spatie\\Translatable\\HasTranslations\" not found at D:\\qixer\\@core\\app\\GalleryCategory.php:9)
[stacktrace]
#0 {main}
"} 
[2025-02-24 22:36:15] local.ERROR: Trait "Spatie\Translatable\HasTranslations" not found {"exception":"[object] (Symfony\\Component\\ErrorHandler\\Error\\FatalError(code: 0): Trait \"Spatie\\Translatable\\HasTranslations\" not found at D:\\qixer\\@core\\app\\GalleryCategory.php:9)
[stacktrace]
#0 {main}
"} 
[2025-02-24 22:37:15] local.ERROR: Trait "Spatie\Translatable\HasTranslations" not found {"exception":"[object] (Symfony\\Component\\ErrorHandler\\Error\\FatalError(code: 0): Trait \"Spatie\\Translatable\\HasTranslations\" not found at D:\\qixer\\@core\\app\\GalleryCategory.php:9)
[stacktrace]
#0 {main}
"} 
[2025-02-24 22:38:15] local.ERROR: Trait "Spatie\Translatable\HasTranslations" not found {"exception":"[object] (Symfony\\Component\\ErrorHandler\\Error\\FatalError(code: 0): Trait \"Spatie\\Translatable\\HasTranslations\" not found at D:\\qixer\\@core\\app\\GalleryCategory.php:9)
[stacktrace]
#0 {main}
"} 
[2025-02-24 22:39:15] local.ERROR: Trait "Spatie\Translatable\HasTranslations" not found {"exception":"[object] (Symfony\\Component\\ErrorHandler\\Error\\FatalError(code: 0): Trait \"Spatie\\Translatable\\HasTranslations\" not found at D:\\qixer\\@core\\app\\GalleryCategory.php:9)
[stacktrace]
#0 {main}
"} 
[2025-02-24 22:40:15] local.ERROR: Trait "Spatie\Translatable\HasTranslations" not found {"exception":"[object] (Symfony\\Component\\ErrorHandler\\Error\\FatalError(code: 0): Trait \"Spatie\\Translatable\\HasTranslations\" not found at D:\\qixer\\@core\\app\\GalleryCategory.php:9)
[stacktrace]
#0 {main}
"} 
[2025-02-24 22:41:15] local.ERROR: Trait "Spatie\Translatable\HasTranslations" not found {"exception":"[object] (Symfony\\Component\\ErrorHandler\\Error\\FatalError(code: 0): Trait \"Spatie\\Translatable\\HasTranslations\" not found at D:\\qixer\\@core\\app\\GalleryCategory.php:9)
[stacktrace]
#0 {main}
"} 
[2025-02-24 22:42:15] local.ERROR: Trait "Spatie\Translatable\HasTranslations" not found {"exception":"[object] (Symfony\\Component\\ErrorHandler\\Error\\FatalError(code: 0): Trait \"Spatie\\Translatable\\HasTranslations\" not found at D:\\qixer\\@core\\app\\GalleryCategory.php:9)
[stacktrace]
#0 {main}
"} 
[2025-02-24 22:43:15] local.ERROR: Trait "Spatie\Translatable\HasTranslations" not found {"exception":"[object] (Symfony\\Component\\ErrorHandler\\Error\\FatalError(code: 0): Trait \"Spatie\\Translatable\\HasTranslations\" not found at D:\\qixer\\@core\\app\\GalleryCategory.php:9)
[stacktrace]
#0 {main}
"} 
[2025-02-24 22:44:15] local.ERROR: Trait "Spatie\Translatable\HasTranslations" not found {"exception":"[object] (Symfony\\Component\\ErrorHandler\\Error\\FatalError(code: 0): Trait \"Spatie\\Translatable\\HasTranslations\" not found at D:\\qixer\\@core\\app\\GalleryCategory.php:9)
[stacktrace]
#0 {main}
"} 
[2025-02-24 22:45:15] local.ERROR: Trait "Spatie\Translatable\HasTranslations" not found {"exception":"[object] (Symfony\\Component\\ErrorHandler\\Error\\FatalError(code: 0): Trait \"Spatie\\Translatable\\HasTranslations\" not found at D:\\qixer\\@core\\app\\GalleryCategory.php:9)
[stacktrace]
#0 {main}
"} 
[2025-02-24 22:46:15] local.ERROR: Trait "Spatie\Translatable\HasTranslations" not found {"exception":"[object] (Symfony\\Component\\ErrorHandler\\Error\\FatalError(code: 0): Trait \"Spatie\\Translatable\\HasTranslations\" not found at D:\\qixer\\@core\\app\\GalleryCategory.php:9)
[stacktrace]
#0 {main}
"} 
[2025-02-24 22:47:15] local.ERROR: Trait "Spatie\Translatable\HasTranslations" not found {"exception":"[object] (Symfony\\Component\\ErrorHandler\\Error\\FatalError(code: 0): Trait \"Spatie\\Translatable\\HasTranslations\" not found at D:\\qixer\\@core\\app\\GalleryCategory.php:9)
[stacktrace]
#0 {main}
"} 
[2025-02-24 22:48:15] local.ERROR: Trait "Spatie\Translatable\HasTranslations" not found {"exception":"[object] (Symfony\\Component\\ErrorHandler\\Error\\FatalError(code: 0): Trait \"Spatie\\Translatable\\HasTranslations\" not found at D:\\qixer\\@core\\app\\GalleryCategory.php:9)
[stacktrace]
#0 {main}
"} 
[2025-02-24 22:49:15] local.ERROR: Trait "Spatie\Translatable\HasTranslations" not found {"exception":"[object] (Symfony\\Component\\ErrorHandler\\Error\\FatalError(code: 0): Trait \"Spatie\\Translatable\\HasTranslations\" not found at D:\\qixer\\@core\\app\\GalleryCategory.php:9)
[stacktrace]
#0 {main}
"} 
[2025-02-24 22:50:15] local.ERROR: Trait "Spatie\Translatable\HasTranslations" not found {"exception":"[object] (Symfony\\Component\\ErrorHandler\\Error\\FatalError(code: 0): Trait \"Spatie\\Translatable\\HasTranslations\" not found at D:\\qixer\\@core\\app\\GalleryCategory.php:9)
[stacktrace]
#0 {main}
"} 
[2025-02-24 22:51:15] local.ERROR: Trait "Spatie\Translatable\HasTranslations" not found {"exception":"[object] (Symfony\\Component\\ErrorHandler\\Error\\FatalError(code: 0): Trait \"Spatie\\Translatable\\HasTranslations\" not found at D:\\qixer\\@core\\app\\GalleryCategory.php:9)
[stacktrace]
#0 {main}
"} 
[2025-02-24 22:52:15] local.ERROR: Trait "Spatie\Translatable\HasTranslations" not found {"exception":"[object] (Symfony\\Component\\ErrorHandler\\Error\\FatalError(code: 0): Trait \"Spatie\\Translatable\\HasTranslations\" not found at D:\\qixer\\@core\\app\\GalleryCategory.php:9)
[stacktrace]
#0 {main}
"} 
[2025-02-24 22:53:15] local.ERROR: Trait "Spatie\Translatable\HasTranslations" not found {"exception":"[object] (Symfony\\Component\\ErrorHandler\\Error\\FatalError(code: 0): Trait \"Spatie\\Translatable\\HasTranslations\" not found at D:\\qixer\\@core\\app\\GalleryCategory.php:9)
[stacktrace]
#0 {main}
"} 
[2025-02-24 22:54:15] local.ERROR: Trait "Spatie\Translatable\HasTranslations" not found {"exception":"[object] (Symfony\\Component\\ErrorHandler\\Error\\FatalError(code: 0): Trait \"Spatie\\Translatable\\HasTranslations\" not found at D:\\qixer\\@core\\app\\GalleryCategory.php:9)
[stacktrace]
#0 {main}
"} 
[2025-02-24 22:55:15] local.ERROR: Trait "Spatie\Translatable\HasTranslations" not found {"exception":"[object] (Symfony\\Component\\ErrorHandler\\Error\\FatalError(code: 0): Trait \"Spatie\\Translatable\\HasTranslations\" not found at D:\\qixer\\@core\\app\\GalleryCategory.php:9)
[stacktrace]
#0 {main}
"} 
[2025-02-24 22:56:15] local.ERROR: Trait "Spatie\Translatable\HasTranslations" not found {"exception":"[object] (Symfony\\Component\\ErrorHandler\\Error\\FatalError(code: 0): Trait \"Spatie\\Translatable\\HasTranslations\" not found at D:\\qixer\\@core\\app\\GalleryCategory.php:9)
[stacktrace]
#0 {main}
"} 
[2025-02-24 22:57:15] local.ERROR: Trait "Spatie\Translatable\HasTranslations" not found {"exception":"[object] (Symfony\\Component\\ErrorHandler\\Error\\FatalError(code: 0): Trait \"Spatie\\Translatable\\HasTranslations\" not found at D:\\qixer\\@core\\app\\GalleryCategory.php:9)
[stacktrace]
#0 {main}
"} 
[2025-02-24 22:58:15] local.ERROR: Trait "Spatie\Translatable\HasTranslations" not found {"exception":"[object] (Symfony\\Component\\ErrorHandler\\Error\\FatalError(code: 0): Trait \"Spatie\\Translatable\\HasTranslations\" not found at D:\\qixer\\@core\\app\\GalleryCategory.php:9)
[stacktrace]
#0 {main}
"} 
[2025-02-24 22:59:15] local.ERROR: Trait "Spatie\Translatable\HasTranslations" not found {"exception":"[object] (Symfony\\Component\\ErrorHandler\\Error\\FatalError(code: 0): Trait \"Spatie\\Translatable\\HasTranslations\" not found at D:\\qixer\\@core\\app\\GalleryCategory.php:9)
[stacktrace]
#0 {main}
"} 
[2025-02-24 23:00:15] local.ERROR: Trait "Spatie\Translatable\HasTranslations" not found {"exception":"[object] (Symfony\\Component\\ErrorHandler\\Error\\FatalError(code: 0): Trait \"Spatie\\Translatable\\HasTranslations\" not found at D:\\qixer\\@core\\app\\GalleryCategory.php:9)
[stacktrace]
#0 {main}
"} 
[2025-02-24 23:01:15] local.ERROR: Trait "Spatie\Translatable\HasTranslations" not found {"exception":"[object] (Symfony\\Component\\ErrorHandler\\Error\\FatalError(code: 0): Trait \"Spatie\\Translatable\\HasTranslations\" not found at D:\\qixer\\@core\\app\\GalleryCategory.php:9)
[stacktrace]
#0 {main}
"} 
[2025-02-24 23:02:15] local.ERROR: Trait "Spatie\Translatable\HasTranslations" not found {"exception":"[object] (Symfony\\Component\\ErrorHandler\\Error\\FatalError(code: 0): Trait \"Spatie\\Translatable\\HasTranslations\" not found at D:\\qixer\\@core\\app\\GalleryCategory.php:9)
[stacktrace]
#0 {main}
"} 
[2025-02-24 23:03:15] local.ERROR: Trait "Spatie\Translatable\HasTranslations" not found {"exception":"[object] (Symfony\\Component\\ErrorHandler\\Error\\FatalError(code: 0): Trait \"Spatie\\Translatable\\HasTranslations\" not found at D:\\qixer\\@core\\app\\GalleryCategory.php:9)
[stacktrace]
#0 {main}
"} 
[2025-02-24 23:04:15] local.ERROR: Trait "Spatie\Translatable\HasTranslations" not found {"exception":"[object] (Symfony\\Component\\ErrorHandler\\Error\\FatalError(code: 0): Trait \"Spatie\\Translatable\\HasTranslations\" not found at D:\\qixer\\@core\\app\\GalleryCategory.php:9)
[stacktrace]
#0 {main}
"} 
[2025-02-24 23:05:15] local.ERROR: Trait "Spatie\Translatable\HasTranslations" not found {"exception":"[object] (Symfony\\Component\\ErrorHandler\\Error\\FatalError(code: 0): Trait \"Spatie\\Translatable\\HasTranslations\" not found at D:\\qixer\\@core\\app\\GalleryCategory.php:9)
[stacktrace]
#0 {main}
"} 
[2025-02-24 23:06:15] local.ERROR: Trait "Spatie\Translatable\HasTranslations" not found {"exception":"[object] (Symfony\\Component\\ErrorHandler\\Error\\FatalError(code: 0): Trait \"Spatie\\Translatable\\HasTranslations\" not found at D:\\qixer\\@core\\app\\GalleryCategory.php:9)
[stacktrace]
#0 {main}
"} 
[2025-02-24 23:07:15] local.ERROR: Trait "Spatie\Translatable\HasTranslations" not found {"exception":"[object] (Symfony\\Component\\ErrorHandler\\Error\\FatalError(code: 0): Trait \"Spatie\\Translatable\\HasTranslations\" not found at D:\\qixer\\@core\\app\\GalleryCategory.php:9)
[stacktrace]
#0 {main}
"} 
[2025-02-24 23:08:15] local.ERROR: Trait "Spatie\Translatable\HasTranslations" not found {"exception":"[object] (Symfony\\Component\\ErrorHandler\\Error\\FatalError(code: 0): Trait \"Spatie\\Translatable\\HasTranslations\" not found at D:\\qixer\\@core\\app\\GalleryCategory.php:9)
[stacktrace]
#0 {main}
"} 
[2025-02-24 23:09:15] local.ERROR: Trait "Spatie\Translatable\HasTranslations" not found {"exception":"[object] (Symfony\\Component\\ErrorHandler\\Error\\FatalError(code: 0): Trait \"Spatie\\Translatable\\HasTranslations\" not found at D:\\qixer\\@core\\app\\GalleryCategory.php:9)
[stacktrace]
#0 {main}
"} 
[2025-02-24 23:10:15] local.ERROR: Trait "Spatie\Translatable\HasTranslations" not found {"exception":"[object] (Symfony\\Component\\ErrorHandler\\Error\\FatalError(code: 0): Trait \"Spatie\\Translatable\\HasTranslations\" not found at D:\\qixer\\@core\\app\\GalleryCategory.php:9)
[stacktrace]
#0 {main}
"} 
[2025-02-24 23:11:15] local.ERROR: Trait "Spatie\Translatable\HasTranslations" not found {"exception":"[object] (Symfony\\Component\\ErrorHandler\\Error\\FatalError(code: 0): Trait \"Spatie\\Translatable\\HasTranslations\" not found at D:\\qixer\\@core\\app\\GalleryCategory.php:9)
[stacktrace]
#0 {main}
"} 
[2025-02-24 23:12:15] local.ERROR: Trait "Spatie\Translatable\HasTranslations" not found {"exception":"[object] (Symfony\\Component\\ErrorHandler\\Error\\FatalError(code: 0): Trait \"Spatie\\Translatable\\HasTranslations\" not found at D:\\qixer\\@core\\app\\GalleryCategory.php:9)
[stacktrace]
#0 {main}
"} 
[2025-02-24 23:13:15] local.ERROR: Trait "Spatie\Translatable\HasTranslations" not found {"exception":"[object] (Symfony\\Component\\ErrorHandler\\Error\\FatalError(code: 0): Trait \"Spatie\\Translatable\\HasTranslations\" not found at D:\\qixer\\@core\\app\\GalleryCategory.php:9)
[stacktrace]
#0 {main}
"} 
[2025-02-24 23:14:15] local.ERROR: Trait "Spatie\Translatable\HasTranslations" not found {"exception":"[object] (Symfony\\Component\\ErrorHandler\\Error\\FatalError(code: 0): Trait \"Spatie\\Translatable\\HasTranslations\" not found at D:\\qixer\\@core\\app\\GalleryCategory.php:9)
[stacktrace]
#0 {main}
"} 
[2025-02-24 23:15:15] local.ERROR: Trait "Spatie\Translatable\HasTranslations" not found {"exception":"[object] (Symfony\\Component\\ErrorHandler\\Error\\FatalError(code: 0): Trait \"Spatie\\Translatable\\HasTranslations\" not found at D:\\qixer\\@core\\app\\GalleryCategory.php:9)
[stacktrace]
#0 {main}
"} 
[2025-02-24 23:16:15] local.ERROR: Trait "Spatie\Translatable\HasTranslations" not found {"exception":"[object] (Symfony\\Component\\ErrorHandler\\Error\\FatalError(code: 0): Trait \"Spatie\\Translatable\\HasTranslations\" not found at D:\\qixer\\@core\\app\\GalleryCategory.php:9)
[stacktrace]
#0 {main}
"} 
[2025-02-24 23:17:15] local.ERROR: Trait "Spatie\Translatable\HasTranslations" not found {"exception":"[object] (Symfony\\Component\\ErrorHandler\\Error\\FatalError(code: 0): Trait \"Spatie\\Translatable\\HasTranslations\" not found at D:\\qixer\\@core\\app\\GalleryCategory.php:9)
[stacktrace]
#0 {main}
"} 
[2025-02-24 23:18:15] local.ERROR: Trait "Spatie\Translatable\HasTranslations" not found {"exception":"[object] (Symfony\\Component\\ErrorHandler\\Error\\FatalError(code: 0): Trait \"Spatie\\Translatable\\HasTranslations\" not found at D:\\qixer\\@core\\app\\GalleryCategory.php:9)
[stacktrace]
#0 {main}
"} 
[2025-02-24 23:19:15] local.ERROR: Trait "Spatie\Translatable\HasTranslations" not found {"exception":"[object] (Symfony\\Component\\ErrorHandler\\Error\\FatalError(code: 0): Trait \"Spatie\\Translatable\\HasTranslations\" not found at D:\\qixer\\@core\\app\\GalleryCategory.php:9)
[stacktrace]
#0 {main}
"} 
[2025-02-24 23:20:15] local.ERROR: Trait "Spatie\Translatable\HasTranslations" not found {"exception":"[object] (Symfony\\Component\\ErrorHandler\\Error\\FatalError(code: 0): Trait \"Spatie\\Translatable\\HasTranslations\" not found at D:\\qixer\\@core\\app\\GalleryCategory.php:9)
[stacktrace]
#0 {main}
"} 
[2025-02-24 23:21:15] local.ERROR: Trait "Spatie\Translatable\HasTranslations" not found {"exception":"[object] (Symfony\\Component\\ErrorHandler\\Error\\FatalError(code: 0): Trait \"Spatie\\Translatable\\HasTranslations\" not found at D:\\qixer\\@core\\app\\GalleryCategory.php:9)
[stacktrace]
#0 {main}
"} 
[2025-02-24 23:22:15] local.ERROR: Trait "Spatie\Translatable\HasTranslations" not found {"exception":"[object] (Symfony\\Component\\ErrorHandler\\Error\\FatalError(code: 0): Trait \"Spatie\\Translatable\\HasTranslations\" not found at D:\\qixer\\@core\\app\\GalleryCategory.php:9)
[stacktrace]
#0 {main}
"} 
[2025-02-24 23:23:15] local.ERROR: Trait "Spatie\Translatable\HasTranslations" not found {"exception":"[object] (Symfony\\Component\\ErrorHandler\\Error\\FatalError(code: 0): Trait \"Spatie\\Translatable\\HasTranslations\" not found at D:\\qixer\\@core\\app\\GalleryCategory.php:9)
[stacktrace]
#0 {main}
"} 
[2025-02-24 23:24:15] local.ERROR: Trait "Spatie\Translatable\HasTranslations" not found {"exception":"[object] (Symfony\\Component\\ErrorHandler\\Error\\FatalError(code: 0): Trait \"Spatie\\Translatable\\HasTranslations\" not found at D:\\qixer\\@core\\app\\GalleryCategory.php:9)
[stacktrace]
#0 {main}
"} 
[2025-02-24 23:25:15] local.ERROR: Trait "Spatie\Translatable\HasTranslations" not found {"exception":"[object] (Symfony\\Component\\ErrorHandler\\Error\\FatalError(code: 0): Trait \"Spatie\\Translatable\\HasTranslations\" not found at D:\\qixer\\@core\\app\\GalleryCategory.php:9)
[stacktrace]
#0 {main}
"} 
[2025-02-24 23:26:15] local.ERROR: Trait "Spatie\Translatable\HasTranslations" not found {"exception":"[object] (Symfony\\Component\\ErrorHandler\\Error\\FatalError(code: 0): Trait \"Spatie\\Translatable\\HasTranslations\" not found at D:\\qixer\\@core\\app\\GalleryCategory.php:9)
[stacktrace]
#0 {main}
"} 
[2025-02-24 23:27:15] local.ERROR: Trait "Spatie\Translatable\HasTranslations" not found {"exception":"[object] (Symfony\\Component\\ErrorHandler\\Error\\FatalError(code: 0): Trait \"Spatie\\Translatable\\HasTranslations\" not found at D:\\qixer\\@core\\app\\GalleryCategory.php:9)
[stacktrace]
#0 {main}
"} 
[2025-02-24 23:28:15] local.ERROR: Trait "Spatie\Translatable\HasTranslations" not found {"exception":"[object] (Symfony\\Component\\ErrorHandler\\Error\\FatalError(code: 0): Trait \"Spatie\\Translatable\\HasTranslations\" not found at D:\\qixer\\@core\\app\\GalleryCategory.php:9)
[stacktrace]
#0 {main}
"} 
[2025-02-24 23:29:15] local.ERROR: Trait "Spatie\Translatable\HasTranslations" not found {"exception":"[object] (Symfony\\Component\\ErrorHandler\\Error\\FatalError(code: 0): Trait \"Spatie\\Translatable\\HasTranslations\" not found at D:\\qixer\\@core\\app\\GalleryCategory.php:9)
[stacktrace]
#0 {main}
"} 
[2025-02-24 23:30:15] local.ERROR: Trait "Spatie\Translatable\HasTranslations" not found {"exception":"[object] (Symfony\\Component\\ErrorHandler\\Error\\FatalError(code: 0): Trait \"Spatie\\Translatable\\HasTranslations\" not found at D:\\qixer\\@core\\app\\GalleryCategory.php:9)
[stacktrace]
#0 {main}
"} 
[2025-02-24 23:31:15] local.ERROR: Trait "Spatie\Translatable\HasTranslations" not found {"exception":"[object] (Symfony\\Component\\ErrorHandler\\Error\\FatalError(code: 0): Trait \"Spatie\\Translatable\\HasTranslations\" not found at D:\\qixer\\@core\\app\\GalleryCategory.php:9)
[stacktrace]
#0 {main}
"} 
[2025-02-24 23:32:15] local.ERROR: Trait "Spatie\Translatable\HasTranslations" not found {"exception":"[object] (Symfony\\Component\\ErrorHandler\\Error\\FatalError(code: 0): Trait \"Spatie\\Translatable\\HasTranslations\" not found at D:\\qixer\\@core\\app\\GalleryCategory.php:9)
[stacktrace]
#0 {main}
"} 
[2025-02-24 23:33:15] local.ERROR: Trait "Spatie\Translatable\HasTranslations" not found {"exception":"[object] (Symfony\\Component\\ErrorHandler\\Error\\FatalError(code: 0): Trait \"Spatie\\Translatable\\HasTranslations\" not found at D:\\qixer\\@core\\app\\GalleryCategory.php:9)
[stacktrace]
#0 {main}
"} 
[2025-02-24 23:34:15] local.ERROR: Trait "Spatie\Translatable\HasTranslations" not found {"exception":"[object] (Symfony\\Component\\ErrorHandler\\Error\\FatalError(code: 0): Trait \"Spatie\\Translatable\\HasTranslations\" not found at D:\\qixer\\@core\\app\\GalleryCategory.php:9)
[stacktrace]
#0 {main}
"} 
[2025-02-24 23:35:16] local.ERROR: Trait "Spatie\Translatable\HasTranslations" not found {"exception":"[object] (Symfony\\Component\\ErrorHandler\\Error\\FatalError(code: 0): Trait \"Spatie\\Translatable\\HasTranslations\" not found at D:\\qixer\\@core\\app\\GalleryCategory.php:9)
[stacktrace]
#0 {main}
"} 
[2025-02-24 23:36:16] local.ERROR: Trait "Spatie\Translatable\HasTranslations" not found {"exception":"[object] (Symfony\\Component\\ErrorHandler\\Error\\FatalError(code: 0): Trait \"Spatie\\Translatable\\HasTranslations\" not found at D:\\qixer\\@core\\app\\GalleryCategory.php:9)
[stacktrace]
#0 {main}
"} 
[2025-02-24 23:37:16] local.ERROR: Trait "Spatie\Translatable\HasTranslations" not found {"exception":"[object] (Symfony\\Component\\ErrorHandler\\Error\\FatalError(code: 0): Trait \"Spatie\\Translatable\\HasTranslations\" not found at D:\\qixer\\@core\\app\\GalleryCategory.php:9)
[stacktrace]
#0 {main}
"} 
[2025-02-24 23:38:16] local.ERROR: Trait "Spatie\Translatable\HasTranslations" not found {"exception":"[object] (Symfony\\Component\\ErrorHandler\\Error\\FatalError(code: 0): Trait \"Spatie\\Translatable\\HasTranslations\" not found at D:\\qixer\\@core\\app\\GalleryCategory.php:9)
[stacktrace]
#0 {main}
"} 
[2025-02-24 23:39:16] local.ERROR: Trait "Spatie\Translatable\HasTranslations" not found {"exception":"[object] (Symfony\\Component\\ErrorHandler\\Error\\FatalError(code: 0): Trait \"Spatie\\Translatable\\HasTranslations\" not found at D:\\qixer\\@core\\app\\GalleryCategory.php:9)
[stacktrace]
#0 {main}
"} 
[2025-02-24 23:40:15] local.ERROR: Trait "Spatie\Translatable\HasTranslations" not found {"exception":"[object] (Symfony\\Component\\ErrorHandler\\Error\\FatalError(code: 0): Trait \"Spatie\\Translatable\\HasTranslations\" not found at D:\\qixer\\@core\\app\\GalleryCategory.php:9)
[stacktrace]
#0 {main}
"} 
[2025-02-24 23:41:15] local.ERROR: Trait "Spatie\Translatable\HasTranslations" not found {"exception":"[object] (Symfony\\Component\\ErrorHandler\\Error\\FatalError(code: 0): Trait \"Spatie\\Translatable\\HasTranslations\" not found at D:\\qixer\\@core\\app\\GalleryCategory.php:9)
[stacktrace]
#0 {main}
"} 
[2025-02-24 23:42:15] local.ERROR: Trait "Spatie\Translatable\HasTranslations" not found {"exception":"[object] (Symfony\\Component\\ErrorHandler\\Error\\FatalError(code: 0): Trait \"Spatie\\Translatable\\HasTranslations\" not found at D:\\qixer\\@core\\app\\GalleryCategory.php:9)
[stacktrace]
#0 {main}
"} 
[2025-02-24 23:43:15] local.ERROR: Trait "Spatie\Translatable\HasTranslations" not found {"exception":"[object] (Symfony\\Component\\ErrorHandler\\Error\\FatalError(code: 0): Trait \"Spatie\\Translatable\\HasTranslations\" not found at D:\\qixer\\@core\\app\\GalleryCategory.php:9)
[stacktrace]
#0 {main}
"} 
[2025-02-24 23:44:15] local.ERROR: Trait "Spatie\Translatable\HasTranslations" not found {"exception":"[object] (Symfony\\Component\\ErrorHandler\\Error\\FatalError(code: 0): Trait \"Spatie\\Translatable\\HasTranslations\" not found at D:\\qixer\\@core\\app\\GalleryCategory.php:9)
[stacktrace]
#0 {main}
"} 
[2025-02-24 23:45:15] local.ERROR: Trait "Spatie\Translatable\HasTranslations" not found {"exception":"[object] (Symfony\\Component\\ErrorHandler\\Error\\FatalError(code: 0): Trait \"Spatie\\Translatable\\HasTranslations\" not found at D:\\qixer\\@core\\app\\GalleryCategory.php:9)
[stacktrace]
#0 {main}
"} 
[2025-02-24 23:46:15] local.ERROR: Trait "Spatie\Translatable\HasTranslations" not found {"exception":"[object] (Symfony\\Component\\ErrorHandler\\Error\\FatalError(code: 0): Trait \"Spatie\\Translatable\\HasTranslations\" not found at D:\\qixer\\@core\\app\\GalleryCategory.php:9)
[stacktrace]
#0 {main}
"} 
[2025-02-24 23:47:15] local.ERROR: Trait "Spatie\Translatable\HasTranslations" not found {"exception":"[object] (Symfony\\Component\\ErrorHandler\\Error\\FatalError(code: 0): Trait \"Spatie\\Translatable\\HasTranslations\" not found at D:\\qixer\\@core\\app\\GalleryCategory.php:9)
[stacktrace]
#0 {main}
"} 
[2025-02-24 23:48:15] local.ERROR: Trait "Spatie\Translatable\HasTranslations" not found {"exception":"[object] (Symfony\\Component\\ErrorHandler\\Error\\FatalError(code: 0): Trait \"Spatie\\Translatable\\HasTranslations\" not found at D:\\qixer\\@core\\app\\GalleryCategory.php:9)
[stacktrace]
#0 {main}
"} 
[2025-02-24 23:49:15] local.ERROR: Trait "Spatie\Translatable\HasTranslations" not found {"exception":"[object] (Symfony\\Component\\ErrorHandler\\Error\\FatalError(code: 0): Trait \"Spatie\\Translatable\\HasTranslations\" not found at D:\\qixer\\@core\\app\\GalleryCategory.php:9)
[stacktrace]
#0 {main}
"} 
[2025-02-24 23:50:15] local.ERROR: Trait "Spatie\Translatable\HasTranslations" not found {"exception":"[object] (Symfony\\Component\\ErrorHandler\\Error\\FatalError(code: 0): Trait \"Spatie\\Translatable\\HasTranslations\" not found at D:\\qixer\\@core\\app\\GalleryCategory.php:9)
[stacktrace]
#0 {main}
"} 
[2025-02-24 23:51:15] local.ERROR: Trait "Spatie\Translatable\HasTranslations" not found {"exception":"[object] (Symfony\\Component\\ErrorHandler\\Error\\FatalError(code: 0): Trait \"Spatie\\Translatable\\HasTranslations\" not found at D:\\qixer\\@core\\app\\GalleryCategory.php:9)
[stacktrace]
#0 {main}
"} 
[2025-02-24 23:52:16] local.ERROR: Trait "Spatie\Translatable\HasTranslations" not found {"exception":"[object] (Symfony\\Component\\ErrorHandler\\Error\\FatalError(code: 0): Trait \"Spatie\\Translatable\\HasTranslations\" not found at D:\\qixer\\@core\\app\\GalleryCategory.php:9)
[stacktrace]
#0 {main}
"} 
[2025-02-24 23:53:16] local.ERROR: Trait "Spatie\Translatable\HasTranslations" not found {"exception":"[object] (Symfony\\Component\\ErrorHandler\\Error\\FatalError(code: 0): Trait \"Spatie\\Translatable\\HasTranslations\" not found at D:\\qixer\\@core\\app\\GalleryCategory.php:9)
[stacktrace]
#0 {main}
"} 
[2025-02-24 23:54:15] local.ERROR: Trait "Spatie\Translatable\HasTranslations" not found {"exception":"[object] (Symfony\\Component\\ErrorHandler\\Error\\FatalError(code: 0): Trait \"Spatie\\Translatable\\HasTranslations\" not found at D:\\qixer\\@core\\app\\GalleryCategory.php:9)
[stacktrace]
#0 {main}
"} 
[2025-02-24 23:55:15] local.ERROR: Trait "Spatie\Translatable\HasTranslations" not found {"exception":"[object] (Symfony\\Component\\ErrorHandler\\Error\\FatalError(code: 0): Trait \"Spatie\\Translatable\\HasTranslations\" not found at D:\\qixer\\@core\\app\\GalleryCategory.php:9)
[stacktrace]
#0 {main}
"} 
[2025-02-24 23:56:15] local.ERROR: Trait "Spatie\Translatable\HasTranslations" not found {"exception":"[object] (Symfony\\Component\\ErrorHandler\\Error\\FatalError(code: 0): Trait \"Spatie\\Translatable\\HasTranslations\" not found at D:\\qixer\\@core\\app\\GalleryCategory.php:9)
[stacktrace]
#0 {main}
"} 
[2025-02-24 23:57:15] local.ERROR: Trait "Spatie\Translatable\HasTranslations" not found {"exception":"[object] (Symfony\\Component\\ErrorHandler\\Error\\FatalError(code: 0): Trait \"Spatie\\Translatable\\HasTranslations\" not found at D:\\qixer\\@core\\app\\GalleryCategory.php:9)
[stacktrace]
#0 {main}
"} 
[2025-02-24 23:58:15] local.ERROR: Trait "Spatie\Translatable\HasTranslations" not found {"exception":"[object] (Symfony\\Component\\ErrorHandler\\Error\\FatalError(code: 0): Trait \"Spatie\\Translatable\\HasTranslations\" not found at D:\\qixer\\@core\\app\\GalleryCategory.php:9)
[stacktrace]
#0 {main}
"} 
[2025-02-24 23:59:15] local.ERROR: Trait "Spatie\Translatable\HasTranslations" not found {"exception":"[object] (Symfony\\Component\\ErrorHandler\\Error\\FatalError(code: 0): Trait \"Spatie\\Translatable\\HasTranslations\" not found at D:\\qixer\\@core\\app\\GalleryCategory.php:9)
[stacktrace]
#0 {main}
"} 
