[2025-02-13 00:00:50] local.ERROR: Trait "Spatie\Translatable\HasTranslations" not found {"exception":"[object] (Symfony\\Component\\ErrorHandler\\Error\\FatalError(code: 0): Trait \"Spatie\\Translatable\\HasTranslations\" not found at D:\\qixer\\@core\\app\\GalleryCategory.php:9)
[stacktrace]
#0 {main}
"} 
[2025-02-13 00:01:50] local.ERROR: Trait "Spatie\Translatable\HasTranslations" not found {"exception":"[object] (Symfony\\Component\\ErrorHandler\\Error\\FatalError(code: 0): Trait \"Spatie\\Translatable\\HasTranslations\" not found at D:\\qixer\\@core\\app\\GalleryCategory.php:9)
[stacktrace]
#0 {main}
"} 
[2025-02-13 00:02:50] local.ERROR: Trait "Spatie\Translatable\HasTranslations" not found {"exception":"[object] (Symfony\\Component\\ErrorHandler\\Error\\FatalError(code: 0): Trait \"Spatie\\Translatable\\HasTranslations\" not found at D:\\qixer\\@core\\app\\GalleryCategory.php:9)
[stacktrace]
#0 {main}
"} 
[2025-02-13 00:03:50] local.ERROR: Trait "Spatie\Translatable\HasTranslations" not found {"exception":"[object] (Symfony\\Component\\ErrorHandler\\Error\\FatalError(code: 0): Trait \"Spatie\\Translatable\\HasTranslations\" not found at D:\\qixer\\@core\\app\\GalleryCategory.php:9)
[stacktrace]
#0 {main}
"} 
[2025-02-13 00:04:50] local.ERROR: Trait "Spatie\Translatable\HasTranslations" not found {"exception":"[object] (Symfony\\Component\\ErrorHandler\\Error\\FatalError(code: 0): Trait \"Spatie\\Translatable\\HasTranslations\" not found at D:\\qixer\\@core\\app\\GalleryCategory.php:9)
[stacktrace]
#0 {main}
"} 
[2025-02-13 00:05:50] local.ERROR: Trait "Spatie\Translatable\HasTranslations" not found {"exception":"[object] (Symfony\\Component\\ErrorHandler\\Error\\FatalError(code: 0): Trait \"Spatie\\Translatable\\HasTranslations\" not found at D:\\qixer\\@core\\app\\GalleryCategory.php:9)
[stacktrace]
#0 {main}
"} 
[2025-02-13 00:06:50] local.ERROR: Trait "Spatie\Translatable\HasTranslations" not found {"exception":"[object] (Symfony\\Component\\ErrorHandler\\Error\\FatalError(code: 0): Trait \"Spatie\\Translatable\\HasTranslations\" not found at D:\\qixer\\@core\\app\\GalleryCategory.php:9)
[stacktrace]
#0 {main}
"} 
[2025-02-13 00:07:50] local.ERROR: Trait "Spatie\Translatable\HasTranslations" not found {"exception":"[object] (Symfony\\Component\\ErrorHandler\\Error\\FatalError(code: 0): Trait \"Spatie\\Translatable\\HasTranslations\" not found at D:\\qixer\\@core\\app\\GalleryCategory.php:9)
[stacktrace]
#0 {main}
"} 
[2025-02-13 00:08:50] local.ERROR: Trait "Spatie\Translatable\HasTranslations" not found {"exception":"[object] (Symfony\\Component\\ErrorHandler\\Error\\FatalError(code: 0): Trait \"Spatie\\Translatable\\HasTranslations\" not found at D:\\qixer\\@core\\app\\GalleryCategory.php:9)
[stacktrace]
#0 {main}
"} 
[2025-02-13 00:09:50] local.ERROR: Trait "Spatie\Translatable\HasTranslations" not found {"exception":"[object] (Symfony\\Component\\ErrorHandler\\Error\\FatalError(code: 0): Trait \"Spatie\\Translatable\\HasTranslations\" not found at D:\\qixer\\@core\\app\\GalleryCategory.php:9)
[stacktrace]
#0 {main}
"} 
[2025-02-13 00:10:50] local.ERROR: Trait "Spatie\Translatable\HasTranslations" not found {"exception":"[object] (Symfony\\Component\\ErrorHandler\\Error\\FatalError(code: 0): Trait \"Spatie\\Translatable\\HasTranslations\" not found at D:\\qixer\\@core\\app\\GalleryCategory.php:9)
[stacktrace]
#0 {main}
"} 
[2025-02-13 00:11:51] local.ERROR: Trait "Spatie\Translatable\HasTranslations" not found {"exception":"[object] (Symfony\\Component\\ErrorHandler\\Error\\FatalError(code: 0): Trait \"Spatie\\Translatable\\HasTranslations\" not found at D:\\qixer\\@core\\app\\GalleryCategory.php:9)
[stacktrace]
#0 {main}
"} 
[2025-02-13 00:12:50] local.ERROR: Trait "Spatie\Translatable\HasTranslations" not found {"exception":"[object] (Symfony\\Component\\ErrorHandler\\Error\\FatalError(code: 0): Trait \"Spatie\\Translatable\\HasTranslations\" not found at D:\\qixer\\@core\\app\\GalleryCategory.php:9)
[stacktrace]
#0 {main}
"} 
[2025-02-13 00:13:50] local.ERROR: Trait "Spatie\Translatable\HasTranslations" not found {"exception":"[object] (Symfony\\Component\\ErrorHandler\\Error\\FatalError(code: 0): Trait \"Spatie\\Translatable\\HasTranslations\" not found at D:\\qixer\\@core\\app\\GalleryCategory.php:9)
[stacktrace]
#0 {main}
"} 
[2025-02-13 00:14:50] local.ERROR: Trait "Spatie\Translatable\HasTranslations" not found {"exception":"[object] (Symfony\\Component\\ErrorHandler\\Error\\FatalError(code: 0): Trait \"Spatie\\Translatable\\HasTranslations\" not found at D:\\qixer\\@core\\app\\GalleryCategory.php:9)
[stacktrace]
#0 {main}
"} 
[2025-02-13 00:15:50] local.ERROR: Trait "Spatie\Translatable\HasTranslations" not found {"exception":"[object] (Symfony\\Component\\ErrorHandler\\Error\\FatalError(code: 0): Trait \"Spatie\\Translatable\\HasTranslations\" not found at D:\\qixer\\@core\\app\\GalleryCategory.php:9)
[stacktrace]
#0 {main}
"} 
[2025-02-13 00:16:50] local.ERROR: Trait "Spatie\Translatable\HasTranslations" not found {"exception":"[object] (Symfony\\Component\\ErrorHandler\\Error\\FatalError(code: 0): Trait \"Spatie\\Translatable\\HasTranslations\" not found at D:\\qixer\\@core\\app\\GalleryCategory.php:9)
[stacktrace]
#0 {main}
"} 
[2025-02-13 00:17:50] local.ERROR: Trait "Spatie\Translatable\HasTranslations" not found {"exception":"[object] (Symfony\\Component\\ErrorHandler\\Error\\FatalError(code: 0): Trait \"Spatie\\Translatable\\HasTranslations\" not found at D:\\qixer\\@core\\app\\GalleryCategory.php:9)
[stacktrace]
#0 {main}
"} 
[2025-02-13 00:18:50] local.ERROR: Trait "Spatie\Translatable\HasTranslations" not found {"exception":"[object] (Symfony\\Component\\ErrorHandler\\Error\\FatalError(code: 0): Trait \"Spatie\\Translatable\\HasTranslations\" not found at D:\\qixer\\@core\\app\\GalleryCategory.php:9)
[stacktrace]
#0 {main}
"} 
[2025-02-13 00:19:50] local.ERROR: Trait "Spatie\Translatable\HasTranslations" not found {"exception":"[object] (Symfony\\Component\\ErrorHandler\\Error\\FatalError(code: 0): Trait \"Spatie\\Translatable\\HasTranslations\" not found at D:\\qixer\\@core\\app\\GalleryCategory.php:9)
[stacktrace]
#0 {main}
"} 
[2025-02-13 00:20:50] local.ERROR: Trait "Spatie\Translatable\HasTranslations" not found {"exception":"[object] (Symfony\\Component\\ErrorHandler\\Error\\FatalError(code: 0): Trait \"Spatie\\Translatable\\HasTranslations\" not found at D:\\qixer\\@core\\app\\GalleryCategory.php:9)
[stacktrace]
#0 {main}
"} 
[2025-02-13 00:21:50] local.ERROR: Trait "Spatie\Translatable\HasTranslations" not found {"exception":"[object] (Symfony\\Component\\ErrorHandler\\Error\\FatalError(code: 0): Trait \"Spatie\\Translatable\\HasTranslations\" not found at D:\\qixer\\@core\\app\\GalleryCategory.php:9)
[stacktrace]
#0 {main}
"} 
[2025-02-13 00:22:53] local.ERROR: Trait "Spatie\Translatable\HasTranslations" not found {"exception":"[object] (Symfony\\Component\\ErrorHandler\\Error\\FatalError(code: 0): Trait \"Spatie\\Translatable\\HasTranslations\" not found at D:\\qixer\\@core\\app\\GalleryCategory.php:9)
[stacktrace]
#0 {main}
"} 
[2025-02-13 00:23:50] local.ERROR: Trait "Spatie\Translatable\HasTranslations" not found {"exception":"[object] (Symfony\\Component\\ErrorHandler\\Error\\FatalError(code: 0): Trait \"Spatie\\Translatable\\HasTranslations\" not found at D:\\qixer\\@core\\app\\GalleryCategory.php:9)
[stacktrace]
#0 {main}
"} 
[2025-02-13 00:24:50] local.ERROR: Trait "Spatie\Translatable\HasTranslations" not found {"exception":"[object] (Symfony\\Component\\ErrorHandler\\Error\\FatalError(code: 0): Trait \"Spatie\\Translatable\\HasTranslations\" not found at D:\\qixer\\@core\\app\\GalleryCategory.php:9)
[stacktrace]
#0 {main}
"} 
[2025-02-13 00:25:51] local.ERROR: Trait "Spatie\Translatable\HasTranslations" not found {"exception":"[object] (Symfony\\Component\\ErrorHandler\\Error\\FatalError(code: 0): Trait \"Spatie\\Translatable\\HasTranslations\" not found at D:\\qixer\\@core\\app\\GalleryCategory.php:9)
[stacktrace]
#0 {main}
"} 
[2025-02-13 00:26:50] local.ERROR: Trait "Spatie\Translatable\HasTranslations" not found {"exception":"[object] (Symfony\\Component\\ErrorHandler\\Error\\FatalError(code: 0): Trait \"Spatie\\Translatable\\HasTranslations\" not found at D:\\qixer\\@core\\app\\GalleryCategory.php:9)
[stacktrace]
#0 {main}
"} 
[2025-02-13 00:27:50] local.ERROR: Trait "Spatie\Translatable\HasTranslations" not found {"exception":"[object] (Symfony\\Component\\ErrorHandler\\Error\\FatalError(code: 0): Trait \"Spatie\\Translatable\\HasTranslations\" not found at D:\\qixer\\@core\\app\\GalleryCategory.php:9)
[stacktrace]
#0 {main}
"} 
[2025-02-13 00:28:50] local.ERROR: Trait "Spatie\Translatable\HasTranslations" not found {"exception":"[object] (Symfony\\Component\\ErrorHandler\\Error\\FatalError(code: 0): Trait \"Spatie\\Translatable\\HasTranslations\" not found at D:\\qixer\\@core\\app\\GalleryCategory.php:9)
[stacktrace]
#0 {main}
"} 
[2025-02-13 00:29:51] local.ERROR: Trait "Spatie\Translatable\HasTranslations" not found {"exception":"[object] (Symfony\\Component\\ErrorHandler\\Error\\FatalError(code: 0): Trait \"Spatie\\Translatable\\HasTranslations\" not found at D:\\qixer\\@core\\app\\GalleryCategory.php:9)
[stacktrace]
#0 {main}
"} 
[2025-02-13 00:30:50] local.ERROR: Trait "Spatie\Translatable\HasTranslations" not found {"exception":"[object] (Symfony\\Component\\ErrorHandler\\Error\\FatalError(code: 0): Trait \"Spatie\\Translatable\\HasTranslations\" not found at D:\\qixer\\@core\\app\\GalleryCategory.php:9)
[stacktrace]
#0 {main}
"} 
[2025-02-13 15:03:23] local.ERROR: Trait "Spatie\Translatable\HasTranslations" not found {"exception":"[object] (Symfony\\Component\\ErrorHandler\\Error\\FatalError(code: 0): Trait \"Spatie\\Translatable\\HasTranslations\" not found at D:\\qixer\\@core\\app\\GalleryCategory.php:9)
[stacktrace]
#0 {main}
"} 
[2025-02-13 15:04:11] local.ERROR: Trait "Spatie\Translatable\HasTranslations" not found {"exception":"[object] (Symfony\\Component\\ErrorHandler\\Error\\FatalError(code: 0): Trait \"Spatie\\Translatable\\HasTranslations\" not found at D:\\qixer\\@core\\app\\GalleryCategory.php:9)
[stacktrace]
#0 {main}
"} 
[2025-02-13 15:05:11] local.ERROR: Trait "Spatie\Translatable\HasTranslations" not found {"exception":"[object] (Symfony\\Component\\ErrorHandler\\Error\\FatalError(code: 0): Trait \"Spatie\\Translatable\\HasTranslations\" not found at D:\\qixer\\@core\\app\\GalleryCategory.php:9)
[stacktrace]
#0 {main}
"} 
[2025-02-13 15:06:11] local.ERROR: Trait "Spatie\Translatable\HasTranslations" not found {"exception":"[object] (Symfony\\Component\\ErrorHandler\\Error\\FatalError(code: 0): Trait \"Spatie\\Translatable\\HasTranslations\" not found at D:\\qixer\\@core\\app\\GalleryCategory.php:9)
[stacktrace]
#0 {main}
"} 
[2025-02-13 15:07:11] local.ERROR: Trait "Spatie\Translatable\HasTranslations" not found {"exception":"[object] (Symfony\\Component\\ErrorHandler\\Error\\FatalError(code: 0): Trait \"Spatie\\Translatable\\HasTranslations\" not found at D:\\qixer\\@core\\app\\GalleryCategory.php:9)
[stacktrace]
#0 {main}
"} 
[2025-02-13 15:08:11] local.ERROR: Trait "Spatie\Translatable\HasTranslations" not found {"exception":"[object] (Symfony\\Component\\ErrorHandler\\Error\\FatalError(code: 0): Trait \"Spatie\\Translatable\\HasTranslations\" not found at D:\\qixer\\@core\\app\\GalleryCategory.php:9)
[stacktrace]
#0 {main}
"} 
[2025-02-13 15:09:11] local.ERROR: Trait "Spatie\Translatable\HasTranslations" not found {"exception":"[object] (Symfony\\Component\\ErrorHandler\\Error\\FatalError(code: 0): Trait \"Spatie\\Translatable\\HasTranslations\" not found at D:\\qixer\\@core\\app\\GalleryCategory.php:9)
[stacktrace]
#0 {main}
"} 
[2025-02-13 15:10:11] local.ERROR: Trait "Spatie\Translatable\HasTranslations" not found {"exception":"[object] (Symfony\\Component\\ErrorHandler\\Error\\FatalError(code: 0): Trait \"Spatie\\Translatable\\HasTranslations\" not found at D:\\qixer\\@core\\app\\GalleryCategory.php:9)
[stacktrace]
#0 {main}
"} 
[2025-02-13 15:11:11] local.ERROR: Trait "Spatie\Translatable\HasTranslations" not found {"exception":"[object] (Symfony\\Component\\ErrorHandler\\Error\\FatalError(code: 0): Trait \"Spatie\\Translatable\\HasTranslations\" not found at D:\\qixer\\@core\\app\\GalleryCategory.php:9)
[stacktrace]
#0 {main}
"} 
[2025-02-13 15:12:12] local.ERROR: Trait "Spatie\Translatable\HasTranslations" not found {"exception":"[object] (Symfony\\Component\\ErrorHandler\\Error\\FatalError(code: 0): Trait \"Spatie\\Translatable\\HasTranslations\" not found at D:\\qixer\\@core\\app\\GalleryCategory.php:9)
[stacktrace]
#0 {main}
"} 
[2025-02-13 15:13:12] local.ERROR: Trait "Spatie\Translatable\HasTranslations" not found {"exception":"[object] (Symfony\\Component\\ErrorHandler\\Error\\FatalError(code: 0): Trait \"Spatie\\Translatable\\HasTranslations\" not found at D:\\qixer\\@core\\app\\GalleryCategory.php:9)
[stacktrace]
#0 {main}
"} 
[2025-02-13 15:14:12] local.ERROR: Trait "Spatie\Translatable\HasTranslations" not found {"exception":"[object] (Symfony\\Component\\ErrorHandler\\Error\\FatalError(code: 0): Trait \"Spatie\\Translatable\\HasTranslations\" not found at D:\\qixer\\@core\\app\\GalleryCategory.php:9)
[stacktrace]
#0 {main}
"} 
[2025-02-13 15:15:11] local.ERROR: Trait "Spatie\Translatable\HasTranslations" not found {"exception":"[object] (Symfony\\Component\\ErrorHandler\\Error\\FatalError(code: 0): Trait \"Spatie\\Translatable\\HasTranslations\" not found at D:\\qixer\\@core\\app\\GalleryCategory.php:9)
[stacktrace]
#0 {main}
"} 
[2025-02-13 15:16:11] local.ERROR: Trait "Spatie\Translatable\HasTranslations" not found {"exception":"[object] (Symfony\\Component\\ErrorHandler\\Error\\FatalError(code: 0): Trait \"Spatie\\Translatable\\HasTranslations\" not found at D:\\qixer\\@core\\app\\GalleryCategory.php:9)
[stacktrace]
#0 {main}
"} 
[2025-02-13 15:17:12] local.ERROR: Trait "Spatie\Translatable\HasTranslations" not found {"exception":"[object] (Symfony\\Component\\ErrorHandler\\Error\\FatalError(code: 0): Trait \"Spatie\\Translatable\\HasTranslations\" not found at D:\\qixer\\@core\\app\\GalleryCategory.php:9)
[stacktrace]
#0 {main}
"} 
[2025-02-13 15:18:11] local.ERROR: Trait "Spatie\Translatable\HasTranslations" not found {"exception":"[object] (Symfony\\Component\\ErrorHandler\\Error\\FatalError(code: 0): Trait \"Spatie\\Translatable\\HasTranslations\" not found at D:\\qixer\\@core\\app\\GalleryCategory.php:9)
[stacktrace]
#0 {main}
"} 
[2025-02-13 15:19:13] local.ERROR: Trait "Spatie\Translatable\HasTranslations" not found {"exception":"[object] (Symfony\\Component\\ErrorHandler\\Error\\FatalError(code: 0): Trait \"Spatie\\Translatable\\HasTranslations\" not found at D:\\qixer\\@core\\app\\GalleryCategory.php:9)
[stacktrace]
#0 {main}
"} 
[2025-02-13 15:20:13] local.ERROR: Trait "Spatie\Translatable\HasTranslations" not found {"exception":"[object] (Symfony\\Component\\ErrorHandler\\Error\\FatalError(code: 0): Trait \"Spatie\\Translatable\\HasTranslations\" not found at D:\\qixer\\@core\\app\\GalleryCategory.php:9)
[stacktrace]
#0 {main}
"} 
[2025-02-13 15:21:12] local.ERROR: Trait "Spatie\Translatable\HasTranslations" not found {"exception":"[object] (Symfony\\Component\\ErrorHandler\\Error\\FatalError(code: 0): Trait \"Spatie\\Translatable\\HasTranslations\" not found at D:\\qixer\\@core\\app\\GalleryCategory.php:9)
[stacktrace]
#0 {main}
"} 
[2025-02-13 15:22:12] local.ERROR: Trait "Spatie\Translatable\HasTranslations" not found {"exception":"[object] (Symfony\\Component\\ErrorHandler\\Error\\FatalError(code: 0): Trait \"Spatie\\Translatable\\HasTranslations\" not found at D:\\qixer\\@core\\app\\GalleryCategory.php:9)
[stacktrace]
#0 {main}
"} 
[2025-02-13 15:23:12] local.ERROR: Trait "Spatie\Translatable\HasTranslations" not found {"exception":"[object] (Symfony\\Component\\ErrorHandler\\Error\\FatalError(code: 0): Trait \"Spatie\\Translatable\\HasTranslations\" not found at D:\\qixer\\@core\\app\\GalleryCategory.php:9)
[stacktrace]
#0 {main}
"} 
[2025-02-13 15:24:12] local.ERROR: Trait "Spatie\Translatable\HasTranslations" not found {"exception":"[object] (Symfony\\Component\\ErrorHandler\\Error\\FatalError(code: 0): Trait \"Spatie\\Translatable\\HasTranslations\" not found at D:\\qixer\\@core\\app\\GalleryCategory.php:9)
[stacktrace]
#0 {main}
"} 
[2025-02-13 15:25:12] local.ERROR: Trait "Spatie\Translatable\HasTranslations" not found {"exception":"[object] (Symfony\\Component\\ErrorHandler\\Error\\FatalError(code: 0): Trait \"Spatie\\Translatable\\HasTranslations\" not found at D:\\qixer\\@core\\app\\GalleryCategory.php:9)
[stacktrace]
#0 {main}
"} 
[2025-02-13 15:26:12] local.ERROR: Trait "Spatie\Translatable\HasTranslations" not found {"exception":"[object] (Symfony\\Component\\ErrorHandler\\Error\\FatalError(code: 0): Trait \"Spatie\\Translatable\\HasTranslations\" not found at D:\\qixer\\@core\\app\\GalleryCategory.php:9)
[stacktrace]
#0 {main}
"} 
[2025-02-13 15:27:12] local.ERROR: Trait "Spatie\Translatable\HasTranslations" not found {"exception":"[object] (Symfony\\Component\\ErrorHandler\\Error\\FatalError(code: 0): Trait \"Spatie\\Translatable\\HasTranslations\" not found at D:\\qixer\\@core\\app\\GalleryCategory.php:9)
[stacktrace]
#0 {main}
"} 
[2025-02-13 15:28:13] local.ERROR: Trait "Spatie\Translatable\HasTranslations" not found {"exception":"[object] (Symfony\\Component\\ErrorHandler\\Error\\FatalError(code: 0): Trait \"Spatie\\Translatable\\HasTranslations\" not found at D:\\qixer\\@core\\app\\GalleryCategory.php:9)
[stacktrace]
#0 {main}
"} 
[2025-02-13 15:29:12] local.ERROR: Trait "Spatie\Translatable\HasTranslations" not found {"exception":"[object] (Symfony\\Component\\ErrorHandler\\Error\\FatalError(code: 0): Trait \"Spatie\\Translatable\\HasTranslations\" not found at D:\\qixer\\@core\\app\\GalleryCategory.php:9)
[stacktrace]
#0 {main}
"} 
[2025-02-13 15:30:12] local.ERROR: Trait "Spatie\Translatable\HasTranslations" not found {"exception":"[object] (Symfony\\Component\\ErrorHandler\\Error\\FatalError(code: 0): Trait \"Spatie\\Translatable\\HasTranslations\" not found at D:\\qixer\\@core\\app\\GalleryCategory.php:9)
[stacktrace]
#0 {main}
"} 
[2025-02-13 15:31:12] local.ERROR: Trait "Spatie\Translatable\HasTranslations" not found {"exception":"[object] (Symfony\\Component\\ErrorHandler\\Error\\FatalError(code: 0): Trait \"Spatie\\Translatable\\HasTranslations\" not found at D:\\qixer\\@core\\app\\GalleryCategory.php:9)
[stacktrace]
#0 {main}
"} 
[2025-02-13 15:32:12] local.ERROR: Trait "Spatie\Translatable\HasTranslations" not found {"exception":"[object] (Symfony\\Component\\ErrorHandler\\Error\\FatalError(code: 0): Trait \"Spatie\\Translatable\\HasTranslations\" not found at D:\\qixer\\@core\\app\\GalleryCategory.php:9)
[stacktrace]
#0 {main}
"} 
[2025-02-13 15:33:12] local.ERROR: Trait "Spatie\Translatable\HasTranslations" not found {"exception":"[object] (Symfony\\Component\\ErrorHandler\\Error\\FatalError(code: 0): Trait \"Spatie\\Translatable\\HasTranslations\" not found at D:\\qixer\\@core\\app\\GalleryCategory.php:9)
[stacktrace]
#0 {main}
"} 
[2025-02-13 15:34:12] local.ERROR: Trait "Spatie\Translatable\HasTranslations" not found {"exception":"[object] (Symfony\\Component\\ErrorHandler\\Error\\FatalError(code: 0): Trait \"Spatie\\Translatable\\HasTranslations\" not found at D:\\qixer\\@core\\app\\GalleryCategory.php:9)
[stacktrace]
#0 {main}
"} 
[2025-02-13 15:35:12] local.ERROR: Trait "Spatie\Translatable\HasTranslations" not found {"exception":"[object] (Symfony\\Component\\ErrorHandler\\Error\\FatalError(code: 0): Trait \"Spatie\\Translatable\\HasTranslations\" not found at D:\\qixer\\@core\\app\\GalleryCategory.php:9)
[stacktrace]
#0 {main}
"} 
[2025-02-13 15:36:17] local.ERROR: Trait "Spatie\Translatable\HasTranslations" not found {"exception":"[object] (Symfony\\Component\\ErrorHandler\\Error\\FatalError(code: 0): Trait \"Spatie\\Translatable\\HasTranslations\" not found at D:\\qixer\\@core\\app\\GalleryCategory.php:9)
[stacktrace]
#0 {main}
"} 
[2025-02-13 15:37:15] local.ERROR: Trait "Spatie\Translatable\HasTranslations" not found {"exception":"[object] (Symfony\\Component\\ErrorHandler\\Error\\FatalError(code: 0): Trait \"Spatie\\Translatable\\HasTranslations\" not found at D:\\qixer\\@core\\app\\GalleryCategory.php:9)
[stacktrace]
#0 {main}
"} 
[2025-02-13 15:38:12] local.ERROR: Trait "Spatie\Translatable\HasTranslations" not found {"exception":"[object] (Symfony\\Component\\ErrorHandler\\Error\\FatalError(code: 0): Trait \"Spatie\\Translatable\\HasTranslations\" not found at D:\\qixer\\@core\\app\\GalleryCategory.php:9)
[stacktrace]
#0 {main}
"} 
[2025-02-13 15:39:12] local.ERROR: Trait "Spatie\Translatable\HasTranslations" not found {"exception":"[object] (Symfony\\Component\\ErrorHandler\\Error\\FatalError(code: 0): Trait \"Spatie\\Translatable\\HasTranslations\" not found at D:\\qixer\\@core\\app\\GalleryCategory.php:9)
[stacktrace]
#0 {main}
"} 
[2025-02-13 15:40:12] local.ERROR: Trait "Spatie\Translatable\HasTranslations" not found {"exception":"[object] (Symfony\\Component\\ErrorHandler\\Error\\FatalError(code: 0): Trait \"Spatie\\Translatable\\HasTranslations\" not found at D:\\qixer\\@core\\app\\GalleryCategory.php:9)
[stacktrace]
#0 {main}
"} 
[2025-02-13 15:41:15] local.ERROR: Trait "Spatie\Translatable\HasTranslations" not found {"exception":"[object] (Symfony\\Component\\ErrorHandler\\Error\\FatalError(code: 0): Trait \"Spatie\\Translatable\\HasTranslations\" not found at D:\\qixer\\@core\\app\\GalleryCategory.php:9)
[stacktrace]
#0 {main}
"} 
[2025-02-13 15:42:14] local.ERROR: Trait "Spatie\Translatable\HasTranslations" not found {"exception":"[object] (Symfony\\Component\\ErrorHandler\\Error\\FatalError(code: 0): Trait \"Spatie\\Translatable\\HasTranslations\" not found at D:\\qixer\\@core\\app\\GalleryCategory.php:9)
[stacktrace]
#0 {main}
"} 
[2025-02-13 15:43:16] local.ERROR: Trait "Spatie\Translatable\HasTranslations" not found {"exception":"[object] (Symfony\\Component\\ErrorHandler\\Error\\FatalError(code: 0): Trait \"Spatie\\Translatable\\HasTranslations\" not found at D:\\qixer\\@core\\app\\GalleryCategory.php:9)
[stacktrace]
#0 {main}
"} 
[2025-02-13 15:44:16] local.ERROR: Trait "Spatie\Translatable\HasTranslations" not found {"exception":"[object] (Symfony\\Component\\ErrorHandler\\Error\\FatalError(code: 0): Trait \"Spatie\\Translatable\\HasTranslations\" not found at D:\\qixer\\@core\\app\\GalleryCategory.php:9)
[stacktrace]
#0 {main}
"} 
[2025-02-13 15:45:14] local.ERROR: Trait "Spatie\Translatable\HasTranslations" not found {"exception":"[object] (Symfony\\Component\\ErrorHandler\\Error\\FatalError(code: 0): Trait \"Spatie\\Translatable\\HasTranslations\" not found at D:\\qixer\\@core\\app\\GalleryCategory.php:9)
[stacktrace]
#0 {main}
"} 
[2025-02-13 15:46:13] local.ERROR: Trait "Spatie\Translatable\HasTranslations" not found {"exception":"[object] (Symfony\\Component\\ErrorHandler\\Error\\FatalError(code: 0): Trait \"Spatie\\Translatable\\HasTranslations\" not found at D:\\qixer\\@core\\app\\GalleryCategory.php:9)
[stacktrace]
#0 {main}
"} 
[2025-02-13 15:47:13] local.ERROR: Trait "Spatie\Translatable\HasTranslations" not found {"exception":"[object] (Symfony\\Component\\ErrorHandler\\Error\\FatalError(code: 0): Trait \"Spatie\\Translatable\\HasTranslations\" not found at D:\\qixer\\@core\\app\\GalleryCategory.php:9)
[stacktrace]
#0 {main}
"} 
[2025-02-13 15:48:16] local.ERROR: Trait "Spatie\Translatable\HasTranslations" not found {"exception":"[object] (Symfony\\Component\\ErrorHandler\\Error\\FatalError(code: 0): Trait \"Spatie\\Translatable\\HasTranslations\" not found at D:\\qixer\\@core\\app\\GalleryCategory.php:9)
[stacktrace]
#0 {main}
"} 
[2025-02-13 15:49:16] local.ERROR: Trait "Spatie\Translatable\HasTranslations" not found {"exception":"[object] (Symfony\\Component\\ErrorHandler\\Error\\FatalError(code: 0): Trait \"Spatie\\Translatable\\HasTranslations\" not found at D:\\qixer\\@core\\app\\GalleryCategory.php:9)
[stacktrace]
#0 {main}
"} 
[2025-02-13 15:50:12] local.ERROR: Trait "Spatie\Translatable\HasTranslations" not found {"exception":"[object] (Symfony\\Component\\ErrorHandler\\Error\\FatalError(code: 0): Trait \"Spatie\\Translatable\\HasTranslations\" not found at D:\\qixer\\@core\\app\\GalleryCategory.php:9)
[stacktrace]
#0 {main}
"} 
[2025-02-13 15:51:13] local.ERROR: Trait "Spatie\Translatable\HasTranslations" not found {"exception":"[object] (Symfony\\Component\\ErrorHandler\\Error\\FatalError(code: 0): Trait \"Spatie\\Translatable\\HasTranslations\" not found at D:\\qixer\\@core\\app\\GalleryCategory.php:9)
[stacktrace]
#0 {main}
"} 
[2025-02-13 15:52:13] local.ERROR: Trait "Spatie\Translatable\HasTranslations" not found {"exception":"[object] (Symfony\\Component\\ErrorHandler\\Error\\FatalError(code: 0): Trait \"Spatie\\Translatable\\HasTranslations\" not found at D:\\qixer\\@core\\app\\GalleryCategory.php:9)
[stacktrace]
#0 {main}
"} 
[2025-02-13 15:53:12] local.ERROR: Trait "Spatie\Translatable\HasTranslations" not found {"exception":"[object] (Symfony\\Component\\ErrorHandler\\Error\\FatalError(code: 0): Trait \"Spatie\\Translatable\\HasTranslations\" not found at D:\\qixer\\@core\\app\\GalleryCategory.php:9)
[stacktrace]
#0 {main}
"} 
[2025-02-13 15:54:13] local.ERROR: Trait "Spatie\Translatable\HasTranslations" not found {"exception":"[object] (Symfony\\Component\\ErrorHandler\\Error\\FatalError(code: 0): Trait \"Spatie\\Translatable\\HasTranslations\" not found at D:\\qixer\\@core\\app\\GalleryCategory.php:9)
[stacktrace]
#0 {main}
"} 
[2025-02-13 15:55:12] local.ERROR: Trait "Spatie\Translatable\HasTranslations" not found {"exception":"[object] (Symfony\\Component\\ErrorHandler\\Error\\FatalError(code: 0): Trait \"Spatie\\Translatable\\HasTranslations\" not found at D:\\qixer\\@core\\app\\GalleryCategory.php:9)
[stacktrace]
#0 {main}
"} 
[2025-02-13 15:56:13] local.ERROR: Trait "Spatie\Translatable\HasTranslations" not found {"exception":"[object] (Symfony\\Component\\ErrorHandler\\Error\\FatalError(code: 0): Trait \"Spatie\\Translatable\\HasTranslations\" not found at D:\\qixer\\@core\\app\\GalleryCategory.php:9)
[stacktrace]
#0 {main}
"} 
[2025-02-13 15:57:12] local.ERROR: Trait "Spatie\Translatable\HasTranslations" not found {"exception":"[object] (Symfony\\Component\\ErrorHandler\\Error\\FatalError(code: 0): Trait \"Spatie\\Translatable\\HasTranslations\" not found at D:\\qixer\\@core\\app\\GalleryCategory.php:9)
[stacktrace]
#0 {main}
"} 
[2025-02-13 15:58:12] local.ERROR: Trait "Spatie\Translatable\HasTranslations" not found {"exception":"[object] (Symfony\\Component\\ErrorHandler\\Error\\FatalError(code: 0): Trait \"Spatie\\Translatable\\HasTranslations\" not found at D:\\qixer\\@core\\app\\GalleryCategory.php:9)
[stacktrace]
#0 {main}
"} 
[2025-02-13 15:59:13] local.ERROR: Trait "Spatie\Translatable\HasTranslations" not found {"exception":"[object] (Symfony\\Component\\ErrorHandler\\Error\\FatalError(code: 0): Trait \"Spatie\\Translatable\\HasTranslations\" not found at D:\\qixer\\@core\\app\\GalleryCategory.php:9)
[stacktrace]
#0 {main}
"} 
[2025-02-13 16:00:13] local.ERROR: Trait "Spatie\Translatable\HasTranslations" not found {"exception":"[object] (Symfony\\Component\\ErrorHandler\\Error\\FatalError(code: 0): Trait \"Spatie\\Translatable\\HasTranslations\" not found at D:\\qixer\\@core\\app\\GalleryCategory.php:9)
[stacktrace]
#0 {main}
"} 
[2025-02-13 16:01:12] local.ERROR: Trait "Spatie\Translatable\HasTranslations" not found {"exception":"[object] (Symfony\\Component\\ErrorHandler\\Error\\FatalError(code: 0): Trait \"Spatie\\Translatable\\HasTranslations\" not found at D:\\qixer\\@core\\app\\GalleryCategory.php:9)
[stacktrace]
#0 {main}
"} 
[2025-02-13 16:02:12] local.ERROR: Trait "Spatie\Translatable\HasTranslations" not found {"exception":"[object] (Symfony\\Component\\ErrorHandler\\Error\\FatalError(code: 0): Trait \"Spatie\\Translatable\\HasTranslations\" not found at D:\\qixer\\@core\\app\\GalleryCategory.php:9)
[stacktrace]
#0 {main}
"} 
[2025-02-13 16:03:12] local.ERROR: Trait "Spatie\Translatable\HasTranslations" not found {"exception":"[object] (Symfony\\Component\\ErrorHandler\\Error\\FatalError(code: 0): Trait \"Spatie\\Translatable\\HasTranslations\" not found at D:\\qixer\\@core\\app\\GalleryCategory.php:9)
[stacktrace]
#0 {main}
"} 
[2025-02-13 16:04:13] local.ERROR: Trait "Spatie\Translatable\HasTranslations" not found {"exception":"[object] (Symfony\\Component\\ErrorHandler\\Error\\FatalError(code: 0): Trait \"Spatie\\Translatable\\HasTranslations\" not found at D:\\qixer\\@core\\app\\GalleryCategory.php:9)
[stacktrace]
#0 {main}
"} 
[2025-02-13 16:05:12] local.ERROR: Trait "Spatie\Translatable\HasTranslations" not found {"exception":"[object] (Symfony\\Component\\ErrorHandler\\Error\\FatalError(code: 0): Trait \"Spatie\\Translatable\\HasTranslations\" not found at D:\\qixer\\@core\\app\\GalleryCategory.php:9)
[stacktrace]
#0 {main}
"} 
[2025-02-13 16:06:13] local.ERROR: Trait "Spatie\Translatable\HasTranslations" not found {"exception":"[object] (Symfony\\Component\\ErrorHandler\\Error\\FatalError(code: 0): Trait \"Spatie\\Translatable\\HasTranslations\" not found at D:\\qixer\\@core\\app\\GalleryCategory.php:9)
[stacktrace]
#0 {main}
"} 
[2025-02-13 16:07:12] local.ERROR: Trait "Spatie\Translatable\HasTranslations" not found {"exception":"[object] (Symfony\\Component\\ErrorHandler\\Error\\FatalError(code: 0): Trait \"Spatie\\Translatable\\HasTranslations\" not found at D:\\qixer\\@core\\app\\GalleryCategory.php:9)
[stacktrace]
#0 {main}
"} 
[2025-02-13 16:08:12] local.ERROR: Trait "Spatie\Translatable\HasTranslations" not found {"exception":"[object] (Symfony\\Component\\ErrorHandler\\Error\\FatalError(code: 0): Trait \"Spatie\\Translatable\\HasTranslations\" not found at D:\\qixer\\@core\\app\\GalleryCategory.php:9)
[stacktrace]
#0 {main}
"} 
[2025-02-13 16:09:12] local.ERROR: Trait "Spatie\Translatable\HasTranslations" not found {"exception":"[object] (Symfony\\Component\\ErrorHandler\\Error\\FatalError(code: 0): Trait \"Spatie\\Translatable\\HasTranslations\" not found at D:\\qixer\\@core\\app\\GalleryCategory.php:9)
[stacktrace]
#0 {main}
"} 
[2025-02-13 16:10:14] local.ERROR: Trait "Spatie\Translatable\HasTranslations" not found {"exception":"[object] (Symfony\\Component\\ErrorHandler\\Error\\FatalError(code: 0): Trait \"Spatie\\Translatable\\HasTranslations\" not found at D:\\qixer\\@core\\app\\GalleryCategory.php:9)
[stacktrace]
#0 {main}
"} 
[2025-02-13 16:11:13] local.ERROR: Trait "Spatie\Translatable\HasTranslations" not found {"exception":"[object] (Symfony\\Component\\ErrorHandler\\Error\\FatalError(code: 0): Trait \"Spatie\\Translatable\\HasTranslations\" not found at D:\\qixer\\@core\\app\\GalleryCategory.php:9)
[stacktrace]
#0 {main}
"} 
[2025-02-13 16:12:13] local.ERROR: Trait "Spatie\Translatable\HasTranslations" not found {"exception":"[object] (Symfony\\Component\\ErrorHandler\\Error\\FatalError(code: 0): Trait \"Spatie\\Translatable\\HasTranslations\" not found at D:\\qixer\\@core\\app\\GalleryCategory.php:9)
[stacktrace]
#0 {main}
"} 
[2025-02-13 16:13:12] local.ERROR: Trait "Spatie\Translatable\HasTranslations" not found {"exception":"[object] (Symfony\\Component\\ErrorHandler\\Error\\FatalError(code: 0): Trait \"Spatie\\Translatable\\HasTranslations\" not found at D:\\qixer\\@core\\app\\GalleryCategory.php:9)
[stacktrace]
#0 {main}
"} 
[2025-02-13 16:14:12] local.ERROR: Trait "Spatie\Translatable\HasTranslations" not found {"exception":"[object] (Symfony\\Component\\ErrorHandler\\Error\\FatalError(code: 0): Trait \"Spatie\\Translatable\\HasTranslations\" not found at D:\\qixer\\@core\\app\\GalleryCategory.php:9)
[stacktrace]
#0 {main}
"} 
[2025-02-13 16:15:12] local.ERROR: Trait "Spatie\Translatable\HasTranslations" not found {"exception":"[object] (Symfony\\Component\\ErrorHandler\\Error\\FatalError(code: 0): Trait \"Spatie\\Translatable\\HasTranslations\" not found at D:\\qixer\\@core\\app\\GalleryCategory.php:9)
[stacktrace]
#0 {main}
"} 
[2025-02-13 16:16:12] local.ERROR: Trait "Spatie\Translatable\HasTranslations" not found {"exception":"[object] (Symfony\\Component\\ErrorHandler\\Error\\FatalError(code: 0): Trait \"Spatie\\Translatable\\HasTranslations\" not found at D:\\qixer\\@core\\app\\GalleryCategory.php:9)
[stacktrace]
#0 {main}
"} 
[2025-02-13 16:17:12] local.ERROR: Trait "Spatie\Translatable\HasTranslations" not found {"exception":"[object] (Symfony\\Component\\ErrorHandler\\Error\\FatalError(code: 0): Trait \"Spatie\\Translatable\\HasTranslations\" not found at D:\\qixer\\@core\\app\\GalleryCategory.php:9)
[stacktrace]
#0 {main}
"} 
[2025-02-13 16:18:12] local.ERROR: Trait "Spatie\Translatable\HasTranslations" not found {"exception":"[object] (Symfony\\Component\\ErrorHandler\\Error\\FatalError(code: 0): Trait \"Spatie\\Translatable\\HasTranslations\" not found at D:\\qixer\\@core\\app\\GalleryCategory.php:9)
[stacktrace]
#0 {main}
"} 
[2025-02-13 16:19:12] local.ERROR: Trait "Spatie\Translatable\HasTranslations" not found {"exception":"[object] (Symfony\\Component\\ErrorHandler\\Error\\FatalError(code: 0): Trait \"Spatie\\Translatable\\HasTranslations\" not found at D:\\qixer\\@core\\app\\GalleryCategory.php:9)
[stacktrace]
#0 {main}
"} 
[2025-02-13 16:20:12] local.ERROR: Trait "Spatie\Translatable\HasTranslations" not found {"exception":"[object] (Symfony\\Component\\ErrorHandler\\Error\\FatalError(code: 0): Trait \"Spatie\\Translatable\\HasTranslations\" not found at D:\\qixer\\@core\\app\\GalleryCategory.php:9)
[stacktrace]
#0 {main}
"} 
[2025-02-13 16:21:13] local.ERROR: Trait "Spatie\Translatable\HasTranslations" not found {"exception":"[object] (Symfony\\Component\\ErrorHandler\\Error\\FatalError(code: 0): Trait \"Spatie\\Translatable\\HasTranslations\" not found at D:\\qixer\\@core\\app\\GalleryCategory.php:9)
[stacktrace]
#0 {main}
"} 
[2025-02-13 16:22:12] local.ERROR: Trait "Spatie\Translatable\HasTranslations" not found {"exception":"[object] (Symfony\\Component\\ErrorHandler\\Error\\FatalError(code: 0): Trait \"Spatie\\Translatable\\HasTranslations\" not found at D:\\qixer\\@core\\app\\GalleryCategory.php:9)
[stacktrace]
#0 {main}
"} 
[2025-02-13 16:23:12] local.ERROR: Trait "Spatie\Translatable\HasTranslations" not found {"exception":"[object] (Symfony\\Component\\ErrorHandler\\Error\\FatalError(code: 0): Trait \"Spatie\\Translatable\\HasTranslations\" not found at D:\\qixer\\@core\\app\\GalleryCategory.php:9)
[stacktrace]
#0 {main}
"} 
[2025-02-13 16:24:13] local.ERROR: Trait "Spatie\Translatable\HasTranslations" not found {"exception":"[object] (Symfony\\Component\\ErrorHandler\\Error\\FatalError(code: 0): Trait \"Spatie\\Translatable\\HasTranslations\" not found at D:\\qixer\\@core\\app\\GalleryCategory.php:9)
[stacktrace]
#0 {main}
"} 
[2025-02-13 16:25:12] local.ERROR: Trait "Spatie\Translatable\HasTranslations" not found {"exception":"[object] (Symfony\\Component\\ErrorHandler\\Error\\FatalError(code: 0): Trait \"Spatie\\Translatable\\HasTranslations\" not found at D:\\qixer\\@core\\app\\GalleryCategory.php:9)
[stacktrace]
#0 {main}
"} 
[2025-02-13 16:26:12] local.ERROR: Trait "Spatie\Translatable\HasTranslations" not found {"exception":"[object] (Symfony\\Component\\ErrorHandler\\Error\\FatalError(code: 0): Trait \"Spatie\\Translatable\\HasTranslations\" not found at D:\\qixer\\@core\\app\\GalleryCategory.php:9)
[stacktrace]
#0 {main}
"} 
[2025-02-13 16:27:13] local.ERROR: Trait "Spatie\Translatable\HasTranslations" not found {"exception":"[object] (Symfony\\Component\\ErrorHandler\\Error\\FatalError(code: 0): Trait \"Spatie\\Translatable\\HasTranslations\" not found at D:\\qixer\\@core\\app\\GalleryCategory.php:9)
[stacktrace]
#0 {main}
"} 
[2025-02-13 16:28:13] local.ERROR: Trait "Spatie\Translatable\HasTranslations" not found {"exception":"[object] (Symfony\\Component\\ErrorHandler\\Error\\FatalError(code: 0): Trait \"Spatie\\Translatable\\HasTranslations\" not found at D:\\qixer\\@core\\app\\GalleryCategory.php:9)
[stacktrace]
#0 {main}
"} 
[2025-02-13 16:29:13] local.ERROR: Trait "Spatie\Translatable\HasTranslations" not found {"exception":"[object] (Symfony\\Component\\ErrorHandler\\Error\\FatalError(code: 0): Trait \"Spatie\\Translatable\\HasTranslations\" not found at D:\\qixer\\@core\\app\\GalleryCategory.php:9)
[stacktrace]
#0 {main}
"} 
[2025-02-13 16:30:13] local.ERROR: Trait "Spatie\Translatable\HasTranslations" not found {"exception":"[object] (Symfony\\Component\\ErrorHandler\\Error\\FatalError(code: 0): Trait \"Spatie\\Translatable\\HasTranslations\" not found at D:\\qixer\\@core\\app\\GalleryCategory.php:9)
[stacktrace]
#0 {main}
"} 
[2025-02-13 16:31:13] local.ERROR: Trait "Spatie\Translatable\HasTranslations" not found {"exception":"[object] (Symfony\\Component\\ErrorHandler\\Error\\FatalError(code: 0): Trait \"Spatie\\Translatable\\HasTranslations\" not found at D:\\qixer\\@core\\app\\GalleryCategory.php:9)
[stacktrace]
#0 {main}
"} 
[2025-02-13 16:32:12] local.ERROR: Trait "Spatie\Translatable\HasTranslations" not found {"exception":"[object] (Symfony\\Component\\ErrorHandler\\Error\\FatalError(code: 0): Trait \"Spatie\\Translatable\\HasTranslations\" not found at D:\\qixer\\@core\\app\\GalleryCategory.php:9)
[stacktrace]
#0 {main}
"} 
[2025-02-13 16:33:12] local.ERROR: Trait "Spatie\Translatable\HasTranslations" not found {"exception":"[object] (Symfony\\Component\\ErrorHandler\\Error\\FatalError(code: 0): Trait \"Spatie\\Translatable\\HasTranslations\" not found at D:\\qixer\\@core\\app\\GalleryCategory.php:9)
[stacktrace]
#0 {main}
"} 
[2025-02-13 16:34:13] local.ERROR: Trait "Spatie\Translatable\HasTranslations" not found {"exception":"[object] (Symfony\\Component\\ErrorHandler\\Error\\FatalError(code: 0): Trait \"Spatie\\Translatable\\HasTranslations\" not found at D:\\qixer\\@core\\app\\GalleryCategory.php:9)
[stacktrace]
#0 {main}
"} 
[2025-02-13 16:35:13] local.ERROR: Trait "Spatie\Translatable\HasTranslations" not found {"exception":"[object] (Symfony\\Component\\ErrorHandler\\Error\\FatalError(code: 0): Trait \"Spatie\\Translatable\\HasTranslations\" not found at D:\\qixer\\@core\\app\\GalleryCategory.php:9)
[stacktrace]
#0 {main}
"} 
[2025-02-13 16:36:13] local.ERROR: Trait "Spatie\Translatable\HasTranslations" not found {"exception":"[object] (Symfony\\Component\\ErrorHandler\\Error\\FatalError(code: 0): Trait \"Spatie\\Translatable\\HasTranslations\" not found at D:\\qixer\\@core\\app\\GalleryCategory.php:9)
[stacktrace]
#0 {main}
"} 
[2025-02-13 16:37:13] local.ERROR: Trait "Spatie\Translatable\HasTranslations" not found {"exception":"[object] (Symfony\\Component\\ErrorHandler\\Error\\FatalError(code: 0): Trait \"Spatie\\Translatable\\HasTranslations\" not found at D:\\qixer\\@core\\app\\GalleryCategory.php:9)
[stacktrace]
#0 {main}
"} 
[2025-02-13 16:38:13] local.ERROR: Trait "Spatie\Translatable\HasTranslations" not found {"exception":"[object] (Symfony\\Component\\ErrorHandler\\Error\\FatalError(code: 0): Trait \"Spatie\\Translatable\\HasTranslations\" not found at D:\\qixer\\@core\\app\\GalleryCategory.php:9)
[stacktrace]
#0 {main}
"} 
[2025-02-13 16:39:13] local.ERROR: Trait "Spatie\Translatable\HasTranslations" not found {"exception":"[object] (Symfony\\Component\\ErrorHandler\\Error\\FatalError(code: 0): Trait \"Spatie\\Translatable\\HasTranslations\" not found at D:\\qixer\\@core\\app\\GalleryCategory.php:9)
[stacktrace]
#0 {main}
"} 
[2025-02-13 16:40:13] local.ERROR: Trait "Spatie\Translatable\HasTranslations" not found {"exception":"[object] (Symfony\\Component\\ErrorHandler\\Error\\FatalError(code: 0): Trait \"Spatie\\Translatable\\HasTranslations\" not found at D:\\qixer\\@core\\app\\GalleryCategory.php:9)
[stacktrace]
#0 {main}
"} 
[2025-02-13 16:41:13] local.ERROR: Trait "Spatie\Translatable\HasTranslations" not found {"exception":"[object] (Symfony\\Component\\ErrorHandler\\Error\\FatalError(code: 0): Trait \"Spatie\\Translatable\\HasTranslations\" not found at D:\\qixer\\@core\\app\\GalleryCategory.php:9)
[stacktrace]
#0 {main}
"} 
[2025-02-13 16:42:13] local.ERROR: Trait "Spatie\Translatable\HasTranslations" not found {"exception":"[object] (Symfony\\Component\\ErrorHandler\\Error\\FatalError(code: 0): Trait \"Spatie\\Translatable\\HasTranslations\" not found at D:\\qixer\\@core\\app\\GalleryCategory.php:9)
[stacktrace]
#0 {main}
"} 
[2025-02-13 16:43:13] local.ERROR: Trait "Spatie\Translatable\HasTranslations" not found {"exception":"[object] (Symfony\\Component\\ErrorHandler\\Error\\FatalError(code: 0): Trait \"Spatie\\Translatable\\HasTranslations\" not found at D:\\qixer\\@core\\app\\GalleryCategory.php:9)
[stacktrace]
#0 {main}
"} 
[2025-02-13 16:44:13] local.ERROR: Trait "Spatie\Translatable\HasTranslations" not found {"exception":"[object] (Symfony\\Component\\ErrorHandler\\Error\\FatalError(code: 0): Trait \"Spatie\\Translatable\\HasTranslations\" not found at D:\\qixer\\@core\\app\\GalleryCategory.php:9)
[stacktrace]
#0 {main}
"} 
[2025-02-13 16:45:13] local.ERROR: Trait "Spatie\Translatable\HasTranslations" not found {"exception":"[object] (Symfony\\Component\\ErrorHandler\\Error\\FatalError(code: 0): Trait \"Spatie\\Translatable\\HasTranslations\" not found at D:\\qixer\\@core\\app\\GalleryCategory.php:9)
[stacktrace]
#0 {main}
"} 
[2025-02-13 16:46:13] local.ERROR: Trait "Spatie\Translatable\HasTranslations" not found {"exception":"[object] (Symfony\\Component\\ErrorHandler\\Error\\FatalError(code: 0): Trait \"Spatie\\Translatable\\HasTranslations\" not found at D:\\qixer\\@core\\app\\GalleryCategory.php:9)
[stacktrace]
#0 {main}
"} 
[2025-02-13 16:47:13] local.ERROR: Trait "Spatie\Translatable\HasTranslations" not found {"exception":"[object] (Symfony\\Component\\ErrorHandler\\Error\\FatalError(code: 0): Trait \"Spatie\\Translatable\\HasTranslations\" not found at D:\\qixer\\@core\\app\\GalleryCategory.php:9)
[stacktrace]
#0 {main}
"} 
[2025-02-13 16:48:13] local.ERROR: Trait "Spatie\Translatable\HasTranslations" not found {"exception":"[object] (Symfony\\Component\\ErrorHandler\\Error\\FatalError(code: 0): Trait \"Spatie\\Translatable\\HasTranslations\" not found at D:\\qixer\\@core\\app\\GalleryCategory.php:9)
[stacktrace]
#0 {main}
"} 
[2025-02-13 16:49:13] local.ERROR: Trait "Spatie\Translatable\HasTranslations" not found {"exception":"[object] (Symfony\\Component\\ErrorHandler\\Error\\FatalError(code: 0): Trait \"Spatie\\Translatable\\HasTranslations\" not found at D:\\qixer\\@core\\app\\GalleryCategory.php:9)
[stacktrace]
#0 {main}
"} 
[2025-02-13 16:50:13] local.ERROR: Trait "Spatie\Translatable\HasTranslations" not found {"exception":"[object] (Symfony\\Component\\ErrorHandler\\Error\\FatalError(code: 0): Trait \"Spatie\\Translatable\\HasTranslations\" not found at D:\\qixer\\@core\\app\\GalleryCategory.php:9)
[stacktrace]
#0 {main}
"} 
[2025-02-13 16:51:13] local.ERROR: Trait "Spatie\Translatable\HasTranslations" not found {"exception":"[object] (Symfony\\Component\\ErrorHandler\\Error\\FatalError(code: 0): Trait \"Spatie\\Translatable\\HasTranslations\" not found at D:\\qixer\\@core\\app\\GalleryCategory.php:9)
[stacktrace]
#0 {main}
"} 
[2025-02-13 16:52:13] local.ERROR: Trait "Spatie\Translatable\HasTranslations" not found {"exception":"[object] (Symfony\\Component\\ErrorHandler\\Error\\FatalError(code: 0): Trait \"Spatie\\Translatable\\HasTranslations\" not found at D:\\qixer\\@core\\app\\GalleryCategory.php:9)
[stacktrace]
#0 {main}
"} 
[2025-02-13 16:53:13] local.ERROR: Trait "Spatie\Translatable\HasTranslations" not found {"exception":"[object] (Symfony\\Component\\ErrorHandler\\Error\\FatalError(code: 0): Trait \"Spatie\\Translatable\\HasTranslations\" not found at D:\\qixer\\@core\\app\\GalleryCategory.php:9)
[stacktrace]
#0 {main}
"} 
[2025-02-13 16:54:13] local.ERROR: Trait "Spatie\Translatable\HasTranslations" not found {"exception":"[object] (Symfony\\Component\\ErrorHandler\\Error\\FatalError(code: 0): Trait \"Spatie\\Translatable\\HasTranslations\" not found at D:\\qixer\\@core\\app\\GalleryCategory.php:9)
[stacktrace]
#0 {main}
"} 
[2025-02-13 16:55:13] local.ERROR: Trait "Spatie\Translatable\HasTranslations" not found {"exception":"[object] (Symfony\\Component\\ErrorHandler\\Error\\FatalError(code: 0): Trait \"Spatie\\Translatable\\HasTranslations\" not found at D:\\qixer\\@core\\app\\GalleryCategory.php:9)
[stacktrace]
#0 {main}
"} 
[2025-02-13 16:56:13] local.ERROR: Trait "Spatie\Translatable\HasTranslations" not found {"exception":"[object] (Symfony\\Component\\ErrorHandler\\Error\\FatalError(code: 0): Trait \"Spatie\\Translatable\\HasTranslations\" not found at D:\\qixer\\@core\\app\\GalleryCategory.php:9)
[stacktrace]
#0 {main}
"} 
[2025-02-13 16:57:13] local.ERROR: Trait "Spatie\Translatable\HasTranslations" not found {"exception":"[object] (Symfony\\Component\\ErrorHandler\\Error\\FatalError(code: 0): Trait \"Spatie\\Translatable\\HasTranslations\" not found at D:\\qixer\\@core\\app\\GalleryCategory.php:9)
[stacktrace]
#0 {main}
"} 
[2025-02-13 16:58:13] local.ERROR: Trait "Spatie\Translatable\HasTranslations" not found {"exception":"[object] (Symfony\\Component\\ErrorHandler\\Error\\FatalError(code: 0): Trait \"Spatie\\Translatable\\HasTranslations\" not found at D:\\qixer\\@core\\app\\GalleryCategory.php:9)
[stacktrace]
#0 {main}
"} 
[2025-02-13 16:59:13] local.ERROR: Trait "Spatie\Translatable\HasTranslations" not found {"exception":"[object] (Symfony\\Component\\ErrorHandler\\Error\\FatalError(code: 0): Trait \"Spatie\\Translatable\\HasTranslations\" not found at D:\\qixer\\@core\\app\\GalleryCategory.php:9)
[stacktrace]
#0 {main}
"} 
[2025-02-13 17:00:13] local.ERROR: Trait "Spatie\Translatable\HasTranslations" not found {"exception":"[object] (Symfony\\Component\\ErrorHandler\\Error\\FatalError(code: 0): Trait \"Spatie\\Translatable\\HasTranslations\" not found at D:\\qixer\\@core\\app\\GalleryCategory.php:9)
[stacktrace]
#0 {main}
"} 
[2025-02-13 17:01:13] local.ERROR: Trait "Spatie\Translatable\HasTranslations" not found {"exception":"[object] (Symfony\\Component\\ErrorHandler\\Error\\FatalError(code: 0): Trait \"Spatie\\Translatable\\HasTranslations\" not found at D:\\qixer\\@core\\app\\GalleryCategory.php:9)
[stacktrace]
#0 {main}
"} 
[2025-02-13 17:02:13] local.ERROR: Trait "Spatie\Translatable\HasTranslations" not found {"exception":"[object] (Symfony\\Component\\ErrorHandler\\Error\\FatalError(code: 0): Trait \"Spatie\\Translatable\\HasTranslations\" not found at D:\\qixer\\@core\\app\\GalleryCategory.php:9)
[stacktrace]
#0 {main}
"} 
[2025-02-13 17:03:13] local.ERROR: Trait "Spatie\Translatable\HasTranslations" not found {"exception":"[object] (Symfony\\Component\\ErrorHandler\\Error\\FatalError(code: 0): Trait \"Spatie\\Translatable\\HasTranslations\" not found at D:\\qixer\\@core\\app\\GalleryCategory.php:9)
[stacktrace]
#0 {main}
"} 
[2025-02-13 17:04:13] local.ERROR: Trait "Spatie\Translatable\HasTranslations" not found {"exception":"[object] (Symfony\\Component\\ErrorHandler\\Error\\FatalError(code: 0): Trait \"Spatie\\Translatable\\HasTranslations\" not found at D:\\qixer\\@core\\app\\GalleryCategory.php:9)
[stacktrace]
#0 {main}
"} 
[2025-02-13 17:05:13] local.ERROR: Trait "Spatie\Translatable\HasTranslations" not found {"exception":"[object] (Symfony\\Component\\ErrorHandler\\Error\\FatalError(code: 0): Trait \"Spatie\\Translatable\\HasTranslations\" not found at D:\\qixer\\@core\\app\\GalleryCategory.php:9)
[stacktrace]
#0 {main}
"} 
[2025-02-13 17:06:13] local.ERROR: Trait "Spatie\Translatable\HasTranslations" not found {"exception":"[object] (Symfony\\Component\\ErrorHandler\\Error\\FatalError(code: 0): Trait \"Spatie\\Translatable\\HasTranslations\" not found at D:\\qixer\\@core\\app\\GalleryCategory.php:9)
[stacktrace]
#0 {main}
"} 
[2025-02-13 17:07:13] local.ERROR: Trait "Spatie\Translatable\HasTranslations" not found {"exception":"[object] (Symfony\\Component\\ErrorHandler\\Error\\FatalError(code: 0): Trait \"Spatie\\Translatable\\HasTranslations\" not found at D:\\qixer\\@core\\app\\GalleryCategory.php:9)
[stacktrace]
#0 {main}
"} 
[2025-02-13 17:08:14] local.ERROR: Trait "Spatie\Translatable\HasTranslations" not found {"exception":"[object] (Symfony\\Component\\ErrorHandler\\Error\\FatalError(code: 0): Trait \"Spatie\\Translatable\\HasTranslations\" not found at D:\\qixer\\@core\\app\\GalleryCategory.php:9)
[stacktrace]
#0 {main}
"} 
[2025-02-13 17:09:14] local.ERROR: Trait "Spatie\Translatable\HasTranslations" not found {"exception":"[object] (Symfony\\Component\\ErrorHandler\\Error\\FatalError(code: 0): Trait \"Spatie\\Translatable\\HasTranslations\" not found at D:\\qixer\\@core\\app\\GalleryCategory.php:9)
[stacktrace]
#0 {main}
"} 
[2025-02-13 17:10:13] local.ERROR: Trait "Spatie\Translatable\HasTranslations" not found {"exception":"[object] (Symfony\\Component\\ErrorHandler\\Error\\FatalError(code: 0): Trait \"Spatie\\Translatable\\HasTranslations\" not found at D:\\qixer\\@core\\app\\GalleryCategory.php:9)
[stacktrace]
#0 {main}
"} 
[2025-02-13 17:11:13] local.ERROR: Trait "Spatie\Translatable\HasTranslations" not found {"exception":"[object] (Symfony\\Component\\ErrorHandler\\Error\\FatalError(code: 0): Trait \"Spatie\\Translatable\\HasTranslations\" not found at D:\\qixer\\@core\\app\\GalleryCategory.php:9)
[stacktrace]
#0 {main}
"} 
[2025-02-13 17:12:13] local.ERROR: Trait "Spatie\Translatable\HasTranslations" not found {"exception":"[object] (Symfony\\Component\\ErrorHandler\\Error\\FatalError(code: 0): Trait \"Spatie\\Translatable\\HasTranslations\" not found at D:\\qixer\\@core\\app\\GalleryCategory.php:9)
[stacktrace]
#0 {main}
"} 
[2025-02-13 17:13:13] local.ERROR: Trait "Spatie\Translatable\HasTranslations" not found {"exception":"[object] (Symfony\\Component\\ErrorHandler\\Error\\FatalError(code: 0): Trait \"Spatie\\Translatable\\HasTranslations\" not found at D:\\qixer\\@core\\app\\GalleryCategory.php:9)
[stacktrace]
#0 {main}
"} 
[2025-02-13 17:14:13] local.ERROR: Trait "Spatie\Translatable\HasTranslations" not found {"exception":"[object] (Symfony\\Component\\ErrorHandler\\Error\\FatalError(code: 0): Trait \"Spatie\\Translatable\\HasTranslations\" not found at D:\\qixer\\@core\\app\\GalleryCategory.php:9)
[stacktrace]
#0 {main}
"} 
[2025-02-13 17:15:49] local.ERROR: Trait "Spatie\Translatable\HasTranslations" not found {"exception":"[object] (Symfony\\Component\\ErrorHandler\\Error\\FatalError(code: 0): Trait \"Spatie\\Translatable\\HasTranslations\" not found at D:\\qixer\\@core\\app\\GalleryCategory.php:9)
[stacktrace]
#0 {main}
"} 
[2025-02-13 17:16:15] local.ERROR: Trait "Spatie\Translatable\HasTranslations" not found {"exception":"[object] (Symfony\\Component\\ErrorHandler\\Error\\FatalError(code: 0): Trait \"Spatie\\Translatable\\HasTranslations\" not found at D:\\qixer\\@core\\app\\GalleryCategory.php:9)
[stacktrace]
#0 {main}
"} 
[2025-02-13 17:17:13] local.ERROR: Trait "Spatie\Translatable\HasTranslations" not found {"exception":"[object] (Symfony\\Component\\ErrorHandler\\Error\\FatalError(code: 0): Trait \"Spatie\\Translatable\\HasTranslations\" not found at D:\\qixer\\@core\\app\\GalleryCategory.php:9)
[stacktrace]
#0 {main}
"} 
[2025-02-13 17:18:13] local.ERROR: Trait "Spatie\Translatable\HasTranslations" not found {"exception":"[object] (Symfony\\Component\\ErrorHandler\\Error\\FatalError(code: 0): Trait \"Spatie\\Translatable\\HasTranslations\" not found at D:\\qixer\\@core\\app\\GalleryCategory.php:9)
[stacktrace]
#0 {main}
"} 
[2025-02-13 17:19:13] local.ERROR: Trait "Spatie\Translatable\HasTranslations" not found {"exception":"[object] (Symfony\\Component\\ErrorHandler\\Error\\FatalError(code: 0): Trait \"Spatie\\Translatable\\HasTranslations\" not found at D:\\qixer\\@core\\app\\GalleryCategory.php:9)
[stacktrace]
#0 {main}
"} 
[2025-02-13 17:20:13] local.ERROR: Trait "Spatie\Translatable\HasTranslations" not found {"exception":"[object] (Symfony\\Component\\ErrorHandler\\Error\\FatalError(code: 0): Trait \"Spatie\\Translatable\\HasTranslations\" not found at D:\\qixer\\@core\\app\\GalleryCategory.php:9)
[stacktrace]
#0 {main}
"} 
[2025-02-13 17:21:13] local.ERROR: Trait "Spatie\Translatable\HasTranslations" not found {"exception":"[object] (Symfony\\Component\\ErrorHandler\\Error\\FatalError(code: 0): Trait \"Spatie\\Translatable\\HasTranslations\" not found at D:\\qixer\\@core\\app\\GalleryCategory.php:9)
[stacktrace]
#0 {main}
"} 
[2025-02-13 17:22:13] local.ERROR: Trait "Spatie\Translatable\HasTranslations" not found {"exception":"[object] (Symfony\\Component\\ErrorHandler\\Error\\FatalError(code: 0): Trait \"Spatie\\Translatable\\HasTranslations\" not found at D:\\qixer\\@core\\app\\GalleryCategory.php:9)
[stacktrace]
#0 {main}
"} 
[2025-02-13 17:23:13] local.ERROR: Trait "Spatie\Translatable\HasTranslations" not found {"exception":"[object] (Symfony\\Component\\ErrorHandler\\Error\\FatalError(code: 0): Trait \"Spatie\\Translatable\\HasTranslations\" not found at D:\\qixer\\@core\\app\\GalleryCategory.php:9)
[stacktrace]
#0 {main}
"} 
[2025-02-13 17:24:14] local.ERROR: Trait "Spatie\Translatable\HasTranslations" not found {"exception":"[object] (Symfony\\Component\\ErrorHandler\\Error\\FatalError(code: 0): Trait \"Spatie\\Translatable\\HasTranslations\" not found at D:\\qixer\\@core\\app\\GalleryCategory.php:9)
[stacktrace]
#0 {main}
"} 
[2025-02-13 17:25:19] local.ERROR: Trait "Spatie\Translatable\HasTranslations" not found {"exception":"[object] (Symfony\\Component\\ErrorHandler\\Error\\FatalError(code: 0): Trait \"Spatie\\Translatable\\HasTranslations\" not found at D:\\qixer\\@core\\app\\GalleryCategory.php:9)
[stacktrace]
#0 {main}
"} 
[2025-02-13 17:26:19] local.ERROR: Trait "Spatie\Translatable\HasTranslations" not found {"exception":"[object] (Symfony\\Component\\ErrorHandler\\Error\\FatalError(code: 0): Trait \"Spatie\\Translatable\\HasTranslations\" not found at D:\\qixer\\@core\\app\\GalleryCategory.php:9)
[stacktrace]
#0 {main}
"} 
[2025-02-13 17:27:13] local.ERROR: Trait "Spatie\Translatable\HasTranslations" not found {"exception":"[object] (Symfony\\Component\\ErrorHandler\\Error\\FatalError(code: 0): Trait \"Spatie\\Translatable\\HasTranslations\" not found at D:\\qixer\\@core\\app\\GalleryCategory.php:9)
[stacktrace]
#0 {main}
"} 
[2025-02-13 17:28:13] local.ERROR: Trait "Spatie\Translatable\HasTranslations" not found {"exception":"[object] (Symfony\\Component\\ErrorHandler\\Error\\FatalError(code: 0): Trait \"Spatie\\Translatable\\HasTranslations\" not found at D:\\qixer\\@core\\app\\GalleryCategory.php:9)
[stacktrace]
#0 {main}
"} 
[2025-02-13 17:29:14] local.ERROR: Trait "Spatie\Translatable\HasTranslations" not found {"exception":"[object] (Symfony\\Component\\ErrorHandler\\Error\\FatalError(code: 0): Trait \"Spatie\\Translatable\\HasTranslations\" not found at D:\\qixer\\@core\\app\\GalleryCategory.php:9)
[stacktrace]
#0 {main}
"} 
[2025-02-13 17:30:13] local.ERROR: Trait "Spatie\Translatable\HasTranslations" not found {"exception":"[object] (Symfony\\Component\\ErrorHandler\\Error\\FatalError(code: 0): Trait \"Spatie\\Translatable\\HasTranslations\" not found at D:\\qixer\\@core\\app\\GalleryCategory.php:9)
[stacktrace]
#0 {main}
"} 
[2025-02-13 17:31:13] local.ERROR: Trait "Spatie\Translatable\HasTranslations" not found {"exception":"[object] (Symfony\\Component\\ErrorHandler\\Error\\FatalError(code: 0): Trait \"Spatie\\Translatable\\HasTranslations\" not found at D:\\qixer\\@core\\app\\GalleryCategory.php:9)
[stacktrace]
#0 {main}
"} 
[2025-02-13 17:32:13] local.ERROR: Trait "Spatie\Translatable\HasTranslations" not found {"exception":"[object] (Symfony\\Component\\ErrorHandler\\Error\\FatalError(code: 0): Trait \"Spatie\\Translatable\\HasTranslations\" not found at D:\\qixer\\@core\\app\\GalleryCategory.php:9)
[stacktrace]
#0 {main}
"} 
[2025-02-13 17:33:20] local.ERROR: Trait "Spatie\Translatable\HasTranslations" not found {"exception":"[object] (Symfony\\Component\\ErrorHandler\\Error\\FatalError(code: 0): Trait \"Spatie\\Translatable\\HasTranslations\" not found at D:\\qixer\\@core\\app\\GalleryCategory.php:9)
[stacktrace]
#0 {main}
"} 
[2025-02-13 17:34:13] local.ERROR: Trait "Spatie\Translatable\HasTranslations" not found {"exception":"[object] (Symfony\\Component\\ErrorHandler\\Error\\FatalError(code: 0): Trait \"Spatie\\Translatable\\HasTranslations\" not found at D:\\qixer\\@core\\app\\GalleryCategory.php:9)
[stacktrace]
#0 {main}
"} 
[2025-02-13 17:35:13] local.ERROR: Trait "Spatie\Translatable\HasTranslations" not found {"exception":"[object] (Symfony\\Component\\ErrorHandler\\Error\\FatalError(code: 0): Trait \"Spatie\\Translatable\\HasTranslations\" not found at D:\\qixer\\@core\\app\\GalleryCategory.php:9)
[stacktrace]
#0 {main}
"} 
[2025-02-13 17:36:13] local.ERROR: Trait "Spatie\Translatable\HasTranslations" not found {"exception":"[object] (Symfony\\Component\\ErrorHandler\\Error\\FatalError(code: 0): Trait \"Spatie\\Translatable\\HasTranslations\" not found at D:\\qixer\\@core\\app\\GalleryCategory.php:9)
[stacktrace]
#0 {main}
"} 
[2025-02-13 17:37:13] local.ERROR: Trait "Spatie\Translatable\HasTranslations" not found {"exception":"[object] (Symfony\\Component\\ErrorHandler\\Error\\FatalError(code: 0): Trait \"Spatie\\Translatable\\HasTranslations\" not found at D:\\qixer\\@core\\app\\GalleryCategory.php:9)
[stacktrace]
#0 {main}
"} 
[2025-02-13 17:38:13] local.ERROR: Trait "Spatie\Translatable\HasTranslations" not found {"exception":"[object] (Symfony\\Component\\ErrorHandler\\Error\\FatalError(code: 0): Trait \"Spatie\\Translatable\\HasTranslations\" not found at D:\\qixer\\@core\\app\\GalleryCategory.php:9)
[stacktrace]
#0 {main}
"} 
[2025-02-13 17:39:13] local.ERROR: Trait "Spatie\Translatable\HasTranslations" not found {"exception":"[object] (Symfony\\Component\\ErrorHandler\\Error\\FatalError(code: 0): Trait \"Spatie\\Translatable\\HasTranslations\" not found at D:\\qixer\\@core\\app\\GalleryCategory.php:9)
[stacktrace]
#0 {main}
"} 
[2025-02-13 17:40:13] local.ERROR: Trait "Spatie\Translatable\HasTranslations" not found {"exception":"[object] (Symfony\\Component\\ErrorHandler\\Error\\FatalError(code: 0): Trait \"Spatie\\Translatable\\HasTranslations\" not found at D:\\qixer\\@core\\app\\GalleryCategory.php:9)
[stacktrace]
#0 {main}
"} 
[2025-02-13 17:41:13] local.ERROR: Trait "Spatie\Translatable\HasTranslations" not found {"exception":"[object] (Symfony\\Component\\ErrorHandler\\Error\\FatalError(code: 0): Trait \"Spatie\\Translatable\\HasTranslations\" not found at D:\\qixer\\@core\\app\\GalleryCategory.php:9)
[stacktrace]
#0 {main}
"} 
[2025-02-13 17:42:13] local.ERROR: Trait "Spatie\Translatable\HasTranslations" not found {"exception":"[object] (Symfony\\Component\\ErrorHandler\\Error\\FatalError(code: 0): Trait \"Spatie\\Translatable\\HasTranslations\" not found at D:\\qixer\\@core\\app\\GalleryCategory.php:9)
[stacktrace]
#0 {main}
"} 
[2025-02-13 17:43:13] local.ERROR: Trait "Spatie\Translatable\HasTranslations" not found {"exception":"[object] (Symfony\\Component\\ErrorHandler\\Error\\FatalError(code: 0): Trait \"Spatie\\Translatable\\HasTranslations\" not found at D:\\qixer\\@core\\app\\GalleryCategory.php:9)
[stacktrace]
#0 {main}
"} 
[2025-02-13 17:44:13] local.ERROR: Trait "Spatie\Translatable\HasTranslations" not found {"exception":"[object] (Symfony\\Component\\ErrorHandler\\Error\\FatalError(code: 0): Trait \"Spatie\\Translatable\\HasTranslations\" not found at D:\\qixer\\@core\\app\\GalleryCategory.php:9)
[stacktrace]
#0 {main}
"} 
[2025-02-13 17:45:13] local.ERROR: Trait "Spatie\Translatable\HasTranslations" not found {"exception":"[object] (Symfony\\Component\\ErrorHandler\\Error\\FatalError(code: 0): Trait \"Spatie\\Translatable\\HasTranslations\" not found at D:\\qixer\\@core\\app\\GalleryCategory.php:9)
[stacktrace]
#0 {main}
"} 
[2025-02-13 17:46:14] local.ERROR: Trait "Spatie\Translatable\HasTranslations" not found {"exception":"[object] (Symfony\\Component\\ErrorHandler\\Error\\FatalError(code: 0): Trait \"Spatie\\Translatable\\HasTranslations\" not found at D:\\qixer\\@core\\app\\GalleryCategory.php:9)
[stacktrace]
#0 {main}
"} 
[2025-02-13 17:47:13] local.ERROR: Trait "Spatie\Translatable\HasTranslations" not found {"exception":"[object] (Symfony\\Component\\ErrorHandler\\Error\\FatalError(code: 0): Trait \"Spatie\\Translatable\\HasTranslations\" not found at D:\\qixer\\@core\\app\\GalleryCategory.php:9)
[stacktrace]
#0 {main}
"} 
[2025-02-13 17:48:13] local.ERROR: Trait "Spatie\Translatable\HasTranslations" not found {"exception":"[object] (Symfony\\Component\\ErrorHandler\\Error\\FatalError(code: 0): Trait \"Spatie\\Translatable\\HasTranslations\" not found at D:\\qixer\\@core\\app\\GalleryCategory.php:9)
[stacktrace]
#0 {main}
"} 
[2025-02-13 17:49:14] local.ERROR: Trait "Spatie\Translatable\HasTranslations" not found {"exception":"[object] (Symfony\\Component\\ErrorHandler\\Error\\FatalError(code: 0): Trait \"Spatie\\Translatable\\HasTranslations\" not found at D:\\qixer\\@core\\app\\GalleryCategory.php:9)
[stacktrace]
#0 {main}
"} 
[2025-02-13 17:50:14] local.ERROR: Trait "Spatie\Translatable\HasTranslations" not found {"exception":"[object] (Symfony\\Component\\ErrorHandler\\Error\\FatalError(code: 0): Trait \"Spatie\\Translatable\\HasTranslations\" not found at D:\\qixer\\@core\\app\\GalleryCategory.php:9)
[stacktrace]
#0 {main}
"} 
[2025-02-13 17:51:13] local.ERROR: Trait "Spatie\Translatable\HasTranslations" not found {"exception":"[object] (Symfony\\Component\\ErrorHandler\\Error\\FatalError(code: 0): Trait \"Spatie\\Translatable\\HasTranslations\" not found at D:\\qixer\\@core\\app\\GalleryCategory.php:9)
[stacktrace]
#0 {main}
"} 
[2025-02-13 17:52:13] local.ERROR: Trait "Spatie\Translatable\HasTranslations" not found {"exception":"[object] (Symfony\\Component\\ErrorHandler\\Error\\FatalError(code: 0): Trait \"Spatie\\Translatable\\HasTranslations\" not found at D:\\qixer\\@core\\app\\GalleryCategory.php:9)
[stacktrace]
#0 {main}
"} 
[2025-02-13 17:53:13] local.ERROR: Trait "Spatie\Translatable\HasTranslations" not found {"exception":"[object] (Symfony\\Component\\ErrorHandler\\Error\\FatalError(code: 0): Trait \"Spatie\\Translatable\\HasTranslations\" not found at D:\\qixer\\@core\\app\\GalleryCategory.php:9)
[stacktrace]
#0 {main}
"} 
[2025-02-13 17:54:13] local.ERROR: Trait "Spatie\Translatable\HasTranslations" not found {"exception":"[object] (Symfony\\Component\\ErrorHandler\\Error\\FatalError(code: 0): Trait \"Spatie\\Translatable\\HasTranslations\" not found at D:\\qixer\\@core\\app\\GalleryCategory.php:9)
[stacktrace]
#0 {main}
"} 
[2025-02-13 17:55:13] local.ERROR: Trait "Spatie\Translatable\HasTranslations" not found {"exception":"[object] (Symfony\\Component\\ErrorHandler\\Error\\FatalError(code: 0): Trait \"Spatie\\Translatable\\HasTranslations\" not found at D:\\qixer\\@core\\app\\GalleryCategory.php:9)
[stacktrace]
#0 {main}
"} 
[2025-02-13 17:56:13] local.ERROR: Trait "Spatie\Translatable\HasTranslations" not found {"exception":"[object] (Symfony\\Component\\ErrorHandler\\Error\\FatalError(code: 0): Trait \"Spatie\\Translatable\\HasTranslations\" not found at D:\\qixer\\@core\\app\\GalleryCategory.php:9)
[stacktrace]
#0 {main}
"} 
[2025-02-13 17:57:13] local.ERROR: Trait "Spatie\Translatable\HasTranslations" not found {"exception":"[object] (Symfony\\Component\\ErrorHandler\\Error\\FatalError(code: 0): Trait \"Spatie\\Translatable\\HasTranslations\" not found at D:\\qixer\\@core\\app\\GalleryCategory.php:9)
[stacktrace]
#0 {main}
"} 
[2025-02-13 17:58:13] local.ERROR: Trait "Spatie\Translatable\HasTranslations" not found {"exception":"[object] (Symfony\\Component\\ErrorHandler\\Error\\FatalError(code: 0): Trait \"Spatie\\Translatable\\HasTranslations\" not found at D:\\qixer\\@core\\app\\GalleryCategory.php:9)
[stacktrace]
#0 {main}
"} 
[2025-02-13 17:59:13] local.ERROR: Trait "Spatie\Translatable\HasTranslations" not found {"exception":"[object] (Symfony\\Component\\ErrorHandler\\Error\\FatalError(code: 0): Trait \"Spatie\\Translatable\\HasTranslations\" not found at D:\\qixer\\@core\\app\\GalleryCategory.php:9)
[stacktrace]
#0 {main}
"} 
[2025-02-13 18:00:14] local.ERROR: Trait "Spatie\Translatable\HasTranslations" not found {"exception":"[object] (Symfony\\Component\\ErrorHandler\\Error\\FatalError(code: 0): Trait \"Spatie\\Translatable\\HasTranslations\" not found at D:\\qixer\\@core\\app\\GalleryCategory.php:9)
[stacktrace]
#0 {main}
"} 
[2025-02-13 18:01:13] local.ERROR: Trait "Spatie\Translatable\HasTranslations" not found {"exception":"[object] (Symfony\\Component\\ErrorHandler\\Error\\FatalError(code: 0): Trait \"Spatie\\Translatable\\HasTranslations\" not found at D:\\qixer\\@core\\app\\GalleryCategory.php:9)
[stacktrace]
#0 {main}
"} 
[2025-02-13 18:02:13] local.ERROR: Trait "Spatie\Translatable\HasTranslations" not found {"exception":"[object] (Symfony\\Component\\ErrorHandler\\Error\\FatalError(code: 0): Trait \"Spatie\\Translatable\\HasTranslations\" not found at D:\\qixer\\@core\\app\\GalleryCategory.php:9)
[stacktrace]
#0 {main}
"} 
[2025-02-13 18:03:13] local.ERROR: Trait "Spatie\Translatable\HasTranslations" not found {"exception":"[object] (Symfony\\Component\\ErrorHandler\\Error\\FatalError(code: 0): Trait \"Spatie\\Translatable\\HasTranslations\" not found at D:\\qixer\\@core\\app\\GalleryCategory.php:9)
[stacktrace]
#0 {main}
"} 
[2025-02-13 18:04:13] local.ERROR: Trait "Spatie\Translatable\HasTranslations" not found {"exception":"[object] (Symfony\\Component\\ErrorHandler\\Error\\FatalError(code: 0): Trait \"Spatie\\Translatable\\HasTranslations\" not found at D:\\qixer\\@core\\app\\GalleryCategory.php:9)
[stacktrace]
#0 {main}
"} 
[2025-02-13 18:05:13] local.ERROR: Trait "Spatie\Translatable\HasTranslations" not found {"exception":"[object] (Symfony\\Component\\ErrorHandler\\Error\\FatalError(code: 0): Trait \"Spatie\\Translatable\\HasTranslations\" not found at D:\\qixer\\@core\\app\\GalleryCategory.php:9)
[stacktrace]
#0 {main}
"} 
[2025-02-13 18:06:14] local.ERROR: Trait "Spatie\Translatable\HasTranslations" not found {"exception":"[object] (Symfony\\Component\\ErrorHandler\\Error\\FatalError(code: 0): Trait \"Spatie\\Translatable\\HasTranslations\" not found at D:\\qixer\\@core\\app\\GalleryCategory.php:9)
[stacktrace]
#0 {main}
"} 
[2025-02-13 18:07:14] local.ERROR: Trait "Spatie\Translatable\HasTranslations" not found {"exception":"[object] (Symfony\\Component\\ErrorHandler\\Error\\FatalError(code: 0): Trait \"Spatie\\Translatable\\HasTranslations\" not found at D:\\qixer\\@core\\app\\GalleryCategory.php:9)
[stacktrace]
#0 {main}
"} 
[2025-02-13 18:08:13] local.ERROR: Trait "Spatie\Translatable\HasTranslations" not found {"exception":"[object] (Symfony\\Component\\ErrorHandler\\Error\\FatalError(code: 0): Trait \"Spatie\\Translatable\\HasTranslations\" not found at D:\\qixer\\@core\\app\\GalleryCategory.php:9)
[stacktrace]
#0 {main}
"} 
[2025-02-13 18:09:13] local.ERROR: Trait "Spatie\Translatable\HasTranslations" not found {"exception":"[object] (Symfony\\Component\\ErrorHandler\\Error\\FatalError(code: 0): Trait \"Spatie\\Translatable\\HasTranslations\" not found at D:\\qixer\\@core\\app\\GalleryCategory.php:9)
[stacktrace]
#0 {main}
"} 
[2025-02-13 18:10:13] local.ERROR: Trait "Spatie\Translatable\HasTranslations" not found {"exception":"[object] (Symfony\\Component\\ErrorHandler\\Error\\FatalError(code: 0): Trait \"Spatie\\Translatable\\HasTranslations\" not found at D:\\qixer\\@core\\app\\GalleryCategory.php:9)
[stacktrace]
#0 {main}
"} 
[2025-02-13 18:11:13] local.ERROR: Trait "Spatie\Translatable\HasTranslations" not found {"exception":"[object] (Symfony\\Component\\ErrorHandler\\Error\\FatalError(code: 0): Trait \"Spatie\\Translatable\\HasTranslations\" not found at D:\\qixer\\@core\\app\\GalleryCategory.php:9)
[stacktrace]
#0 {main}
"} 
[2025-02-13 18:12:13] local.ERROR: Trait "Spatie\Translatable\HasTranslations" not found {"exception":"[object] (Symfony\\Component\\ErrorHandler\\Error\\FatalError(code: 0): Trait \"Spatie\\Translatable\\HasTranslations\" not found at D:\\qixer\\@core\\app\\GalleryCategory.php:9)
[stacktrace]
#0 {main}
"} 
[2025-02-13 18:13:13] local.ERROR: Trait "Spatie\Translatable\HasTranslations" not found {"exception":"[object] (Symfony\\Component\\ErrorHandler\\Error\\FatalError(code: 0): Trait \"Spatie\\Translatable\\HasTranslations\" not found at D:\\qixer\\@core\\app\\GalleryCategory.php:9)
[stacktrace]
#0 {main}
"} 
[2025-02-13 18:14:13] local.ERROR: Trait "Spatie\Translatable\HasTranslations" not found {"exception":"[object] (Symfony\\Component\\ErrorHandler\\Error\\FatalError(code: 0): Trait \"Spatie\\Translatable\\HasTranslations\" not found at D:\\qixer\\@core\\app\\GalleryCategory.php:9)
[stacktrace]
#0 {main}
"} 
[2025-02-13 18:15:13] local.ERROR: Trait "Spatie\Translatable\HasTranslations" not found {"exception":"[object] (Symfony\\Component\\ErrorHandler\\Error\\FatalError(code: 0): Trait \"Spatie\\Translatable\\HasTranslations\" not found at D:\\qixer\\@core\\app\\GalleryCategory.php:9)
[stacktrace]
#0 {main}
"} 
[2025-02-13 18:16:13] local.ERROR: Trait "Spatie\Translatable\HasTranslations" not found {"exception":"[object] (Symfony\\Component\\ErrorHandler\\Error\\FatalError(code: 0): Trait \"Spatie\\Translatable\\HasTranslations\" not found at D:\\qixer\\@core\\app\\GalleryCategory.php:9)
[stacktrace]
#0 {main}
"} 
[2025-02-13 18:17:13] local.ERROR: Trait "Spatie\Translatable\HasTranslations" not found {"exception":"[object] (Symfony\\Component\\ErrorHandler\\Error\\FatalError(code: 0): Trait \"Spatie\\Translatable\\HasTranslations\" not found at D:\\qixer\\@core\\app\\GalleryCategory.php:9)
[stacktrace]
#0 {main}
"} 
[2025-02-13 18:18:13] local.ERROR: Trait "Spatie\Translatable\HasTranslations" not found {"exception":"[object] (Symfony\\Component\\ErrorHandler\\Error\\FatalError(code: 0): Trait \"Spatie\\Translatable\\HasTranslations\" not found at D:\\qixer\\@core\\app\\GalleryCategory.php:9)
[stacktrace]
#0 {main}
"} 
[2025-02-13 18:19:13] local.ERROR: Trait "Spatie\Translatable\HasTranslations" not found {"exception":"[object] (Symfony\\Component\\ErrorHandler\\Error\\FatalError(code: 0): Trait \"Spatie\\Translatable\\HasTranslations\" not found at D:\\qixer\\@core\\app\\GalleryCategory.php:9)
[stacktrace]
#0 {main}
"} 
[2025-02-13 18:20:13] local.ERROR: Trait "Spatie\Translatable\HasTranslations" not found {"exception":"[object] (Symfony\\Component\\ErrorHandler\\Error\\FatalError(code: 0): Trait \"Spatie\\Translatable\\HasTranslations\" not found at D:\\qixer\\@core\\app\\GalleryCategory.php:9)
[stacktrace]
#0 {main}
"} 
[2025-02-13 18:21:13] local.ERROR: Trait "Spatie\Translatable\HasTranslations" not found {"exception":"[object] (Symfony\\Component\\ErrorHandler\\Error\\FatalError(code: 0): Trait \"Spatie\\Translatable\\HasTranslations\" not found at D:\\qixer\\@core\\app\\GalleryCategory.php:9)
[stacktrace]
#0 {main}
"} 
[2025-02-13 18:22:13] local.ERROR: Trait "Spatie\Translatable\HasTranslations" not found {"exception":"[object] (Symfony\\Component\\ErrorHandler\\Error\\FatalError(code: 0): Trait \"Spatie\\Translatable\\HasTranslations\" not found at D:\\qixer\\@core\\app\\GalleryCategory.php:9)
[stacktrace]
#0 {main}
"} 
[2025-02-13 18:23:13] local.ERROR: Trait "Spatie\Translatable\HasTranslations" not found {"exception":"[object] (Symfony\\Component\\ErrorHandler\\Error\\FatalError(code: 0): Trait \"Spatie\\Translatable\\HasTranslations\" not found at D:\\qixer\\@core\\app\\GalleryCategory.php:9)
[stacktrace]
#0 {main}
"} 
[2025-02-13 18:24:13] local.ERROR: Trait "Spatie\Translatable\HasTranslations" not found {"exception":"[object] (Symfony\\Component\\ErrorHandler\\Error\\FatalError(code: 0): Trait \"Spatie\\Translatable\\HasTranslations\" not found at D:\\qixer\\@core\\app\\GalleryCategory.php:9)
[stacktrace]
#0 {main}
"} 
[2025-02-13 18:25:13] local.ERROR: Trait "Spatie\Translatable\HasTranslations" not found {"exception":"[object] (Symfony\\Component\\ErrorHandler\\Error\\FatalError(code: 0): Trait \"Spatie\\Translatable\\HasTranslations\" not found at D:\\qixer\\@core\\app\\GalleryCategory.php:9)
[stacktrace]
#0 {main}
"} 
[2025-02-13 18:26:13] local.ERROR: Trait "Spatie\Translatable\HasTranslations" not found {"exception":"[object] (Symfony\\Component\\ErrorHandler\\Error\\FatalError(code: 0): Trait \"Spatie\\Translatable\\HasTranslations\" not found at D:\\qixer\\@core\\app\\GalleryCategory.php:9)
[stacktrace]
#0 {main}
"} 
[2025-02-13 18:27:14] local.ERROR: Trait "Spatie\Translatable\HasTranslations" not found {"exception":"[object] (Symfony\\Component\\ErrorHandler\\Error\\FatalError(code: 0): Trait \"Spatie\\Translatable\\HasTranslations\" not found at D:\\qixer\\@core\\app\\GalleryCategory.php:9)
[stacktrace]
#0 {main}
"} 
[2025-02-13 18:28:13] local.ERROR: Trait "Spatie\Translatable\HasTranslations" not found {"exception":"[object] (Symfony\\Component\\ErrorHandler\\Error\\FatalError(code: 0): Trait \"Spatie\\Translatable\\HasTranslations\" not found at D:\\qixer\\@core\\app\\GalleryCategory.php:9)
[stacktrace]
#0 {main}
"} 
[2025-02-13 18:29:13] local.ERROR: Trait "Spatie\Translatable\HasTranslations" not found {"exception":"[object] (Symfony\\Component\\ErrorHandler\\Error\\FatalError(code: 0): Trait \"Spatie\\Translatable\\HasTranslations\" not found at D:\\qixer\\@core\\app\\GalleryCategory.php:9)
[stacktrace]
#0 {main}
"} 
[2025-02-13 18:30:13] local.ERROR: Trait "Spatie\Translatable\HasTranslations" not found {"exception":"[object] (Symfony\\Component\\ErrorHandler\\Error\\FatalError(code: 0): Trait \"Spatie\\Translatable\\HasTranslations\" not found at D:\\qixer\\@core\\app\\GalleryCategory.php:9)
[stacktrace]
#0 {main}
"} 
[2025-02-13 18:31:13] local.ERROR: Trait "Spatie\Translatable\HasTranslations" not found {"exception":"[object] (Symfony\\Component\\ErrorHandler\\Error\\FatalError(code: 0): Trait \"Spatie\\Translatable\\HasTranslations\" not found at D:\\qixer\\@core\\app\\GalleryCategory.php:9)
[stacktrace]
#0 {main}
"} 
[2025-02-13 18:32:13] local.ERROR: Trait "Spatie\Translatable\HasTranslations" not found {"exception":"[object] (Symfony\\Component\\ErrorHandler\\Error\\FatalError(code: 0): Trait \"Spatie\\Translatable\\HasTranslations\" not found at D:\\qixer\\@core\\app\\GalleryCategory.php:9)
[stacktrace]
#0 {main}
"} 
[2025-02-13 18:33:13] local.ERROR: Trait "Spatie\Translatable\HasTranslations" not found {"exception":"[object] (Symfony\\Component\\ErrorHandler\\Error\\FatalError(code: 0): Trait \"Spatie\\Translatable\\HasTranslations\" not found at D:\\qixer\\@core\\app\\GalleryCategory.php:9)
[stacktrace]
#0 {main}
"} 
[2025-02-13 18:34:13] local.ERROR: Trait "Spatie\Translatable\HasTranslations" not found {"exception":"[object] (Symfony\\Component\\ErrorHandler\\Error\\FatalError(code: 0): Trait \"Spatie\\Translatable\\HasTranslations\" not found at D:\\qixer\\@core\\app\\GalleryCategory.php:9)
[stacktrace]
#0 {main}
"} 
[2025-02-13 18:35:15] local.ERROR: Trait "Spatie\Translatable\HasTranslations" not found {"exception":"[object] (Symfony\\Component\\ErrorHandler\\Error\\FatalError(code: 0): Trait \"Spatie\\Translatable\\HasTranslations\" not found at D:\\qixer\\@core\\app\\GalleryCategory.php:9)
[stacktrace]
#0 {main}
"} 
[2025-02-13 18:36:14] local.ERROR: Trait "Spatie\Translatable\HasTranslations" not found {"exception":"[object] (Symfony\\Component\\ErrorHandler\\Error\\FatalError(code: 0): Trait \"Spatie\\Translatable\\HasTranslations\" not found at D:\\qixer\\@core\\app\\GalleryCategory.php:9)
[stacktrace]
#0 {main}
"} 
[2025-02-13 18:37:14] local.ERROR: Trait "Spatie\Translatable\HasTranslations" not found {"exception":"[object] (Symfony\\Component\\ErrorHandler\\Error\\FatalError(code: 0): Trait \"Spatie\\Translatable\\HasTranslations\" not found at D:\\qixer\\@core\\app\\GalleryCategory.php:9)
[stacktrace]
#0 {main}
"} 
[2025-02-13 18:38:14] local.ERROR: Trait "Spatie\Translatable\HasTranslations" not found {"exception":"[object] (Symfony\\Component\\ErrorHandler\\Error\\FatalError(code: 0): Trait \"Spatie\\Translatable\\HasTranslations\" not found at D:\\qixer\\@core\\app\\GalleryCategory.php:9)
[stacktrace]
#0 {main}
"} 
[2025-02-13 18:39:14] local.ERROR: Trait "Spatie\Translatable\HasTranslations" not found {"exception":"[object] (Symfony\\Component\\ErrorHandler\\Error\\FatalError(code: 0): Trait \"Spatie\\Translatable\\HasTranslations\" not found at D:\\qixer\\@core\\app\\GalleryCategory.php:9)
[stacktrace]
#0 {main}
"} 
[2025-02-13 18:40:14] local.ERROR: Trait "Spatie\Translatable\HasTranslations" not found {"exception":"[object] (Symfony\\Component\\ErrorHandler\\Error\\FatalError(code: 0): Trait \"Spatie\\Translatable\\HasTranslations\" not found at D:\\qixer\\@core\\app\\GalleryCategory.php:9)
[stacktrace]
#0 {main}
"} 
[2025-02-13 18:41:14] local.ERROR: Trait "Spatie\Translatable\HasTranslations" not found {"exception":"[object] (Symfony\\Component\\ErrorHandler\\Error\\FatalError(code: 0): Trait \"Spatie\\Translatable\\HasTranslations\" not found at D:\\qixer\\@core\\app\\GalleryCategory.php:9)
[stacktrace]
#0 {main}
"} 
[2025-02-13 18:42:14] local.ERROR: Trait "Spatie\Translatable\HasTranslations" not found {"exception":"[object] (Symfony\\Component\\ErrorHandler\\Error\\FatalError(code: 0): Trait \"Spatie\\Translatable\\HasTranslations\" not found at D:\\qixer\\@core\\app\\GalleryCategory.php:9)
[stacktrace]
#0 {main}
"} 
[2025-02-13 18:43:14] local.ERROR: Trait "Spatie\Translatable\HasTranslations" not found {"exception":"[object] (Symfony\\Component\\ErrorHandler\\Error\\FatalError(code: 0): Trait \"Spatie\\Translatable\\HasTranslations\" not found at D:\\qixer\\@core\\app\\GalleryCategory.php:9)
[stacktrace]
#0 {main}
"} 
[2025-02-13 18:44:14] local.ERROR: Trait "Spatie\Translatable\HasTranslations" not found {"exception":"[object] (Symfony\\Component\\ErrorHandler\\Error\\FatalError(code: 0): Trait \"Spatie\\Translatable\\HasTranslations\" not found at D:\\qixer\\@core\\app\\GalleryCategory.php:9)
[stacktrace]
#0 {main}
"} 
[2025-02-13 18:45:14] local.ERROR: Trait "Spatie\Translatable\HasTranslations" not found {"exception":"[object] (Symfony\\Component\\ErrorHandler\\Error\\FatalError(code: 0): Trait \"Spatie\\Translatable\\HasTranslations\" not found at D:\\qixer\\@core\\app\\GalleryCategory.php:9)
[stacktrace]
#0 {main}
"} 
[2025-02-13 18:46:14] local.ERROR: Trait "Spatie\Translatable\HasTranslations" not found {"exception":"[object] (Symfony\\Component\\ErrorHandler\\Error\\FatalError(code: 0): Trait \"Spatie\\Translatable\\HasTranslations\" not found at D:\\qixer\\@core\\app\\GalleryCategory.php:9)
[stacktrace]
#0 {main}
"} 
[2025-02-13 18:47:14] local.ERROR: Trait "Spatie\Translatable\HasTranslations" not found {"exception":"[object] (Symfony\\Component\\ErrorHandler\\Error\\FatalError(code: 0): Trait \"Spatie\\Translatable\\HasTranslations\" not found at D:\\qixer\\@core\\app\\GalleryCategory.php:9)
[stacktrace]
#0 {main}
"} 
[2025-02-13 18:48:14] local.ERROR: Trait "Spatie\Translatable\HasTranslations" not found {"exception":"[object] (Symfony\\Component\\ErrorHandler\\Error\\FatalError(code: 0): Trait \"Spatie\\Translatable\\HasTranslations\" not found at D:\\qixer\\@core\\app\\GalleryCategory.php:9)
[stacktrace]
#0 {main}
"} 
[2025-02-13 18:49:14] local.ERROR: Trait "Spatie\Translatable\HasTranslations" not found {"exception":"[object] (Symfony\\Component\\ErrorHandler\\Error\\FatalError(code: 0): Trait \"Spatie\\Translatable\\HasTranslations\" not found at D:\\qixer\\@core\\app\\GalleryCategory.php:9)
[stacktrace]
#0 {main}
"} 
[2025-02-13 20:00:01] local.ERROR: Trait "Spatie\Translatable\HasTranslations" not found {"exception":"[object] (Symfony\\Component\\ErrorHandler\\Error\\FatalError(code: 0): Trait \"Spatie\\Translatable\\HasTranslations\" not found at D:\\qixer\\@core\\app\\GalleryCategory.php:9)
[stacktrace]
#0 {main}
"} 
[2025-02-13 20:00:05] local.ERROR: Trait "Spatie\Translatable\HasTranslations" not found {"exception":"[object] (Symfony\\Component\\ErrorHandler\\Error\\FatalError(code: 0): Trait \"Spatie\\Translatable\\HasTranslations\" not found at D:\\qixer\\@core\\app\\GalleryCategory.php:9)
[stacktrace]
#0 {main}
"} 
[2025-02-13 20:00:57] local.ERROR: Trait "Spatie\Translatable\HasTranslations" not found {"exception":"[object] (Symfony\\Component\\ErrorHandler\\Error\\FatalError(code: 0): Trait \"Spatie\\Translatable\\HasTranslations\" not found at D:\\qixer\\@core\\app\\GalleryCategory.php:9)
[stacktrace]
#0 {main}
"} 
[2025-02-13 20:01:53] local.ERROR: Trait "Spatie\Translatable\HasTranslations" not found {"exception":"[object] (Symfony\\Component\\ErrorHandler\\Error\\FatalError(code: 0): Trait \"Spatie\\Translatable\\HasTranslations\" not found at D:\\qixer\\@core\\app\\GalleryCategory.php:9)
[stacktrace]
#0 {main}
"} 
[2025-02-13 20:02:53] local.ERROR: Trait "Spatie\Translatable\HasTranslations" not found {"exception":"[object] (Symfony\\Component\\ErrorHandler\\Error\\FatalError(code: 0): Trait \"Spatie\\Translatable\\HasTranslations\" not found at D:\\qixer\\@core\\app\\GalleryCategory.php:9)
[stacktrace]
#0 {main}
"} 
[2025-02-13 20:03:54] local.ERROR: Trait "Spatie\Translatable\HasTranslations" not found {"exception":"[object] (Symfony\\Component\\ErrorHandler\\Error\\FatalError(code: 0): Trait \"Spatie\\Translatable\\HasTranslations\" not found at D:\\qixer\\@core\\app\\GalleryCategory.php:9)
[stacktrace]
#0 {main}
"} 
[2025-02-13 20:04:52] local.ERROR: Trait "Spatie\Translatable\HasTranslations" not found {"exception":"[object] (Symfony\\Component\\ErrorHandler\\Error\\FatalError(code: 0): Trait \"Spatie\\Translatable\\HasTranslations\" not found at D:\\qixer\\@core\\app\\GalleryCategory.php:9)
[stacktrace]
#0 {main}
"} 
[2025-02-13 20:05:52] local.ERROR: Trait "Spatie\Translatable\HasTranslations" not found {"exception":"[object] (Symfony\\Component\\ErrorHandler\\Error\\FatalError(code: 0): Trait \"Spatie\\Translatable\\HasTranslations\" not found at D:\\qixer\\@core\\app\\GalleryCategory.php:9)
[stacktrace]
#0 {main}
"} 
[2025-02-13 20:06:52] local.ERROR: Trait "Spatie\Translatable\HasTranslations" not found {"exception":"[object] (Symfony\\Component\\ErrorHandler\\Error\\FatalError(code: 0): Trait \"Spatie\\Translatable\\HasTranslations\" not found at D:\\qixer\\@core\\app\\GalleryCategory.php:9)
[stacktrace]
#0 {main}
"} 
[2025-02-13 20:07:52] local.ERROR: Trait "Spatie\Translatable\HasTranslations" not found {"exception":"[object] (Symfony\\Component\\ErrorHandler\\Error\\FatalError(code: 0): Trait \"Spatie\\Translatable\\HasTranslations\" not found at D:\\qixer\\@core\\app\\GalleryCategory.php:9)
[stacktrace]
#0 {main}
"} 
[2025-02-13 20:08:52] local.ERROR: Trait "Spatie\Translatable\HasTranslations" not found {"exception":"[object] (Symfony\\Component\\ErrorHandler\\Error\\FatalError(code: 0): Trait \"Spatie\\Translatable\\HasTranslations\" not found at D:\\qixer\\@core\\app\\GalleryCategory.php:9)
[stacktrace]
#0 {main}
"} 
[2025-02-13 20:09:53] local.ERROR: Trait "Spatie\Translatable\HasTranslations" not found {"exception":"[object] (Symfony\\Component\\ErrorHandler\\Error\\FatalError(code: 0): Trait \"Spatie\\Translatable\\HasTranslations\" not found at D:\\qixer\\@core\\app\\GalleryCategory.php:9)
[stacktrace]
#0 {main}
"} 
[2025-02-13 20:10:52] local.ERROR: Trait "Spatie\Translatable\HasTranslations" not found {"exception":"[object] (Symfony\\Component\\ErrorHandler\\Error\\FatalError(code: 0): Trait \"Spatie\\Translatable\\HasTranslations\" not found at D:\\qixer\\@core\\app\\GalleryCategory.php:9)
[stacktrace]
#0 {main}
"} 
[2025-02-13 20:11:52] local.ERROR: Trait "Spatie\Translatable\HasTranslations" not found {"exception":"[object] (Symfony\\Component\\ErrorHandler\\Error\\FatalError(code: 0): Trait \"Spatie\\Translatable\\HasTranslations\" not found at D:\\qixer\\@core\\app\\GalleryCategory.php:9)
[stacktrace]
#0 {main}
"} 
[2025-02-13 20:12:52] local.ERROR: Trait "Spatie\Translatable\HasTranslations" not found {"exception":"[object] (Symfony\\Component\\ErrorHandler\\Error\\FatalError(code: 0): Trait \"Spatie\\Translatable\\HasTranslations\" not found at D:\\qixer\\@core\\app\\GalleryCategory.php:9)
[stacktrace]
#0 {main}
"} 
[2025-02-13 20:13:53] local.ERROR: Trait "Spatie\Translatable\HasTranslations" not found {"exception":"[object] (Symfony\\Component\\ErrorHandler\\Error\\FatalError(code: 0): Trait \"Spatie\\Translatable\\HasTranslations\" not found at D:\\qixer\\@core\\app\\GalleryCategory.php:9)
[stacktrace]
#0 {main}
"} 
[2025-02-13 20:14:52] local.ERROR: Trait "Spatie\Translatable\HasTranslations" not found {"exception":"[object] (Symfony\\Component\\ErrorHandler\\Error\\FatalError(code: 0): Trait \"Spatie\\Translatable\\HasTranslations\" not found at D:\\qixer\\@core\\app\\GalleryCategory.php:9)
[stacktrace]
#0 {main}
"} 
[2025-02-13 20:15:52] local.ERROR: Trait "Spatie\Translatable\HasTranslations" not found {"exception":"[object] (Symfony\\Component\\ErrorHandler\\Error\\FatalError(code: 0): Trait \"Spatie\\Translatable\\HasTranslations\" not found at D:\\qixer\\@core\\app\\GalleryCategory.php:9)
[stacktrace]
#0 {main}
"} 
[2025-02-13 20:16:52] local.ERROR: Trait "Spatie\Translatable\HasTranslations" not found {"exception":"[object] (Symfony\\Component\\ErrorHandler\\Error\\FatalError(code: 0): Trait \"Spatie\\Translatable\\HasTranslations\" not found at D:\\qixer\\@core\\app\\GalleryCategory.php:9)
[stacktrace]
#0 {main}
"} 
[2025-02-13 20:17:52] local.ERROR: Trait "Spatie\Translatable\HasTranslations" not found {"exception":"[object] (Symfony\\Component\\ErrorHandler\\Error\\FatalError(code: 0): Trait \"Spatie\\Translatable\\HasTranslations\" not found at D:\\qixer\\@core\\app\\GalleryCategory.php:9)
[stacktrace]
#0 {main}
"} 
[2025-02-13 20:18:52] local.ERROR: Trait "Spatie\Translatable\HasTranslations" not found {"exception":"[object] (Symfony\\Component\\ErrorHandler\\Error\\FatalError(code: 0): Trait \"Spatie\\Translatable\\HasTranslations\" not found at D:\\qixer\\@core\\app\\GalleryCategory.php:9)
[stacktrace]
#0 {main}
"} 
[2025-02-13 20:19:53] local.ERROR: Trait "Spatie\Translatable\HasTranslations" not found {"exception":"[object] (Symfony\\Component\\ErrorHandler\\Error\\FatalError(code: 0): Trait \"Spatie\\Translatable\\HasTranslations\" not found at D:\\qixer\\@core\\app\\GalleryCategory.php:9)
[stacktrace]
#0 {main}
"} 
[2025-02-13 20:20:52] local.ERROR: Trait "Spatie\Translatable\HasTranslations" not found {"exception":"[object] (Symfony\\Component\\ErrorHandler\\Error\\FatalError(code: 0): Trait \"Spatie\\Translatable\\HasTranslations\" not found at D:\\qixer\\@core\\app\\GalleryCategory.php:9)
[stacktrace]
#0 {main}
"} 
[2025-02-13 20:21:52] local.ERROR: Trait "Spatie\Translatable\HasTranslations" not found {"exception":"[object] (Symfony\\Component\\ErrorHandler\\Error\\FatalError(code: 0): Trait \"Spatie\\Translatable\\HasTranslations\" not found at D:\\qixer\\@core\\app\\GalleryCategory.php:9)
[stacktrace]
#0 {main}
"} 
[2025-02-13 20:22:53] local.ERROR: Trait "Spatie\Translatable\HasTranslations" not found {"exception":"[object] (Symfony\\Component\\ErrorHandler\\Error\\FatalError(code: 0): Trait \"Spatie\\Translatable\\HasTranslations\" not found at D:\\qixer\\@core\\app\\GalleryCategory.php:9)
[stacktrace]
#0 {main}
"} 
[2025-02-13 20:23:52] local.ERROR: Trait "Spatie\Translatable\HasTranslations" not found {"exception":"[object] (Symfony\\Component\\ErrorHandler\\Error\\FatalError(code: 0): Trait \"Spatie\\Translatable\\HasTranslations\" not found at D:\\qixer\\@core\\app\\GalleryCategory.php:9)
[stacktrace]
#0 {main}
"} 
[2025-02-13 20:24:52] local.ERROR: Trait "Spatie\Translatable\HasTranslations" not found {"exception":"[object] (Symfony\\Component\\ErrorHandler\\Error\\FatalError(code: 0): Trait \"Spatie\\Translatable\\HasTranslations\" not found at D:\\qixer\\@core\\app\\GalleryCategory.php:9)
[stacktrace]
#0 {main}
"} 
[2025-02-13 20:25:52] local.ERROR: Trait "Spatie\Translatable\HasTranslations" not found {"exception":"[object] (Symfony\\Component\\ErrorHandler\\Error\\FatalError(code: 0): Trait \"Spatie\\Translatable\\HasTranslations\" not found at D:\\qixer\\@core\\app\\GalleryCategory.php:9)
[stacktrace]
#0 {main}
"} 
[2025-02-13 20:26:52] local.ERROR: Trait "Spatie\Translatable\HasTranslations" not found {"exception":"[object] (Symfony\\Component\\ErrorHandler\\Error\\FatalError(code: 0): Trait \"Spatie\\Translatable\\HasTranslations\" not found at D:\\qixer\\@core\\app\\GalleryCategory.php:9)
[stacktrace]
#0 {main}
"} 
[2025-02-13 20:27:53] local.ERROR: Trait "Spatie\Translatable\HasTranslations" not found {"exception":"[object] (Symfony\\Component\\ErrorHandler\\Error\\FatalError(code: 0): Trait \"Spatie\\Translatable\\HasTranslations\" not found at D:\\qixer\\@core\\app\\GalleryCategory.php:9)
[stacktrace]
#0 {main}
"} 
[2025-02-13 20:28:52] local.ERROR: Trait "Spatie\Translatable\HasTranslations" not found {"exception":"[object] (Symfony\\Component\\ErrorHandler\\Error\\FatalError(code: 0): Trait \"Spatie\\Translatable\\HasTranslations\" not found at D:\\qixer\\@core\\app\\GalleryCategory.php:9)
[stacktrace]
#0 {main}
"} 
[2025-02-13 20:29:53] local.ERROR: Trait "Spatie\Translatable\HasTranslations" not found {"exception":"[object] (Symfony\\Component\\ErrorHandler\\Error\\FatalError(code: 0): Trait \"Spatie\\Translatable\\HasTranslations\" not found at D:\\qixer\\@core\\app\\GalleryCategory.php:9)
[stacktrace]
#0 {main}
"} 
[2025-02-13 20:30:52] local.ERROR: Trait "Spatie\Translatable\HasTranslations" not found {"exception":"[object] (Symfony\\Component\\ErrorHandler\\Error\\FatalError(code: 0): Trait \"Spatie\\Translatable\\HasTranslations\" not found at D:\\qixer\\@core\\app\\GalleryCategory.php:9)
[stacktrace]
#0 {main}
"} 
[2025-02-13 20:31:53] local.ERROR: Trait "Spatie\Translatable\HasTranslations" not found {"exception":"[object] (Symfony\\Component\\ErrorHandler\\Error\\FatalError(code: 0): Trait \"Spatie\\Translatable\\HasTranslations\" not found at D:\\qixer\\@core\\app\\GalleryCategory.php:9)
[stacktrace]
#0 {main}
"} 
[2025-02-13 20:32:52] local.ERROR: Trait "Spatie\Translatable\HasTranslations" not found {"exception":"[object] (Symfony\\Component\\ErrorHandler\\Error\\FatalError(code: 0): Trait \"Spatie\\Translatable\\HasTranslations\" not found at D:\\qixer\\@core\\app\\GalleryCategory.php:9)
[stacktrace]
#0 {main}
"} 
[2025-02-13 20:33:52] local.ERROR: Trait "Spatie\Translatable\HasTranslations" not found {"exception":"[object] (Symfony\\Component\\ErrorHandler\\Error\\FatalError(code: 0): Trait \"Spatie\\Translatable\\HasTranslations\" not found at D:\\qixer\\@core\\app\\GalleryCategory.php:9)
[stacktrace]
#0 {main}
"} 
[2025-02-13 20:34:53] local.ERROR: Trait "Spatie\Translatable\HasTranslations" not found {"exception":"[object] (Symfony\\Component\\ErrorHandler\\Error\\FatalError(code: 0): Trait \"Spatie\\Translatable\\HasTranslations\" not found at D:\\qixer\\@core\\app\\GalleryCategory.php:9)
[stacktrace]
#0 {main}
"} 
[2025-02-13 20:35:53] local.ERROR: Trait "Spatie\Translatable\HasTranslations" not found {"exception":"[object] (Symfony\\Component\\ErrorHandler\\Error\\FatalError(code: 0): Trait \"Spatie\\Translatable\\HasTranslations\" not found at D:\\qixer\\@core\\app\\GalleryCategory.php:9)
[stacktrace]
#0 {main}
"} 
[2025-02-13 20:36:53] local.ERROR: Trait "Spatie\Translatable\HasTranslations" not found {"exception":"[object] (Symfony\\Component\\ErrorHandler\\Error\\FatalError(code: 0): Trait \"Spatie\\Translatable\\HasTranslations\" not found at D:\\qixer\\@core\\app\\GalleryCategory.php:9)
[stacktrace]
#0 {main}
"} 
[2025-02-13 20:37:53] local.ERROR: Trait "Spatie\Translatable\HasTranslations" not found {"exception":"[object] (Symfony\\Component\\ErrorHandler\\Error\\FatalError(code: 0): Trait \"Spatie\\Translatable\\HasTranslations\" not found at D:\\qixer\\@core\\app\\GalleryCategory.php:9)
[stacktrace]
#0 {main}
"} 
[2025-02-13 20:38:53] local.ERROR: Trait "Spatie\Translatable\HasTranslations" not found {"exception":"[object] (Symfony\\Component\\ErrorHandler\\Error\\FatalError(code: 0): Trait \"Spatie\\Translatable\\HasTranslations\" not found at D:\\qixer\\@core\\app\\GalleryCategory.php:9)
[stacktrace]
#0 {main}
"} 
[2025-02-13 20:39:53] local.ERROR: Trait "Spatie\Translatable\HasTranslations" not found {"exception":"[object] (Symfony\\Component\\ErrorHandler\\Error\\FatalError(code: 0): Trait \"Spatie\\Translatable\\HasTranslations\" not found at D:\\qixer\\@core\\app\\GalleryCategory.php:9)
[stacktrace]
#0 {main}
"} 
[2025-02-13 20:40:53] local.ERROR: Trait "Spatie\Translatable\HasTranslations" not found {"exception":"[object] (Symfony\\Component\\ErrorHandler\\Error\\FatalError(code: 0): Trait \"Spatie\\Translatable\\HasTranslations\" not found at D:\\qixer\\@core\\app\\GalleryCategory.php:9)
[stacktrace]
#0 {main}
"} 
[2025-02-13 20:41:53] local.ERROR: Trait "Spatie\Translatable\HasTranslations" not found {"exception":"[object] (Symfony\\Component\\ErrorHandler\\Error\\FatalError(code: 0): Trait \"Spatie\\Translatable\\HasTranslations\" not found at D:\\qixer\\@core\\app\\GalleryCategory.php:9)
[stacktrace]
#0 {main}
"} 
[2025-02-13 20:42:53] local.ERROR: Trait "Spatie\Translatable\HasTranslations" not found {"exception":"[object] (Symfony\\Component\\ErrorHandler\\Error\\FatalError(code: 0): Trait \"Spatie\\Translatable\\HasTranslations\" not found at D:\\qixer\\@core\\app\\GalleryCategory.php:9)
[stacktrace]
#0 {main}
"} 
[2025-02-13 20:43:53] local.ERROR: Trait "Spatie\Translatable\HasTranslations" not found {"exception":"[object] (Symfony\\Component\\ErrorHandler\\Error\\FatalError(code: 0): Trait \"Spatie\\Translatable\\HasTranslations\" not found at D:\\qixer\\@core\\app\\GalleryCategory.php:9)
[stacktrace]
#0 {main}
"} 
[2025-02-13 20:44:53] local.ERROR: Trait "Spatie\Translatable\HasTranslations" not found {"exception":"[object] (Symfony\\Component\\ErrorHandler\\Error\\FatalError(code: 0): Trait \"Spatie\\Translatable\\HasTranslations\" not found at D:\\qixer\\@core\\app\\GalleryCategory.php:9)
[stacktrace]
#0 {main}
"} 
[2025-02-13 20:45:53] local.ERROR: Trait "Spatie\Translatable\HasTranslations" not found {"exception":"[object] (Symfony\\Component\\ErrorHandler\\Error\\FatalError(code: 0): Trait \"Spatie\\Translatable\\HasTranslations\" not found at D:\\qixer\\@core\\app\\GalleryCategory.php:9)
[stacktrace]
#0 {main}
"} 
[2025-02-13 20:46:53] local.ERROR: Trait "Spatie\Translatable\HasTranslations" not found {"exception":"[object] (Symfony\\Component\\ErrorHandler\\Error\\FatalError(code: 0): Trait \"Spatie\\Translatable\\HasTranslations\" not found at D:\\qixer\\@core\\app\\GalleryCategory.php:9)
[stacktrace]
#0 {main}
"} 
[2025-02-13 20:47:55] local.ERROR: Trait "Spatie\Translatable\HasTranslations" not found {"exception":"[object] (Symfony\\Component\\ErrorHandler\\Error\\FatalError(code: 0): Trait \"Spatie\\Translatable\\HasTranslations\" not found at D:\\qixer\\@core\\app\\GalleryCategory.php:9)
[stacktrace]
#0 {main}
"} 
[2025-02-13 20:48:53] local.ERROR: Trait "Spatie\Translatable\HasTranslations" not found {"exception":"[object] (Symfony\\Component\\ErrorHandler\\Error\\FatalError(code: 0): Trait \"Spatie\\Translatable\\HasTranslations\" not found at D:\\qixer\\@core\\app\\GalleryCategory.php:9)
[stacktrace]
#0 {main}
"} 
[2025-02-13 20:49:53] local.ERROR: Trait "Spatie\Translatable\HasTranslations" not found {"exception":"[object] (Symfony\\Component\\ErrorHandler\\Error\\FatalError(code: 0): Trait \"Spatie\\Translatable\\HasTranslations\" not found at D:\\qixer\\@core\\app\\GalleryCategory.php:9)
[stacktrace]
#0 {main}
"} 
[2025-02-13 20:50:53] local.ERROR: Trait "Spatie\Translatable\HasTranslations" not found {"exception":"[object] (Symfony\\Component\\ErrorHandler\\Error\\FatalError(code: 0): Trait \"Spatie\\Translatable\\HasTranslations\" not found at D:\\qixer\\@core\\app\\GalleryCategory.php:9)
[stacktrace]
#0 {main}
"} 
[2025-02-13 20:51:53] local.ERROR: Trait "Spatie\Translatable\HasTranslations" not found {"exception":"[object] (Symfony\\Component\\ErrorHandler\\Error\\FatalError(code: 0): Trait \"Spatie\\Translatable\\HasTranslations\" not found at D:\\qixer\\@core\\app\\GalleryCategory.php:9)
[stacktrace]
#0 {main}
"} 
[2025-02-13 20:52:53] local.ERROR: Trait "Spatie\Translatable\HasTranslations" not found {"exception":"[object] (Symfony\\Component\\ErrorHandler\\Error\\FatalError(code: 0): Trait \"Spatie\\Translatable\\HasTranslations\" not found at D:\\qixer\\@core\\app\\GalleryCategory.php:9)
[stacktrace]
#0 {main}
"} 
[2025-02-13 20:53:53] local.ERROR: Trait "Spatie\Translatable\HasTranslations" not found {"exception":"[object] (Symfony\\Component\\ErrorHandler\\Error\\FatalError(code: 0): Trait \"Spatie\\Translatable\\HasTranslations\" not found at D:\\qixer\\@core\\app\\GalleryCategory.php:9)
[stacktrace]
#0 {main}
"} 
[2025-02-13 20:54:53] local.ERROR: Trait "Spatie\Translatable\HasTranslations" not found {"exception":"[object] (Symfony\\Component\\ErrorHandler\\Error\\FatalError(code: 0): Trait \"Spatie\\Translatable\\HasTranslations\" not found at D:\\qixer\\@core\\app\\GalleryCategory.php:9)
[stacktrace]
#0 {main}
"} 
[2025-02-13 20:55:53] local.ERROR: Trait "Spatie\Translatable\HasTranslations" not found {"exception":"[object] (Symfony\\Component\\ErrorHandler\\Error\\FatalError(code: 0): Trait \"Spatie\\Translatable\\HasTranslations\" not found at D:\\qixer\\@core\\app\\GalleryCategory.php:9)
[stacktrace]
#0 {main}
"} 
[2025-02-13 20:56:53] local.ERROR: Trait "Spatie\Translatable\HasTranslations" not found {"exception":"[object] (Symfony\\Component\\ErrorHandler\\Error\\FatalError(code: 0): Trait \"Spatie\\Translatable\\HasTranslations\" not found at D:\\qixer\\@core\\app\\GalleryCategory.php:9)
[stacktrace]
#0 {main}
"} 
[2025-02-13 20:57:53] local.ERROR: Trait "Spatie\Translatable\HasTranslations" not found {"exception":"[object] (Symfony\\Component\\ErrorHandler\\Error\\FatalError(code: 0): Trait \"Spatie\\Translatable\\HasTranslations\" not found at D:\\qixer\\@core\\app\\GalleryCategory.php:9)
[stacktrace]
#0 {main}
"} 
[2025-02-13 20:58:53] local.ERROR: Trait "Spatie\Translatable\HasTranslations" not found {"exception":"[object] (Symfony\\Component\\ErrorHandler\\Error\\FatalError(code: 0): Trait \"Spatie\\Translatable\\HasTranslations\" not found at D:\\qixer\\@core\\app\\GalleryCategory.php:9)
[stacktrace]
#0 {main}
"} 
[2025-02-13 20:59:53] local.ERROR: Trait "Spatie\Translatable\HasTranslations" not found {"exception":"[object] (Symfony\\Component\\ErrorHandler\\Error\\FatalError(code: 0): Trait \"Spatie\\Translatable\\HasTranslations\" not found at D:\\qixer\\@core\\app\\GalleryCategory.php:9)
[stacktrace]
#0 {main}
"} 
[2025-02-13 21:00:53] local.ERROR: Trait "Spatie\Translatable\HasTranslations" not found {"exception":"[object] (Symfony\\Component\\ErrorHandler\\Error\\FatalError(code: 0): Trait \"Spatie\\Translatable\\HasTranslations\" not found at D:\\qixer\\@core\\app\\GalleryCategory.php:9)
[stacktrace]
#0 {main}
"} 
[2025-02-13 21:01:53] local.ERROR: Trait "Spatie\Translatable\HasTranslations" not found {"exception":"[object] (Symfony\\Component\\ErrorHandler\\Error\\FatalError(code: 0): Trait \"Spatie\\Translatable\\HasTranslations\" not found at D:\\qixer\\@core\\app\\GalleryCategory.php:9)
[stacktrace]
#0 {main}
"} 
[2025-02-13 21:02:53] local.ERROR: Trait "Spatie\Translatable\HasTranslations" not found {"exception":"[object] (Symfony\\Component\\ErrorHandler\\Error\\FatalError(code: 0): Trait \"Spatie\\Translatable\\HasTranslations\" not found at D:\\qixer\\@core\\app\\GalleryCategory.php:9)
[stacktrace]
#0 {main}
"} 
[2025-02-13 21:03:53] local.ERROR: Trait "Spatie\Translatable\HasTranslations" not found {"exception":"[object] (Symfony\\Component\\ErrorHandler\\Error\\FatalError(code: 0): Trait \"Spatie\\Translatable\\HasTranslations\" not found at D:\\qixer\\@core\\app\\GalleryCategory.php:9)
[stacktrace]
#0 {main}
"} 
[2025-02-13 21:04:53] local.ERROR: Trait "Spatie\Translatable\HasTranslations" not found {"exception":"[object] (Symfony\\Component\\ErrorHandler\\Error\\FatalError(code: 0): Trait \"Spatie\\Translatable\\HasTranslations\" not found at D:\\qixer\\@core\\app\\GalleryCategory.php:9)
[stacktrace]
#0 {main}
"} 
[2025-02-13 21:05:53] local.ERROR: Trait "Spatie\Translatable\HasTranslations" not found {"exception":"[object] (Symfony\\Component\\ErrorHandler\\Error\\FatalError(code: 0): Trait \"Spatie\\Translatable\\HasTranslations\" not found at D:\\qixer\\@core\\app\\GalleryCategory.php:9)
[stacktrace]
#0 {main}
"} 
[2025-02-13 21:06:56] local.ERROR: Trait "Spatie\Translatable\HasTranslations" not found {"exception":"[object] (Symfony\\Component\\ErrorHandler\\Error\\FatalError(code: 0): Trait \"Spatie\\Translatable\\HasTranslations\" not found at D:\\qixer\\@core\\app\\GalleryCategory.php:9)
[stacktrace]
#0 {main}
"} 
[2025-02-13 21:07:56] local.ERROR: Trait "Spatie\Translatable\HasTranslations" not found {"exception":"[object] (Symfony\\Component\\ErrorHandler\\Error\\FatalError(code: 0): Trait \"Spatie\\Translatable\\HasTranslations\" not found at D:\\qixer\\@core\\app\\GalleryCategory.php:9)
[stacktrace]
#0 {main}
"} 
[2025-02-13 21:09:00] local.ERROR: Trait "Spatie\Translatable\HasTranslations" not found {"exception":"[object] (Symfony\\Component\\ErrorHandler\\Error\\FatalError(code: 0): Trait \"Spatie\\Translatable\\HasTranslations\" not found at D:\\qixer\\@core\\app\\GalleryCategory.php:9)
[stacktrace]
#0 {main}
"} 
[2025-02-13 21:09:55] local.ERROR: Trait "Spatie\Translatable\HasTranslations" not found {"exception":"[object] (Symfony\\Component\\ErrorHandler\\Error\\FatalError(code: 0): Trait \"Spatie\\Translatable\\HasTranslations\" not found at D:\\qixer\\@core\\app\\GalleryCategory.php:9)
[stacktrace]
#0 {main}
"} 
[2025-02-13 21:10:53] local.ERROR: Trait "Spatie\Translatable\HasTranslations" not found {"exception":"[object] (Symfony\\Component\\ErrorHandler\\Error\\FatalError(code: 0): Trait \"Spatie\\Translatable\\HasTranslations\" not found at D:\\qixer\\@core\\app\\GalleryCategory.php:9)
[stacktrace]
#0 {main}
"} 
[2025-02-13 21:11:53] local.ERROR: Trait "Spatie\Translatable\HasTranslations" not found {"exception":"[object] (Symfony\\Component\\ErrorHandler\\Error\\FatalError(code: 0): Trait \"Spatie\\Translatable\\HasTranslations\" not found at D:\\qixer\\@core\\app\\GalleryCategory.php:9)
[stacktrace]
#0 {main}
"} 
[2025-02-13 21:12:53] local.ERROR: Trait "Spatie\Translatable\HasTranslations" not found {"exception":"[object] (Symfony\\Component\\ErrorHandler\\Error\\FatalError(code: 0): Trait \"Spatie\\Translatable\\HasTranslations\" not found at D:\\qixer\\@core\\app\\GalleryCategory.php:9)
[stacktrace]
#0 {main}
"} 
[2025-02-13 21:13:53] local.ERROR: Trait "Spatie\Translatable\HasTranslations" not found {"exception":"[object] (Symfony\\Component\\ErrorHandler\\Error\\FatalError(code: 0): Trait \"Spatie\\Translatable\\HasTranslations\" not found at D:\\qixer\\@core\\app\\GalleryCategory.php:9)
[stacktrace]
#0 {main}
"} 
[2025-02-13 21:14:53] local.ERROR: Trait "Spatie\Translatable\HasTranslations" not found {"exception":"[object] (Symfony\\Component\\ErrorHandler\\Error\\FatalError(code: 0): Trait \"Spatie\\Translatable\\HasTranslations\" not found at D:\\qixer\\@core\\app\\GalleryCategory.php:9)
[stacktrace]
#0 {main}
"} 
[2025-02-13 21:15:53] local.ERROR: Trait "Spatie\Translatable\HasTranslations" not found {"exception":"[object] (Symfony\\Component\\ErrorHandler\\Error\\FatalError(code: 0): Trait \"Spatie\\Translatable\\HasTranslations\" not found at D:\\qixer\\@core\\app\\GalleryCategory.php:9)
[stacktrace]
#0 {main}
"} 
[2025-02-13 21:16:53] local.ERROR: Trait "Spatie\Translatable\HasTranslations" not found {"exception":"[object] (Symfony\\Component\\ErrorHandler\\Error\\FatalError(code: 0): Trait \"Spatie\\Translatable\\HasTranslations\" not found at D:\\qixer\\@core\\app\\GalleryCategory.php:9)
[stacktrace]
#0 {main}
"} 
[2025-02-13 21:17:53] local.ERROR: Trait "Spatie\Translatable\HasTranslations" not found {"exception":"[object] (Symfony\\Component\\ErrorHandler\\Error\\FatalError(code: 0): Trait \"Spatie\\Translatable\\HasTranslations\" not found at D:\\qixer\\@core\\app\\GalleryCategory.php:9)
[stacktrace]
#0 {main}
"} 
[2025-02-13 21:18:53] local.ERROR: Trait "Spatie\Translatable\HasTranslations" not found {"exception":"[object] (Symfony\\Component\\ErrorHandler\\Error\\FatalError(code: 0): Trait \"Spatie\\Translatable\\HasTranslations\" not found at D:\\qixer\\@core\\app\\GalleryCategory.php:9)
[stacktrace]
#0 {main}
"} 
[2025-02-13 21:19:53] local.ERROR: Trait "Spatie\Translatable\HasTranslations" not found {"exception":"[object] (Symfony\\Component\\ErrorHandler\\Error\\FatalError(code: 0): Trait \"Spatie\\Translatable\\HasTranslations\" not found at D:\\qixer\\@core\\app\\GalleryCategory.php:9)
[stacktrace]
#0 {main}
"} 
[2025-02-13 21:20:53] local.ERROR: Trait "Spatie\Translatable\HasTranslations" not found {"exception":"[object] (Symfony\\Component\\ErrorHandler\\Error\\FatalError(code: 0): Trait \"Spatie\\Translatable\\HasTranslations\" not found at D:\\qixer\\@core\\app\\GalleryCategory.php:9)
[stacktrace]
#0 {main}
"} 
[2025-02-13 21:21:53] local.ERROR: Trait "Spatie\Translatable\HasTranslations" not found {"exception":"[object] (Symfony\\Component\\ErrorHandler\\Error\\FatalError(code: 0): Trait \"Spatie\\Translatable\\HasTranslations\" not found at D:\\qixer\\@core\\app\\GalleryCategory.php:9)
[stacktrace]
#0 {main}
"} 
[2025-02-13 21:22:53] local.ERROR: Trait "Spatie\Translatable\HasTranslations" not found {"exception":"[object] (Symfony\\Component\\ErrorHandler\\Error\\FatalError(code: 0): Trait \"Spatie\\Translatable\\HasTranslations\" not found at D:\\qixer\\@core\\app\\GalleryCategory.php:9)
[stacktrace]
#0 {main}
"} 
[2025-02-13 21:23:53] local.ERROR: Trait "Spatie\Translatable\HasTranslations" not found {"exception":"[object] (Symfony\\Component\\ErrorHandler\\Error\\FatalError(code: 0): Trait \"Spatie\\Translatable\\HasTranslations\" not found at D:\\qixer\\@core\\app\\GalleryCategory.php:9)
[stacktrace]
#0 {main}
"} 
[2025-02-13 21:24:53] local.ERROR: Trait "Spatie\Translatable\HasTranslations" not found {"exception":"[object] (Symfony\\Component\\ErrorHandler\\Error\\FatalError(code: 0): Trait \"Spatie\\Translatable\\HasTranslations\" not found at D:\\qixer\\@core\\app\\GalleryCategory.php:9)
[stacktrace]
#0 {main}
"} 
[2025-02-13 21:25:53] local.ERROR: Trait "Spatie\Translatable\HasTranslations" not found {"exception":"[object] (Symfony\\Component\\ErrorHandler\\Error\\FatalError(code: 0): Trait \"Spatie\\Translatable\\HasTranslations\" not found at D:\\qixer\\@core\\app\\GalleryCategory.php:9)
[stacktrace]
#0 {main}
"} 
[2025-02-13 21:26:53] local.ERROR: Trait "Spatie\Translatable\HasTranslations" not found {"exception":"[object] (Symfony\\Component\\ErrorHandler\\Error\\FatalError(code: 0): Trait \"Spatie\\Translatable\\HasTranslations\" not found at D:\\qixer\\@core\\app\\GalleryCategory.php:9)
[stacktrace]
#0 {main}
"} 
[2025-02-13 21:27:53] local.ERROR: Trait "Spatie\Translatable\HasTranslations" not found {"exception":"[object] (Symfony\\Component\\ErrorHandler\\Error\\FatalError(code: 0): Trait \"Spatie\\Translatable\\HasTranslations\" not found at D:\\qixer\\@core\\app\\GalleryCategory.php:9)
[stacktrace]
#0 {main}
"} 
[2025-02-13 21:28:53] local.ERROR: Trait "Spatie\Translatable\HasTranslations" not found {"exception":"[object] (Symfony\\Component\\ErrorHandler\\Error\\FatalError(code: 0): Trait \"Spatie\\Translatable\\HasTranslations\" not found at D:\\qixer\\@core\\app\\GalleryCategory.php:9)
[stacktrace]
#0 {main}
"} 
[2025-02-13 21:29:53] local.ERROR: Trait "Spatie\Translatable\HasTranslations" not found {"exception":"[object] (Symfony\\Component\\ErrorHandler\\Error\\FatalError(code: 0): Trait \"Spatie\\Translatable\\HasTranslations\" not found at D:\\qixer\\@core\\app\\GalleryCategory.php:9)
[stacktrace]
#0 {main}
"} 
[2025-02-13 21:30:53] local.ERROR: Trait "Spatie\Translatable\HasTranslations" not found {"exception":"[object] (Symfony\\Component\\ErrorHandler\\Error\\FatalError(code: 0): Trait \"Spatie\\Translatable\\HasTranslations\" not found at D:\\qixer\\@core\\app\\GalleryCategory.php:9)
[stacktrace]
#0 {main}
"} 
[2025-02-13 21:31:53] local.ERROR: Trait "Spatie\Translatable\HasTranslations" not found {"exception":"[object] (Symfony\\Component\\ErrorHandler\\Error\\FatalError(code: 0): Trait \"Spatie\\Translatable\\HasTranslations\" not found at D:\\qixer\\@core\\app\\GalleryCategory.php:9)
[stacktrace]
#0 {main}
"} 
[2025-02-13 21:32:53] local.ERROR: Trait "Spatie\Translatable\HasTranslations" not found {"exception":"[object] (Symfony\\Component\\ErrorHandler\\Error\\FatalError(code: 0): Trait \"Spatie\\Translatable\\HasTranslations\" not found at D:\\qixer\\@core\\app\\GalleryCategory.php:9)
[stacktrace]
#0 {main}
"} 
[2025-02-13 21:33:53] local.ERROR: Trait "Spatie\Translatable\HasTranslations" not found {"exception":"[object] (Symfony\\Component\\ErrorHandler\\Error\\FatalError(code: 0): Trait \"Spatie\\Translatable\\HasTranslations\" not found at D:\\qixer\\@core\\app\\GalleryCategory.php:9)
[stacktrace]
#0 {main}
"} 
[2025-02-13 21:34:53] local.ERROR: Trait "Spatie\Translatable\HasTranslations" not found {"exception":"[object] (Symfony\\Component\\ErrorHandler\\Error\\FatalError(code: 0): Trait \"Spatie\\Translatable\\HasTranslations\" not found at D:\\qixer\\@core\\app\\GalleryCategory.php:9)
[stacktrace]
#0 {main}
"} 
[2025-02-13 21:35:53] local.ERROR: Trait "Spatie\Translatable\HasTranslations" not found {"exception":"[object] (Symfony\\Component\\ErrorHandler\\Error\\FatalError(code: 0): Trait \"Spatie\\Translatable\\HasTranslations\" not found at D:\\qixer\\@core\\app\\GalleryCategory.php:9)
[stacktrace]
#0 {main}
"} 
[2025-02-13 21:36:53] local.ERROR: Trait "Spatie\Translatable\HasTranslations" not found {"exception":"[object] (Symfony\\Component\\ErrorHandler\\Error\\FatalError(code: 0): Trait \"Spatie\\Translatable\\HasTranslations\" not found at D:\\qixer\\@core\\app\\GalleryCategory.php:9)
[stacktrace]
#0 {main}
"} 
[2025-02-13 21:37:53] local.ERROR: Trait "Spatie\Translatable\HasTranslations" not found {"exception":"[object] (Symfony\\Component\\ErrorHandler\\Error\\FatalError(code: 0): Trait \"Spatie\\Translatable\\HasTranslations\" not found at D:\\qixer\\@core\\app\\GalleryCategory.php:9)
[stacktrace]
#0 {main}
"} 
[2025-02-13 21:38:53] local.ERROR: Trait "Spatie\Translatable\HasTranslations" not found {"exception":"[object] (Symfony\\Component\\ErrorHandler\\Error\\FatalError(code: 0): Trait \"Spatie\\Translatable\\HasTranslations\" not found at D:\\qixer\\@core\\app\\GalleryCategory.php:9)
[stacktrace]
#0 {main}
"} 
[2025-02-13 21:39:53] local.ERROR: Trait "Spatie\Translatable\HasTranslations" not found {"exception":"[object] (Symfony\\Component\\ErrorHandler\\Error\\FatalError(code: 0): Trait \"Spatie\\Translatable\\HasTranslations\" not found at D:\\qixer\\@core\\app\\GalleryCategory.php:9)
[stacktrace]
#0 {main}
"} 
[2025-02-13 21:40:53] local.ERROR: Trait "Spatie\Translatable\HasTranslations" not found {"exception":"[object] (Symfony\\Component\\ErrorHandler\\Error\\FatalError(code: 0): Trait \"Spatie\\Translatable\\HasTranslations\" not found at D:\\qixer\\@core\\app\\GalleryCategory.php:9)
[stacktrace]
#0 {main}
"} 
[2025-02-13 21:41:53] local.ERROR: Trait "Spatie\Translatable\HasTranslations" not found {"exception":"[object] (Symfony\\Component\\ErrorHandler\\Error\\FatalError(code: 0): Trait \"Spatie\\Translatable\\HasTranslations\" not found at D:\\qixer\\@core\\app\\GalleryCategory.php:9)
[stacktrace]
#0 {main}
"} 
[2025-02-13 21:42:53] local.ERROR: Trait "Spatie\Translatable\HasTranslations" not found {"exception":"[object] (Symfony\\Component\\ErrorHandler\\Error\\FatalError(code: 0): Trait \"Spatie\\Translatable\\HasTranslations\" not found at D:\\qixer\\@core\\app\\GalleryCategory.php:9)
[stacktrace]
#0 {main}
"} 
[2025-02-13 21:43:53] local.ERROR: Trait "Spatie\Translatable\HasTranslations" not found {"exception":"[object] (Symfony\\Component\\ErrorHandler\\Error\\FatalError(code: 0): Trait \"Spatie\\Translatable\\HasTranslations\" not found at D:\\qixer\\@core\\app\\GalleryCategory.php:9)
[stacktrace]
#0 {main}
"} 
[2025-02-13 21:44:53] local.ERROR: Trait "Spatie\Translatable\HasTranslations" not found {"exception":"[object] (Symfony\\Component\\ErrorHandler\\Error\\FatalError(code: 0): Trait \"Spatie\\Translatable\\HasTranslations\" not found at D:\\qixer\\@core\\app\\GalleryCategory.php:9)
[stacktrace]
#0 {main}
"} 
[2025-02-13 21:45:53] local.ERROR: Trait "Spatie\Translatable\HasTranslations" not found {"exception":"[object] (Symfony\\Component\\ErrorHandler\\Error\\FatalError(code: 0): Trait \"Spatie\\Translatable\\HasTranslations\" not found at D:\\qixer\\@core\\app\\GalleryCategory.php:9)
[stacktrace]
#0 {main}
"} 
[2025-02-13 21:46:53] local.ERROR: Trait "Spatie\Translatable\HasTranslations" not found {"exception":"[object] (Symfony\\Component\\ErrorHandler\\Error\\FatalError(code: 0): Trait \"Spatie\\Translatable\\HasTranslations\" not found at D:\\qixer\\@core\\app\\GalleryCategory.php:9)
[stacktrace]
#0 {main}
"} 
[2025-02-13 21:47:53] local.ERROR: Trait "Spatie\Translatable\HasTranslations" not found {"exception":"[object] (Symfony\\Component\\ErrorHandler\\Error\\FatalError(code: 0): Trait \"Spatie\\Translatable\\HasTranslations\" not found at D:\\qixer\\@core\\app\\GalleryCategory.php:9)
[stacktrace]
#0 {main}
"} 
[2025-02-13 21:48:53] local.ERROR: Trait "Spatie\Translatable\HasTranslations" not found {"exception":"[object] (Symfony\\Component\\ErrorHandler\\Error\\FatalError(code: 0): Trait \"Spatie\\Translatable\\HasTranslations\" not found at D:\\qixer\\@core\\app\\GalleryCategory.php:9)
[stacktrace]
#0 {main}
"} 
[2025-02-13 21:49:53] local.ERROR: Trait "Spatie\Translatable\HasTranslations" not found {"exception":"[object] (Symfony\\Component\\ErrorHandler\\Error\\FatalError(code: 0): Trait \"Spatie\\Translatable\\HasTranslations\" not found at D:\\qixer\\@core\\app\\GalleryCategory.php:9)
[stacktrace]
#0 {main}
"} 
[2025-02-13 21:50:53] local.ERROR: Trait "Spatie\Translatable\HasTranslations" not found {"exception":"[object] (Symfony\\Component\\ErrorHandler\\Error\\FatalError(code: 0): Trait \"Spatie\\Translatable\\HasTranslations\" not found at D:\\qixer\\@core\\app\\GalleryCategory.php:9)
[stacktrace]
#0 {main}
"} 
[2025-02-13 21:51:53] local.ERROR: Trait "Spatie\Translatable\HasTranslations" not found {"exception":"[object] (Symfony\\Component\\ErrorHandler\\Error\\FatalError(code: 0): Trait \"Spatie\\Translatable\\HasTranslations\" not found at D:\\qixer\\@core\\app\\GalleryCategory.php:9)
[stacktrace]
#0 {main}
"} 
[2025-02-13 21:52:53] local.ERROR: Trait "Spatie\Translatable\HasTranslations" not found {"exception":"[object] (Symfony\\Component\\ErrorHandler\\Error\\FatalError(code: 0): Trait \"Spatie\\Translatable\\HasTranslations\" not found at D:\\qixer\\@core\\app\\GalleryCategory.php:9)
[stacktrace]
#0 {main}
"} 
[2025-02-13 21:53:53] local.ERROR: Trait "Spatie\Translatable\HasTranslations" not found {"exception":"[object] (Symfony\\Component\\ErrorHandler\\Error\\FatalError(code: 0): Trait \"Spatie\\Translatable\\HasTranslations\" not found at D:\\qixer\\@core\\app\\GalleryCategory.php:9)
[stacktrace]
#0 {main}
"} 
[2025-02-13 21:54:53] local.ERROR: Trait "Spatie\Translatable\HasTranslations" not found {"exception":"[object] (Symfony\\Component\\ErrorHandler\\Error\\FatalError(code: 0): Trait \"Spatie\\Translatable\\HasTranslations\" not found at D:\\qixer\\@core\\app\\GalleryCategory.php:9)
[stacktrace]
#0 {main}
"} 
[2025-02-13 21:55:53] local.ERROR: Trait "Spatie\Translatable\HasTranslations" not found {"exception":"[object] (Symfony\\Component\\ErrorHandler\\Error\\FatalError(code: 0): Trait \"Spatie\\Translatable\\HasTranslations\" not found at D:\\qixer\\@core\\app\\GalleryCategory.php:9)
[stacktrace]
#0 {main}
"} 
[2025-02-13 21:56:53] local.ERROR: Trait "Spatie\Translatable\HasTranslations" not found {"exception":"[object] (Symfony\\Component\\ErrorHandler\\Error\\FatalError(code: 0): Trait \"Spatie\\Translatable\\HasTranslations\" not found at D:\\qixer\\@core\\app\\GalleryCategory.php:9)
[stacktrace]
#0 {main}
"} 
[2025-02-13 21:57:53] local.ERROR: Trait "Spatie\Translatable\HasTranslations" not found {"exception":"[object] (Symfony\\Component\\ErrorHandler\\Error\\FatalError(code: 0): Trait \"Spatie\\Translatable\\HasTranslations\" not found at D:\\qixer\\@core\\app\\GalleryCategory.php:9)
[stacktrace]
#0 {main}
"} 
[2025-02-13 21:58:53] local.ERROR: Trait "Spatie\Translatable\HasTranslations" not found {"exception":"[object] (Symfony\\Component\\ErrorHandler\\Error\\FatalError(code: 0): Trait \"Spatie\\Translatable\\HasTranslations\" not found at D:\\qixer\\@core\\app\\GalleryCategory.php:9)
[stacktrace]
#0 {main}
"} 
[2025-02-13 21:59:54] local.ERROR: Trait "Spatie\Translatable\HasTranslations" not found {"exception":"[object] (Symfony\\Component\\ErrorHandler\\Error\\FatalError(code: 0): Trait \"Spatie\\Translatable\\HasTranslations\" not found at D:\\qixer\\@core\\app\\GalleryCategory.php:9)
[stacktrace]
#0 {main}
"} 
[2025-02-13 22:00:54] local.ERROR: Trait "Spatie\Translatable\HasTranslations" not found {"exception":"[object] (Symfony\\Component\\ErrorHandler\\Error\\FatalError(code: 0): Trait \"Spatie\\Translatable\\HasTranslations\" not found at D:\\qixer\\@core\\app\\GalleryCategory.php:9)
[stacktrace]
#0 {main}
"} 
[2025-02-13 22:01:53] local.ERROR: Trait "Spatie\Translatable\HasTranslations" not found {"exception":"[object] (Symfony\\Component\\ErrorHandler\\Error\\FatalError(code: 0): Trait \"Spatie\\Translatable\\HasTranslations\" not found at D:\\qixer\\@core\\app\\GalleryCategory.php:9)
[stacktrace]
#0 {main}
"} 
[2025-02-13 22:02:53] local.ERROR: Trait "Spatie\Translatable\HasTranslations" not found {"exception":"[object] (Symfony\\Component\\ErrorHandler\\Error\\FatalError(code: 0): Trait \"Spatie\\Translatable\\HasTranslations\" not found at D:\\qixer\\@core\\app\\GalleryCategory.php:9)
[stacktrace]
#0 {main}
"} 
[2025-02-13 22:03:54] local.ERROR: Trait "Spatie\Translatable\HasTranslations" not found {"exception":"[object] (Symfony\\Component\\ErrorHandler\\Error\\FatalError(code: 0): Trait \"Spatie\\Translatable\\HasTranslations\" not found at D:\\qixer\\@core\\app\\GalleryCategory.php:9)
[stacktrace]
#0 {main}
"} 
[2025-02-13 22:04:53] local.ERROR: Trait "Spatie\Translatable\HasTranslations" not found {"exception":"[object] (Symfony\\Component\\ErrorHandler\\Error\\FatalError(code: 0): Trait \"Spatie\\Translatable\\HasTranslations\" not found at D:\\qixer\\@core\\app\\GalleryCategory.php:9)
[stacktrace]
#0 {main}
"} 
[2025-02-13 22:05:53] local.ERROR: Trait "Spatie\Translatable\HasTranslations" not found {"exception":"[object] (Symfony\\Component\\ErrorHandler\\Error\\FatalError(code: 0): Trait \"Spatie\\Translatable\\HasTranslations\" not found at D:\\qixer\\@core\\app\\GalleryCategory.php:9)
[stacktrace]
#0 {main}
"} 
[2025-02-13 22:06:53] local.ERROR: Trait "Spatie\Translatable\HasTranslations" not found {"exception":"[object] (Symfony\\Component\\ErrorHandler\\Error\\FatalError(code: 0): Trait \"Spatie\\Translatable\\HasTranslations\" not found at D:\\qixer\\@core\\app\\GalleryCategory.php:9)
[stacktrace]
#0 {main}
"} 
[2025-02-13 22:07:53] local.ERROR: Trait "Spatie\Translatable\HasTranslations" not found {"exception":"[object] (Symfony\\Component\\ErrorHandler\\Error\\FatalError(code: 0): Trait \"Spatie\\Translatable\\HasTranslations\" not found at D:\\qixer\\@core\\app\\GalleryCategory.php:9)
[stacktrace]
#0 {main}
"} 
[2025-02-13 22:08:53] local.ERROR: Trait "Spatie\Translatable\HasTranslations" not found {"exception":"[object] (Symfony\\Component\\ErrorHandler\\Error\\FatalError(code: 0): Trait \"Spatie\\Translatable\\HasTranslations\" not found at D:\\qixer\\@core\\app\\GalleryCategory.php:9)
[stacktrace]
#0 {main}
"} 
[2025-02-13 22:09:53] local.ERROR: Trait "Spatie\Translatable\HasTranslations" not found {"exception":"[object] (Symfony\\Component\\ErrorHandler\\Error\\FatalError(code: 0): Trait \"Spatie\\Translatable\\HasTranslations\" not found at D:\\qixer\\@core\\app\\GalleryCategory.php:9)
[stacktrace]
#0 {main}
"} 
[2025-02-13 22:10:53] local.ERROR: Trait "Spatie\Translatable\HasTranslations" not found {"exception":"[object] (Symfony\\Component\\ErrorHandler\\Error\\FatalError(code: 0): Trait \"Spatie\\Translatable\\HasTranslations\" not found at D:\\qixer\\@core\\app\\GalleryCategory.php:9)
[stacktrace]
#0 {main}
"} 
[2025-02-13 22:11:53] local.ERROR: Trait "Spatie\Translatable\HasTranslations" not found {"exception":"[object] (Symfony\\Component\\ErrorHandler\\Error\\FatalError(code: 0): Trait \"Spatie\\Translatable\\HasTranslations\" not found at D:\\qixer\\@core\\app\\GalleryCategory.php:9)
[stacktrace]
#0 {main}
"} 
[2025-02-13 22:12:53] local.ERROR: Trait "Spatie\Translatable\HasTranslations" not found {"exception":"[object] (Symfony\\Component\\ErrorHandler\\Error\\FatalError(code: 0): Trait \"Spatie\\Translatable\\HasTranslations\" not found at D:\\qixer\\@core\\app\\GalleryCategory.php:9)
[stacktrace]
#0 {main}
"} 
[2025-02-13 22:13:53] local.ERROR: Trait "Spatie\Translatable\HasTranslations" not found {"exception":"[object] (Symfony\\Component\\ErrorHandler\\Error\\FatalError(code: 0): Trait \"Spatie\\Translatable\\HasTranslations\" not found at D:\\qixer\\@core\\app\\GalleryCategory.php:9)
[stacktrace]
#0 {main}
"} 
[2025-02-13 22:14:54] local.ERROR: Trait "Spatie\Translatable\HasTranslations" not found {"exception":"[object] (Symfony\\Component\\ErrorHandler\\Error\\FatalError(code: 0): Trait \"Spatie\\Translatable\\HasTranslations\" not found at D:\\qixer\\@core\\app\\GalleryCategory.php:9)
[stacktrace]
#0 {main}
"} 
[2025-02-13 22:15:53] local.ERROR: Trait "Spatie\Translatable\HasTranslations" not found {"exception":"[object] (Symfony\\Component\\ErrorHandler\\Error\\FatalError(code: 0): Trait \"Spatie\\Translatable\\HasTranslations\" not found at D:\\qixer\\@core\\app\\GalleryCategory.php:9)
[stacktrace]
#0 {main}
"} 
[2025-02-13 22:16:53] local.ERROR: Trait "Spatie\Translatable\HasTranslations" not found {"exception":"[object] (Symfony\\Component\\ErrorHandler\\Error\\FatalError(code: 0): Trait \"Spatie\\Translatable\\HasTranslations\" not found at D:\\qixer\\@core\\app\\GalleryCategory.php:9)
[stacktrace]
#0 {main}
"} 
[2025-02-13 22:17:53] local.ERROR: Trait "Spatie\Translatable\HasTranslations" not found {"exception":"[object] (Symfony\\Component\\ErrorHandler\\Error\\FatalError(code: 0): Trait \"Spatie\\Translatable\\HasTranslations\" not found at D:\\qixer\\@core\\app\\GalleryCategory.php:9)
[stacktrace]
#0 {main}
"} 
[2025-02-13 22:18:53] local.ERROR: Trait "Spatie\Translatable\HasTranslations" not found {"exception":"[object] (Symfony\\Component\\ErrorHandler\\Error\\FatalError(code: 0): Trait \"Spatie\\Translatable\\HasTranslations\" not found at D:\\qixer\\@core\\app\\GalleryCategory.php:9)
[stacktrace]
#0 {main}
"} 
[2025-02-13 22:19:53] local.ERROR: Trait "Spatie\Translatable\HasTranslations" not found {"exception":"[object] (Symfony\\Component\\ErrorHandler\\Error\\FatalError(code: 0): Trait \"Spatie\\Translatable\\HasTranslations\" not found at D:\\qixer\\@core\\app\\GalleryCategory.php:9)
[stacktrace]
#0 {main}
"} 
[2025-02-13 22:20:53] local.ERROR: Trait "Spatie\Translatable\HasTranslations" not found {"exception":"[object] (Symfony\\Component\\ErrorHandler\\Error\\FatalError(code: 0): Trait \"Spatie\\Translatable\\HasTranslations\" not found at D:\\qixer\\@core\\app\\GalleryCategory.php:9)
[stacktrace]
#0 {main}
"} 
[2025-02-13 22:21:53] local.ERROR: Trait "Spatie\Translatable\HasTranslations" not found {"exception":"[object] (Symfony\\Component\\ErrorHandler\\Error\\FatalError(code: 0): Trait \"Spatie\\Translatable\\HasTranslations\" not found at D:\\qixer\\@core\\app\\GalleryCategory.php:9)
[stacktrace]
#0 {main}
"} 
[2025-02-13 22:22:53] local.ERROR: Trait "Spatie\Translatable\HasTranslations" not found {"exception":"[object] (Symfony\\Component\\ErrorHandler\\Error\\FatalError(code: 0): Trait \"Spatie\\Translatable\\HasTranslations\" not found at D:\\qixer\\@core\\app\\GalleryCategory.php:9)
[stacktrace]
#0 {main}
"} 
[2025-02-13 22:23:53] local.ERROR: Trait "Spatie\Translatable\HasTranslations" not found {"exception":"[object] (Symfony\\Component\\ErrorHandler\\Error\\FatalError(code: 0): Trait \"Spatie\\Translatable\\HasTranslations\" not found at D:\\qixer\\@core\\app\\GalleryCategory.php:9)
[stacktrace]
#0 {main}
"} 
[2025-02-13 22:24:53] local.ERROR: Trait "Spatie\Translatable\HasTranslations" not found {"exception":"[object] (Symfony\\Component\\ErrorHandler\\Error\\FatalError(code: 0): Trait \"Spatie\\Translatable\\HasTranslations\" not found at D:\\qixer\\@core\\app\\GalleryCategory.php:9)
[stacktrace]
#0 {main}
"} 
[2025-02-13 22:25:53] local.ERROR: Trait "Spatie\Translatable\HasTranslations" not found {"exception":"[object] (Symfony\\Component\\ErrorHandler\\Error\\FatalError(code: 0): Trait \"Spatie\\Translatable\\HasTranslations\" not found at D:\\qixer\\@core\\app\\GalleryCategory.php:9)
[stacktrace]
#0 {main}
"} 
[2025-02-13 22:26:53] local.ERROR: Trait "Spatie\Translatable\HasTranslations" not found {"exception":"[object] (Symfony\\Component\\ErrorHandler\\Error\\FatalError(code: 0): Trait \"Spatie\\Translatable\\HasTranslations\" not found at D:\\qixer\\@core\\app\\GalleryCategory.php:9)
[stacktrace]
#0 {main}
"} 
[2025-02-13 22:27:53] local.ERROR: Trait "Spatie\Translatable\HasTranslations" not found {"exception":"[object] (Symfony\\Component\\ErrorHandler\\Error\\FatalError(code: 0): Trait \"Spatie\\Translatable\\HasTranslations\" not found at D:\\qixer\\@core\\app\\GalleryCategory.php:9)
[stacktrace]
#0 {main}
"} 
[2025-02-13 22:28:53] local.ERROR: Trait "Spatie\Translatable\HasTranslations" not found {"exception":"[object] (Symfony\\Component\\ErrorHandler\\Error\\FatalError(code: 0): Trait \"Spatie\\Translatable\\HasTranslations\" not found at D:\\qixer\\@core\\app\\GalleryCategory.php:9)
[stacktrace]
#0 {main}
"} 
[2025-02-13 22:29:54] local.ERROR: Trait "Spatie\Translatable\HasTranslations" not found {"exception":"[object] (Symfony\\Component\\ErrorHandler\\Error\\FatalError(code: 0): Trait \"Spatie\\Translatable\\HasTranslations\" not found at D:\\qixer\\@core\\app\\GalleryCategory.php:9)
[stacktrace]
#0 {main}
"} 
[2025-02-13 22:30:53] local.ERROR: Trait "Spatie\Translatable\HasTranslations" not found {"exception":"[object] (Symfony\\Component\\ErrorHandler\\Error\\FatalError(code: 0): Trait \"Spatie\\Translatable\\HasTranslations\" not found at D:\\qixer\\@core\\app\\GalleryCategory.php:9)
[stacktrace]
#0 {main}
"} 
[2025-02-13 22:31:53] local.ERROR: Trait "Spatie\Translatable\HasTranslations" not found {"exception":"[object] (Symfony\\Component\\ErrorHandler\\Error\\FatalError(code: 0): Trait \"Spatie\\Translatable\\HasTranslations\" not found at D:\\qixer\\@core\\app\\GalleryCategory.php:9)
[stacktrace]
#0 {main}
"} 
[2025-02-13 22:32:53] local.ERROR: Trait "Spatie\Translatable\HasTranslations" not found {"exception":"[object] (Symfony\\Component\\ErrorHandler\\Error\\FatalError(code: 0): Trait \"Spatie\\Translatable\\HasTranslations\" not found at D:\\qixer\\@core\\app\\GalleryCategory.php:9)
[stacktrace]
#0 {main}
"} 
[2025-02-13 22:33:53] local.ERROR: Trait "Spatie\Translatable\HasTranslations" not found {"exception":"[object] (Symfony\\Component\\ErrorHandler\\Error\\FatalError(code: 0): Trait \"Spatie\\Translatable\\HasTranslations\" not found at D:\\qixer\\@core\\app\\GalleryCategory.php:9)
[stacktrace]
#0 {main}
"} 
[2025-02-13 22:34:53] local.ERROR: Trait "Spatie\Translatable\HasTranslations" not found {"exception":"[object] (Symfony\\Component\\ErrorHandler\\Error\\FatalError(code: 0): Trait \"Spatie\\Translatable\\HasTranslations\" not found at D:\\qixer\\@core\\app\\GalleryCategory.php:9)
[stacktrace]
#0 {main}
"} 
[2025-02-13 22:35:53] local.ERROR: Trait "Spatie\Translatable\HasTranslations" not found {"exception":"[object] (Symfony\\Component\\ErrorHandler\\Error\\FatalError(code: 0): Trait \"Spatie\\Translatable\\HasTranslations\" not found at D:\\qixer\\@core\\app\\GalleryCategory.php:9)
[stacktrace]
#0 {main}
"} 
[2025-02-13 22:36:53] local.ERROR: Trait "Spatie\Translatable\HasTranslations" not found {"exception":"[object] (Symfony\\Component\\ErrorHandler\\Error\\FatalError(code: 0): Trait \"Spatie\\Translatable\\HasTranslations\" not found at D:\\qixer\\@core\\app\\GalleryCategory.php:9)
[stacktrace]
#0 {main}
"} 
[2025-02-13 22:37:53] local.ERROR: Trait "Spatie\Translatable\HasTranslations" not found {"exception":"[object] (Symfony\\Component\\ErrorHandler\\Error\\FatalError(code: 0): Trait \"Spatie\\Translatable\\HasTranslations\" not found at D:\\qixer\\@core\\app\\GalleryCategory.php:9)
[stacktrace]
#0 {main}
"} 
[2025-02-13 22:38:53] local.ERROR: Trait "Spatie\Translatable\HasTranslations" not found {"exception":"[object] (Symfony\\Component\\ErrorHandler\\Error\\FatalError(code: 0): Trait \"Spatie\\Translatable\\HasTranslations\" not found at D:\\qixer\\@core\\app\\GalleryCategory.php:9)
[stacktrace]
#0 {main}
"} 
[2025-02-13 22:39:53] local.ERROR: Trait "Spatie\Translatable\HasTranslations" not found {"exception":"[object] (Symfony\\Component\\ErrorHandler\\Error\\FatalError(code: 0): Trait \"Spatie\\Translatable\\HasTranslations\" not found at D:\\qixer\\@core\\app\\GalleryCategory.php:9)
[stacktrace]
#0 {main}
"} 
[2025-02-13 22:40:53] local.ERROR: Trait "Spatie\Translatable\HasTranslations" not found {"exception":"[object] (Symfony\\Component\\ErrorHandler\\Error\\FatalError(code: 0): Trait \"Spatie\\Translatable\\HasTranslations\" not found at D:\\qixer\\@core\\app\\GalleryCategory.php:9)
[stacktrace]
#0 {main}
"} 
[2025-02-13 22:41:53] local.ERROR: Trait "Spatie\Translatable\HasTranslations" not found {"exception":"[object] (Symfony\\Component\\ErrorHandler\\Error\\FatalError(code: 0): Trait \"Spatie\\Translatable\\HasTranslations\" not found at D:\\qixer\\@core\\app\\GalleryCategory.php:9)
[stacktrace]
#0 {main}
"} 
[2025-02-13 22:42:53] local.ERROR: Trait "Spatie\Translatable\HasTranslations" not found {"exception":"[object] (Symfony\\Component\\ErrorHandler\\Error\\FatalError(code: 0): Trait \"Spatie\\Translatable\\HasTranslations\" not found at D:\\qixer\\@core\\app\\GalleryCategory.php:9)
[stacktrace]
#0 {main}
"} 
[2025-02-13 22:43:54] local.ERROR: Trait "Spatie\Translatable\HasTranslations" not found {"exception":"[object] (Symfony\\Component\\ErrorHandler\\Error\\FatalError(code: 0): Trait \"Spatie\\Translatable\\HasTranslations\" not found at D:\\qixer\\@core\\app\\GalleryCategory.php:9)
[stacktrace]
#0 {main}
"} 
[2025-02-13 22:44:53] local.ERROR: Trait "Spatie\Translatable\HasTranslations" not found {"exception":"[object] (Symfony\\Component\\ErrorHandler\\Error\\FatalError(code: 0): Trait \"Spatie\\Translatable\\HasTranslations\" not found at D:\\qixer\\@core\\app\\GalleryCategory.php:9)
[stacktrace]
#0 {main}
"} 
[2025-02-13 22:45:53] local.ERROR: Trait "Spatie\Translatable\HasTranslations" not found {"exception":"[object] (Symfony\\Component\\ErrorHandler\\Error\\FatalError(code: 0): Trait \"Spatie\\Translatable\\HasTranslations\" not found at D:\\qixer\\@core\\app\\GalleryCategory.php:9)
[stacktrace]
#0 {main}
"} 
[2025-02-13 22:46:53] local.ERROR: Trait "Spatie\Translatable\HasTranslations" not found {"exception":"[object] (Symfony\\Component\\ErrorHandler\\Error\\FatalError(code: 0): Trait \"Spatie\\Translatable\\HasTranslations\" not found at D:\\qixer\\@core\\app\\GalleryCategory.php:9)
[stacktrace]
#0 {main}
"} 
[2025-02-13 22:47:53] local.ERROR: Trait "Spatie\Translatable\HasTranslations" not found {"exception":"[object] (Symfony\\Component\\ErrorHandler\\Error\\FatalError(code: 0): Trait \"Spatie\\Translatable\\HasTranslations\" not found at D:\\qixer\\@core\\app\\GalleryCategory.php:9)
[stacktrace]
#0 {main}
"} 
[2025-02-13 22:48:53] local.ERROR: Trait "Spatie\Translatable\HasTranslations" not found {"exception":"[object] (Symfony\\Component\\ErrorHandler\\Error\\FatalError(code: 0): Trait \"Spatie\\Translatable\\HasTranslations\" not found at D:\\qixer\\@core\\app\\GalleryCategory.php:9)
[stacktrace]
#0 {main}
"} 
[2025-02-13 22:49:53] local.ERROR: Trait "Spatie\Translatable\HasTranslations" not found {"exception":"[object] (Symfony\\Component\\ErrorHandler\\Error\\FatalError(code: 0): Trait \"Spatie\\Translatable\\HasTranslations\" not found at D:\\qixer\\@core\\app\\GalleryCategory.php:9)
[stacktrace]
#0 {main}
"} 
[2025-02-13 22:50:53] local.ERROR: Trait "Spatie\Translatable\HasTranslations" not found {"exception":"[object] (Symfony\\Component\\ErrorHandler\\Error\\FatalError(code: 0): Trait \"Spatie\\Translatable\\HasTranslations\" not found at D:\\qixer\\@core\\app\\GalleryCategory.php:9)
[stacktrace]
#0 {main}
"} 
[2025-02-13 22:51:53] local.ERROR: Trait "Spatie\Translatable\HasTranslations" not found {"exception":"[object] (Symfony\\Component\\ErrorHandler\\Error\\FatalError(code: 0): Trait \"Spatie\\Translatable\\HasTranslations\" not found at D:\\qixer\\@core\\app\\GalleryCategory.php:9)
[stacktrace]
#0 {main}
"} 
[2025-02-13 22:52:53] local.ERROR: Trait "Spatie\Translatable\HasTranslations" not found {"exception":"[object] (Symfony\\Component\\ErrorHandler\\Error\\FatalError(code: 0): Trait \"Spatie\\Translatable\\HasTranslations\" not found at D:\\qixer\\@core\\app\\GalleryCategory.php:9)
[stacktrace]
#0 {main}
"} 
[2025-02-13 22:53:54] local.ERROR: Trait "Spatie\Translatable\HasTranslations" not found {"exception":"[object] (Symfony\\Component\\ErrorHandler\\Error\\FatalError(code: 0): Trait \"Spatie\\Translatable\\HasTranslations\" not found at D:\\qixer\\@core\\app\\GalleryCategory.php:9)
[stacktrace]
#0 {main}
"} 
[2025-02-13 22:54:53] local.ERROR: Trait "Spatie\Translatable\HasTranslations" not found {"exception":"[object] (Symfony\\Component\\ErrorHandler\\Error\\FatalError(code: 0): Trait \"Spatie\\Translatable\\HasTranslations\" not found at D:\\qixer\\@core\\app\\GalleryCategory.php:9)
[stacktrace]
#0 {main}
"} 
[2025-02-13 22:55:53] local.ERROR: Trait "Spatie\Translatable\HasTranslations" not found {"exception":"[object] (Symfony\\Component\\ErrorHandler\\Error\\FatalError(code: 0): Trait \"Spatie\\Translatable\\HasTranslations\" not found at D:\\qixer\\@core\\app\\GalleryCategory.php:9)
[stacktrace]
#0 {main}
"} 
