[2025-02-25 00:00:15] local.ERROR: Trait "Spatie\Translatable\HasTranslations" not found {"exception":"[object] (Symfony\\Component\\ErrorHandler\\Error\\FatalError(code: 0): Trait \"Spatie\\Translatable\\HasTranslations\" not found at D:\\qixer\\@core\\app\\GalleryCategory.php:9)
[stacktrace]
#0 {main}
"} 
[2025-02-25 00:01:15] local.ERROR: Trait "Spatie\Translatable\HasTranslations" not found {"exception":"[object] (Symfony\\Component\\ErrorHandler\\Error\\FatalError(code: 0): Trait \"Spatie\\Translatable\\HasTranslations\" not found at D:\\qixer\\@core\\app\\GalleryCategory.php:9)
[stacktrace]
#0 {main}
"} 
[2025-02-25 00:02:15] local.ERROR: Trait "Spatie\Translatable\HasTranslations" not found {"exception":"[object] (Symfony\\Component\\ErrorHandler\\Error\\FatalError(code: 0): Trait \"Spatie\\Translatable\\HasTranslations\" not found at D:\\qixer\\@core\\app\\GalleryCategory.php:9)
[stacktrace]
#0 {main}
"} 
[2025-02-25 00:03:16] local.ERROR: Trait "Spatie\Translatable\HasTranslations" not found {"exception":"[object] (Symfony\\Component\\ErrorHandler\\Error\\FatalError(code: 0): Trait \"Spatie\\Translatable\\HasTranslations\" not found at D:\\qixer\\@core\\app\\GalleryCategory.php:9)
[stacktrace]
#0 {main}
"} 
[2025-02-25 00:04:15] local.ERROR: Trait "Spatie\Translatable\HasTranslations" not found {"exception":"[object] (Symfony\\Component\\ErrorHandler\\Error\\FatalError(code: 0): Trait \"Spatie\\Translatable\\HasTranslations\" not found at D:\\qixer\\@core\\app\\GalleryCategory.php:9)
[stacktrace]
#0 {main}
"} 
[2025-02-25 00:05:16] local.ERROR: Trait "Spatie\Translatable\HasTranslations" not found {"exception":"[object] (Symfony\\Component\\ErrorHandler\\Error\\FatalError(code: 0): Trait \"Spatie\\Translatable\\HasTranslations\" not found at D:\\qixer\\@core\\app\\GalleryCategory.php:9)
[stacktrace]
#0 {main}
"} 
[2025-02-25 00:06:16] local.ERROR: Trait "Spatie\Translatable\HasTranslations" not found {"exception":"[object] (Symfony\\Component\\ErrorHandler\\Error\\FatalError(code: 0): Trait \"Spatie\\Translatable\\HasTranslations\" not found at D:\\qixer\\@core\\app\\GalleryCategory.php:9)
[stacktrace]
#0 {main}
"} 
[2025-02-25 00:07:15] local.ERROR: Trait "Spatie\Translatable\HasTranslations" not found {"exception":"[object] (Symfony\\Component\\ErrorHandler\\Error\\FatalError(code: 0): Trait \"Spatie\\Translatable\\HasTranslations\" not found at D:\\qixer\\@core\\app\\GalleryCategory.php:9)
[stacktrace]
#0 {main}
"} 
[2025-02-25 00:08:15] local.ERROR: Trait "Spatie\Translatable\HasTranslations" not found {"exception":"[object] (Symfony\\Component\\ErrorHandler\\Error\\FatalError(code: 0): Trait \"Spatie\\Translatable\\HasTranslations\" not found at D:\\qixer\\@core\\app\\GalleryCategory.php:9)
[stacktrace]
#0 {main}
"} 
[2025-02-25 00:09:15] local.ERROR: Trait "Spatie\Translatable\HasTranslations" not found {"exception":"[object] (Symfony\\Component\\ErrorHandler\\Error\\FatalError(code: 0): Trait \"Spatie\\Translatable\\HasTranslations\" not found at D:\\qixer\\@core\\app\\GalleryCategory.php:9)
[stacktrace]
#0 {main}
"} 
[2025-02-25 00:10:15] local.ERROR: Trait "Spatie\Translatable\HasTranslations" not found {"exception":"[object] (Symfony\\Component\\ErrorHandler\\Error\\FatalError(code: 0): Trait \"Spatie\\Translatable\\HasTranslations\" not found at D:\\qixer\\@core\\app\\GalleryCategory.php:9)
[stacktrace]
#0 {main}
"} 
[2025-02-25 00:11:16] local.ERROR: Trait "Spatie\Translatable\HasTranslations" not found {"exception":"[object] (Symfony\\Component\\ErrorHandler\\Error\\FatalError(code: 0): Trait \"Spatie\\Translatable\\HasTranslations\" not found at D:\\qixer\\@core\\app\\GalleryCategory.php:9)
[stacktrace]
#0 {main}
"} 
[2025-02-25 00:12:15] local.ERROR: Trait "Spatie\Translatable\HasTranslations" not found {"exception":"[object] (Symfony\\Component\\ErrorHandler\\Error\\FatalError(code: 0): Trait \"Spatie\\Translatable\\HasTranslations\" not found at D:\\qixer\\@core\\app\\GalleryCategory.php:9)
[stacktrace]
#0 {main}
"} 
[2025-02-25 00:13:15] local.ERROR: Trait "Spatie\Translatable\HasTranslations" not found {"exception":"[object] (Symfony\\Component\\ErrorHandler\\Error\\FatalError(code: 0): Trait \"Spatie\\Translatable\\HasTranslations\" not found at D:\\qixer\\@core\\app\\GalleryCategory.php:9)
[stacktrace]
#0 {main}
"} 
[2025-02-25 00:14:16] local.ERROR: Trait "Spatie\Translatable\HasTranslations" not found {"exception":"[object] (Symfony\\Component\\ErrorHandler\\Error\\FatalError(code: 0): Trait \"Spatie\\Translatable\\HasTranslations\" not found at D:\\qixer\\@core\\app\\GalleryCategory.php:9)
[stacktrace]
#0 {main}
"} 
[2025-02-25 00:15:16] local.ERROR: Trait "Spatie\Translatable\HasTranslations" not found {"exception":"[object] (Symfony\\Component\\ErrorHandler\\Error\\FatalError(code: 0): Trait \"Spatie\\Translatable\\HasTranslations\" not found at D:\\qixer\\@core\\app\\GalleryCategory.php:9)
[stacktrace]
#0 {main}
"} 
[2025-02-25 00:16:15] local.ERROR: Trait "Spatie\Translatable\HasTranslations" not found {"exception":"[object] (Symfony\\Component\\ErrorHandler\\Error\\FatalError(code: 0): Trait \"Spatie\\Translatable\\HasTranslations\" not found at D:\\qixer\\@core\\app\\GalleryCategory.php:9)
[stacktrace]
#0 {main}
"} 
[2025-02-25 00:17:15] local.ERROR: Trait "Spatie\Translatable\HasTranslations" not found {"exception":"[object] (Symfony\\Component\\ErrorHandler\\Error\\FatalError(code: 0): Trait \"Spatie\\Translatable\\HasTranslations\" not found at D:\\qixer\\@core\\app\\GalleryCategory.php:9)
[stacktrace]
#0 {main}
"} 
[2025-02-25 00:18:15] local.ERROR: Trait "Spatie\Translatable\HasTranslations" not found {"exception":"[object] (Symfony\\Component\\ErrorHandler\\Error\\FatalError(code: 0): Trait \"Spatie\\Translatable\\HasTranslations\" not found at D:\\qixer\\@core\\app\\GalleryCategory.php:9)
[stacktrace]
#0 {main}
"} 
[2025-02-25 00:19:15] local.ERROR: Trait "Spatie\Translatable\HasTranslations" not found {"exception":"[object] (Symfony\\Component\\ErrorHandler\\Error\\FatalError(code: 0): Trait \"Spatie\\Translatable\\HasTranslations\" not found at D:\\qixer\\@core\\app\\GalleryCategory.php:9)
[stacktrace]
#0 {main}
"} 
[2025-02-25 00:20:15] local.ERROR: Trait "Spatie\Translatable\HasTranslations" not found {"exception":"[object] (Symfony\\Component\\ErrorHandler\\Error\\FatalError(code: 0): Trait \"Spatie\\Translatable\\HasTranslations\" not found at D:\\qixer\\@core\\app\\GalleryCategory.php:9)
[stacktrace]
#0 {main}
"} 
[2025-02-25 00:21:16] local.ERROR: Trait "Spatie\Translatable\HasTranslations" not found {"exception":"[object] (Symfony\\Component\\ErrorHandler\\Error\\FatalError(code: 0): Trait \"Spatie\\Translatable\\HasTranslations\" not found at D:\\qixer\\@core\\app\\GalleryCategory.php:9)
[stacktrace]
#0 {main}
"} 
[2025-02-25 00:22:16] local.ERROR: Trait "Spatie\Translatable\HasTranslations" not found {"exception":"[object] (Symfony\\Component\\ErrorHandler\\Error\\FatalError(code: 0): Trait \"Spatie\\Translatable\\HasTranslations\" not found at D:\\qixer\\@core\\app\\GalleryCategory.php:9)
[stacktrace]
#0 {main}
"} 
[2025-02-25 00:23:16] local.ERROR: Trait "Spatie\Translatable\HasTranslations" not found {"exception":"[object] (Symfony\\Component\\ErrorHandler\\Error\\FatalError(code: 0): Trait \"Spatie\\Translatable\\HasTranslations\" not found at D:\\qixer\\@core\\app\\GalleryCategory.php:9)
[stacktrace]
#0 {main}
"} 
[2025-02-25 00:24:16] local.ERROR: Trait "Spatie\Translatable\HasTranslations" not found {"exception":"[object] (Symfony\\Component\\ErrorHandler\\Error\\FatalError(code: 0): Trait \"Spatie\\Translatable\\HasTranslations\" not found at D:\\qixer\\@core\\app\\GalleryCategory.php:9)
[stacktrace]
#0 {main}
"} 
[2025-02-25 00:25:16] local.ERROR: Trait "Spatie\Translatable\HasTranslations" not found {"exception":"[object] (Symfony\\Component\\ErrorHandler\\Error\\FatalError(code: 0): Trait \"Spatie\\Translatable\\HasTranslations\" not found at D:\\qixer\\@core\\app\\GalleryCategory.php:9)
[stacktrace]
#0 {main}
"} 
[2025-02-25 00:26:16] local.ERROR: Trait "Spatie\Translatable\HasTranslations" not found {"exception":"[object] (Symfony\\Component\\ErrorHandler\\Error\\FatalError(code: 0): Trait \"Spatie\\Translatable\\HasTranslations\" not found at D:\\qixer\\@core\\app\\GalleryCategory.php:9)
[stacktrace]
#0 {main}
"} 
[2025-02-25 00:27:16] local.ERROR: Trait "Spatie\Translatable\HasTranslations" not found {"exception":"[object] (Symfony\\Component\\ErrorHandler\\Error\\FatalError(code: 0): Trait \"Spatie\\Translatable\\HasTranslations\" not found at D:\\qixer\\@core\\app\\GalleryCategory.php:9)
[stacktrace]
#0 {main}
"} 
[2025-02-25 00:28:16] local.ERROR: Trait "Spatie\Translatable\HasTranslations" not found {"exception":"[object] (Symfony\\Component\\ErrorHandler\\Error\\FatalError(code: 0): Trait \"Spatie\\Translatable\\HasTranslations\" not found at D:\\qixer\\@core\\app\\GalleryCategory.php:9)
[stacktrace]
#0 {main}
"} 
[2025-02-25 00:29:16] local.ERROR: Trait "Spatie\Translatable\HasTranslations" not found {"exception":"[object] (Symfony\\Component\\ErrorHandler\\Error\\FatalError(code: 0): Trait \"Spatie\\Translatable\\HasTranslations\" not found at D:\\qixer\\@core\\app\\GalleryCategory.php:9)
[stacktrace]
#0 {main}
"} 
[2025-02-25 00:30:16] local.ERROR: Trait "Spatie\Translatable\HasTranslations" not found {"exception":"[object] (Symfony\\Component\\ErrorHandler\\Error\\FatalError(code: 0): Trait \"Spatie\\Translatable\\HasTranslations\" not found at D:\\qixer\\@core\\app\\GalleryCategory.php:9)
[stacktrace]
#0 {main}
"} 
[2025-02-25 08:54:01] local.ERROR: Trait "Spatie\Translatable\HasTranslations" not found {"exception":"[object] (Symfony\\Component\\ErrorHandler\\Error\\FatalError(code: 0): Trait \"Spatie\\Translatable\\HasTranslations\" not found at D:\\qixer\\@core\\app\\GalleryCategory.php:9)
[stacktrace]
#0 {main}
"} 
[2025-02-25 08:54:51] local.ERROR: Trait "Spatie\Translatable\HasTranslations" not found {"exception":"[object] (Symfony\\Component\\ErrorHandler\\Error\\FatalError(code: 0): Trait \"Spatie\\Translatable\\HasTranslations\" not found at D:\\qixer\\@core\\app\\GalleryCategory.php:9)
[stacktrace]
#0 {main}
"} 
[2025-02-25 08:55:50] local.ERROR: Trait "Spatie\Translatable\HasTranslations" not found {"exception":"[object] (Symfony\\Component\\ErrorHandler\\Error\\FatalError(code: 0): Trait \"Spatie\\Translatable\\HasTranslations\" not found at D:\\qixer\\@core\\app\\GalleryCategory.php:9)
[stacktrace]
#0 {main}
"} 
[2025-02-25 08:56:51] local.ERROR: Trait "Spatie\Translatable\HasTranslations" not found {"exception":"[object] (Symfony\\Component\\ErrorHandler\\Error\\FatalError(code: 0): Trait \"Spatie\\Translatable\\HasTranslations\" not found at D:\\qixer\\@core\\app\\GalleryCategory.php:9)
[stacktrace]
#0 {main}
"} 
[2025-02-25 08:57:50] local.ERROR: Trait "Spatie\Translatable\HasTranslations" not found {"exception":"[object] (Symfony\\Component\\ErrorHandler\\Error\\FatalError(code: 0): Trait \"Spatie\\Translatable\\HasTranslations\" not found at D:\\qixer\\@core\\app\\GalleryCategory.php:9)
[stacktrace]
#0 {main}
"} 
[2025-02-25 08:58:51] local.ERROR: Trait "Spatie\Translatable\HasTranslations" not found {"exception":"[object] (Symfony\\Component\\ErrorHandler\\Error\\FatalError(code: 0): Trait \"Spatie\\Translatable\\HasTranslations\" not found at D:\\qixer\\@core\\app\\GalleryCategory.php:9)
[stacktrace]
#0 {main}
"} 
[2025-02-25 09:00:30] local.ERROR: Trait "Spatie\Translatable\HasTranslations" not found {"exception":"[object] (Symfony\\Component\\ErrorHandler\\Error\\FatalError(code: 0): Trait \"Spatie\\Translatable\\HasTranslations\" not found at D:\\qixer\\@core\\app\\GalleryCategory.php:9)
[stacktrace]
#0 {main}
"} 
[2025-02-25 09:00:50] local.ERROR: Trait "Spatie\Translatable\HasTranslations" not found {"exception":"[object] (Symfony\\Component\\ErrorHandler\\Error\\FatalError(code: 0): Trait \"Spatie\\Translatable\\HasTranslations\" not found at D:\\qixer\\@core\\app\\GalleryCategory.php:9)
[stacktrace]
#0 {main}
"} 
[2025-02-25 09:01:50] local.ERROR: Trait "Spatie\Translatable\HasTranslations" not found {"exception":"[object] (Symfony\\Component\\ErrorHandler\\Error\\FatalError(code: 0): Trait \"Spatie\\Translatable\\HasTranslations\" not found at D:\\qixer\\@core\\app\\GalleryCategory.php:9)
[stacktrace]
#0 {main}
"} 
[2025-02-25 09:02:50] local.ERROR: Trait "Spatie\Translatable\HasTranslations" not found {"exception":"[object] (Symfony\\Component\\ErrorHandler\\Error\\FatalError(code: 0): Trait \"Spatie\\Translatable\\HasTranslations\" not found at D:\\qixer\\@core\\app\\GalleryCategory.php:9)
[stacktrace]
#0 {main}
"} 
[2025-02-25 09:03:51] local.ERROR: Trait "Spatie\Translatable\HasTranslations" not found {"exception":"[object] (Symfony\\Component\\ErrorHandler\\Error\\FatalError(code: 0): Trait \"Spatie\\Translatable\\HasTranslations\" not found at D:\\qixer\\@core\\app\\GalleryCategory.php:9)
[stacktrace]
#0 {main}
"} 
[2025-02-25 09:04:50] local.ERROR: Trait "Spatie\Translatable\HasTranslations" not found {"exception":"[object] (Symfony\\Component\\ErrorHandler\\Error\\FatalError(code: 0): Trait \"Spatie\\Translatable\\HasTranslations\" not found at D:\\qixer\\@core\\app\\GalleryCategory.php:9)
[stacktrace]
#0 {main}
"} 
[2025-02-25 09:05:50] local.ERROR: Trait "Spatie\Translatable\HasTranslations" not found {"exception":"[object] (Symfony\\Component\\ErrorHandler\\Error\\FatalError(code: 0): Trait \"Spatie\\Translatable\\HasTranslations\" not found at D:\\qixer\\@core\\app\\GalleryCategory.php:9)
[stacktrace]
#0 {main}
"} 
[2025-02-25 09:06:50] local.ERROR: Trait "Spatie\Translatable\HasTranslations" not found {"exception":"[object] (Symfony\\Component\\ErrorHandler\\Error\\FatalError(code: 0): Trait \"Spatie\\Translatable\\HasTranslations\" not found at D:\\qixer\\@core\\app\\GalleryCategory.php:9)
[stacktrace]
#0 {main}
"} 
[2025-02-25 09:07:50] local.ERROR: Trait "Spatie\Translatable\HasTranslations" not found {"exception":"[object] (Symfony\\Component\\ErrorHandler\\Error\\FatalError(code: 0): Trait \"Spatie\\Translatable\\HasTranslations\" not found at D:\\qixer\\@core\\app\\GalleryCategory.php:9)
[stacktrace]
#0 {main}
"} 
[2025-02-25 09:08:50] local.ERROR: Trait "Spatie\Translatable\HasTranslations" not found {"exception":"[object] (Symfony\\Component\\ErrorHandler\\Error\\FatalError(code: 0): Trait \"Spatie\\Translatable\\HasTranslations\" not found at D:\\qixer\\@core\\app\\GalleryCategory.php:9)
[stacktrace]
#0 {main}
"} 
[2025-02-25 09:09:50] local.ERROR: Trait "Spatie\Translatable\HasTranslations" not found {"exception":"[object] (Symfony\\Component\\ErrorHandler\\Error\\FatalError(code: 0): Trait \"Spatie\\Translatable\\HasTranslations\" not found at D:\\qixer\\@core\\app\\GalleryCategory.php:9)
[stacktrace]
#0 {main}
"} 
[2025-02-25 09:10:50] local.ERROR: Trait "Spatie\Translatable\HasTranslations" not found {"exception":"[object] (Symfony\\Component\\ErrorHandler\\Error\\FatalError(code: 0): Trait \"Spatie\\Translatable\\HasTranslations\" not found at D:\\qixer\\@core\\app\\GalleryCategory.php:9)
[stacktrace]
#0 {main}
"} 
[2025-02-25 09:11:50] local.ERROR: Trait "Spatie\Translatable\HasTranslations" not found {"exception":"[object] (Symfony\\Component\\ErrorHandler\\Error\\FatalError(code: 0): Trait \"Spatie\\Translatable\\HasTranslations\" not found at D:\\qixer\\@core\\app\\GalleryCategory.php:9)
[stacktrace]
#0 {main}
"} 
[2025-02-25 09:12:51] local.ERROR: Trait "Spatie\Translatable\HasTranslations" not found {"exception":"[object] (Symfony\\Component\\ErrorHandler\\Error\\FatalError(code: 0): Trait \"Spatie\\Translatable\\HasTranslations\" not found at D:\\qixer\\@core\\app\\GalleryCategory.php:9)
[stacktrace]
#0 {main}
"} 
[2025-02-25 09:13:50] local.ERROR: Trait "Spatie\Translatable\HasTranslations" not found {"exception":"[object] (Symfony\\Component\\ErrorHandler\\Error\\FatalError(code: 0): Trait \"Spatie\\Translatable\\HasTranslations\" not found at D:\\qixer\\@core\\app\\GalleryCategory.php:9)
[stacktrace]
#0 {main}
"} 
[2025-02-25 09:14:50] local.ERROR: Trait "Spatie\Translatable\HasTranslations" not found {"exception":"[object] (Symfony\\Component\\ErrorHandler\\Error\\FatalError(code: 0): Trait \"Spatie\\Translatable\\HasTranslations\" not found at D:\\qixer\\@core\\app\\GalleryCategory.php:9)
[stacktrace]
#0 {main}
"} 
[2025-02-25 09:15:50] local.ERROR: Trait "Spatie\Translatable\HasTranslations" not found {"exception":"[object] (Symfony\\Component\\ErrorHandler\\Error\\FatalError(code: 0): Trait \"Spatie\\Translatable\\HasTranslations\" not found at D:\\qixer\\@core\\app\\GalleryCategory.php:9)
[stacktrace]
#0 {main}
"} 
[2025-02-25 09:16:50] local.ERROR: Trait "Spatie\Translatable\HasTranslations" not found {"exception":"[object] (Symfony\\Component\\ErrorHandler\\Error\\FatalError(code: 0): Trait \"Spatie\\Translatable\\HasTranslations\" not found at D:\\qixer\\@core\\app\\GalleryCategory.php:9)
[stacktrace]
#0 {main}
"} 
[2025-02-25 09:17:50] local.ERROR: Trait "Spatie\Translatable\HasTranslations" not found {"exception":"[object] (Symfony\\Component\\ErrorHandler\\Error\\FatalError(code: 0): Trait \"Spatie\\Translatable\\HasTranslations\" not found at D:\\qixer\\@core\\app\\GalleryCategory.php:9)
[stacktrace]
#0 {main}
"} 
[2025-02-25 09:18:50] local.ERROR: Trait "Spatie\Translatable\HasTranslations" not found {"exception":"[object] (Symfony\\Component\\ErrorHandler\\Error\\FatalError(code: 0): Trait \"Spatie\\Translatable\\HasTranslations\" not found at D:\\qixer\\@core\\app\\GalleryCategory.php:9)
[stacktrace]
#0 {main}
"} 
[2025-02-25 09:19:51] local.ERROR: Trait "Spatie\Translatable\HasTranslations" not found {"exception":"[object] (Symfony\\Component\\ErrorHandler\\Error\\FatalError(code: 0): Trait \"Spatie\\Translatable\\HasTranslations\" not found at D:\\qixer\\@core\\app\\GalleryCategory.php:9)
[stacktrace]
#0 {main}
"} 
[2025-02-25 09:20:51] local.ERROR: Trait "Spatie\Translatable\HasTranslations" not found {"exception":"[object] (Symfony\\Component\\ErrorHandler\\Error\\FatalError(code: 0): Trait \"Spatie\\Translatable\\HasTranslations\" not found at D:\\qixer\\@core\\app\\GalleryCategory.php:9)
[stacktrace]
#0 {main}
"} 
[2025-02-25 09:21:50] local.ERROR: Trait "Spatie\Translatable\HasTranslations" not found {"exception":"[object] (Symfony\\Component\\ErrorHandler\\Error\\FatalError(code: 0): Trait \"Spatie\\Translatable\\HasTranslations\" not found at D:\\qixer\\@core\\app\\GalleryCategory.php:9)
[stacktrace]
#0 {main}
"} 
[2025-02-25 09:22:50] local.ERROR: Trait "Spatie\Translatable\HasTranslations" not found {"exception":"[object] (Symfony\\Component\\ErrorHandler\\Error\\FatalError(code: 0): Trait \"Spatie\\Translatable\\HasTranslations\" not found at D:\\qixer\\@core\\app\\GalleryCategory.php:9)
[stacktrace]
#0 {main}
"} 
[2025-02-25 09:23:51] local.ERROR: Trait "Spatie\Translatable\HasTranslations" not found {"exception":"[object] (Symfony\\Component\\ErrorHandler\\Error\\FatalError(code: 0): Trait \"Spatie\\Translatable\\HasTranslations\" not found at D:\\qixer\\@core\\app\\GalleryCategory.php:9)
[stacktrace]
#0 {main}
"} 
[2025-02-25 09:24:50] local.ERROR: Trait "Spatie\Translatable\HasTranslations" not found {"exception":"[object] (Symfony\\Component\\ErrorHandler\\Error\\FatalError(code: 0): Trait \"Spatie\\Translatable\\HasTranslations\" not found at D:\\qixer\\@core\\app\\GalleryCategory.php:9)
[stacktrace]
#0 {main}
"} 
[2025-02-25 09:25:50] local.ERROR: Trait "Spatie\Translatable\HasTranslations" not found {"exception":"[object] (Symfony\\Component\\ErrorHandler\\Error\\FatalError(code: 0): Trait \"Spatie\\Translatable\\HasTranslations\" not found at D:\\qixer\\@core\\app\\GalleryCategory.php:9)
[stacktrace]
#0 {main}
"} 
[2025-02-25 09:26:50] local.ERROR: Trait "Spatie\Translatable\HasTranslations" not found {"exception":"[object] (Symfony\\Component\\ErrorHandler\\Error\\FatalError(code: 0): Trait \"Spatie\\Translatable\\HasTranslations\" not found at D:\\qixer\\@core\\app\\GalleryCategory.php:9)
[stacktrace]
#0 {main}
"} 
[2025-02-25 09:27:50] local.ERROR: Trait "Spatie\Translatable\HasTranslations" not found {"exception":"[object] (Symfony\\Component\\ErrorHandler\\Error\\FatalError(code: 0): Trait \"Spatie\\Translatable\\HasTranslations\" not found at D:\\qixer\\@core\\app\\GalleryCategory.php:9)
[stacktrace]
#0 {main}
"} 
[2025-02-25 09:28:50] local.ERROR: Trait "Spatie\Translatable\HasTranslations" not found {"exception":"[object] (Symfony\\Component\\ErrorHandler\\Error\\FatalError(code: 0): Trait \"Spatie\\Translatable\\HasTranslations\" not found at D:\\qixer\\@core\\app\\GalleryCategory.php:9)
[stacktrace]
#0 {main}
"} 
[2025-02-25 09:29:50] local.ERROR: Trait "Spatie\Translatable\HasTranslations" not found {"exception":"[object] (Symfony\\Component\\ErrorHandler\\Error\\FatalError(code: 0): Trait \"Spatie\\Translatable\\HasTranslations\" not found at D:\\qixer\\@core\\app\\GalleryCategory.php:9)
[stacktrace]
#0 {main}
"} 
[2025-02-25 09:30:50] local.ERROR: Trait "Spatie\Translatable\HasTranslations" not found {"exception":"[object] (Symfony\\Component\\ErrorHandler\\Error\\FatalError(code: 0): Trait \"Spatie\\Translatable\\HasTranslations\" not found at D:\\qixer\\@core\\app\\GalleryCategory.php:9)
[stacktrace]
#0 {main}
"} 
[2025-02-25 09:31:50] local.ERROR: Trait "Spatie\Translatable\HasTranslations" not found {"exception":"[object] (Symfony\\Component\\ErrorHandler\\Error\\FatalError(code: 0): Trait \"Spatie\\Translatable\\HasTranslations\" not found at D:\\qixer\\@core\\app\\GalleryCategory.php:9)
[stacktrace]
#0 {main}
"} 
[2025-02-25 09:32:50] local.ERROR: Trait "Spatie\Translatable\HasTranslations" not found {"exception":"[object] (Symfony\\Component\\ErrorHandler\\Error\\FatalError(code: 0): Trait \"Spatie\\Translatable\\HasTranslations\" not found at D:\\qixer\\@core\\app\\GalleryCategory.php:9)
[stacktrace]
#0 {main}
"} 
[2025-02-25 09:33:51] local.ERROR: Trait "Spatie\Translatable\HasTranslations" not found {"exception":"[object] (Symfony\\Component\\ErrorHandler\\Error\\FatalError(code: 0): Trait \"Spatie\\Translatable\\HasTranslations\" not found at D:\\qixer\\@core\\app\\GalleryCategory.php:9)
[stacktrace]
#0 {main}
"} 
[2025-02-25 09:34:51] local.ERROR: Trait "Spatie\Translatable\HasTranslations" not found {"exception":"[object] (Symfony\\Component\\ErrorHandler\\Error\\FatalError(code: 0): Trait \"Spatie\\Translatable\\HasTranslations\" not found at D:\\qixer\\@core\\app\\GalleryCategory.php:9)
[stacktrace]
#0 {main}
"} 
[2025-02-25 09:35:51] local.ERROR: Trait "Spatie\Translatable\HasTranslations" not found {"exception":"[object] (Symfony\\Component\\ErrorHandler\\Error\\FatalError(code: 0): Trait \"Spatie\\Translatable\\HasTranslations\" not found at D:\\qixer\\@core\\app\\GalleryCategory.php:9)
[stacktrace]
#0 {main}
"} 
[2025-02-25 09:36:51] local.ERROR: Trait "Spatie\Translatable\HasTranslations" not found {"exception":"[object] (Symfony\\Component\\ErrorHandler\\Error\\FatalError(code: 0): Trait \"Spatie\\Translatable\\HasTranslations\" not found at D:\\qixer\\@core\\app\\GalleryCategory.php:9)
[stacktrace]
#0 {main}
"} 
[2025-02-25 09:37:51] local.ERROR: Trait "Spatie\Translatable\HasTranslations" not found {"exception":"[object] (Symfony\\Component\\ErrorHandler\\Error\\FatalError(code: 0): Trait \"Spatie\\Translatable\\HasTranslations\" not found at D:\\qixer\\@core\\app\\GalleryCategory.php:9)
[stacktrace]
#0 {main}
"} 
[2025-02-25 09:38:51] local.ERROR: Trait "Spatie\Translatable\HasTranslations" not found {"exception":"[object] (Symfony\\Component\\ErrorHandler\\Error\\FatalError(code: 0): Trait \"Spatie\\Translatable\\HasTranslations\" not found at D:\\qixer\\@core\\app\\GalleryCategory.php:9)
[stacktrace]
#0 {main}
"} 
[2025-02-25 09:39:51] local.ERROR: Trait "Spatie\Translatable\HasTranslations" not found {"exception":"[object] (Symfony\\Component\\ErrorHandler\\Error\\FatalError(code: 0): Trait \"Spatie\\Translatable\\HasTranslations\" not found at D:\\qixer\\@core\\app\\GalleryCategory.php:9)
[stacktrace]
#0 {main}
"} 
[2025-02-25 09:40:51] local.ERROR: Trait "Spatie\Translatable\HasTranslations" not found {"exception":"[object] (Symfony\\Component\\ErrorHandler\\Error\\FatalError(code: 0): Trait \"Spatie\\Translatable\\HasTranslations\" not found at D:\\qixer\\@core\\app\\GalleryCategory.php:9)
[stacktrace]
#0 {main}
"} 
[2025-02-25 09:41:51] local.ERROR: Trait "Spatie\Translatable\HasTranslations" not found {"exception":"[object] (Symfony\\Component\\ErrorHandler\\Error\\FatalError(code: 0): Trait \"Spatie\\Translatable\\HasTranslations\" not found at D:\\qixer\\@core\\app\\GalleryCategory.php:9)
[stacktrace]
#0 {main}
"} 
[2025-02-25 09:42:51] local.ERROR: Trait "Spatie\Translatable\HasTranslations" not found {"exception":"[object] (Symfony\\Component\\ErrorHandler\\Error\\FatalError(code: 0): Trait \"Spatie\\Translatable\\HasTranslations\" not found at D:\\qixer\\@core\\app\\GalleryCategory.php:9)
[stacktrace]
#0 {main}
"} 
[2025-02-25 09:43:51] local.ERROR: Trait "Spatie\Translatable\HasTranslations" not found {"exception":"[object] (Symfony\\Component\\ErrorHandler\\Error\\FatalError(code: 0): Trait \"Spatie\\Translatable\\HasTranslations\" not found at D:\\qixer\\@core\\app\\GalleryCategory.php:9)
[stacktrace]
#0 {main}
"} 
[2025-02-25 09:44:51] local.ERROR: Trait "Spatie\Translatable\HasTranslations" not found {"exception":"[object] (Symfony\\Component\\ErrorHandler\\Error\\FatalError(code: 0): Trait \"Spatie\\Translatable\\HasTranslations\" not found at D:\\qixer\\@core\\app\\GalleryCategory.php:9)
[stacktrace]
#0 {main}
"} 
[2025-02-25 09:45:51] local.ERROR: Trait "Spatie\Translatable\HasTranslations" not found {"exception":"[object] (Symfony\\Component\\ErrorHandler\\Error\\FatalError(code: 0): Trait \"Spatie\\Translatable\\HasTranslations\" not found at D:\\qixer\\@core\\app\\GalleryCategory.php:9)
[stacktrace]
#0 {main}
"} 
[2025-02-25 09:46:51] local.ERROR: Trait "Spatie\Translatable\HasTranslations" not found {"exception":"[object] (Symfony\\Component\\ErrorHandler\\Error\\FatalError(code: 0): Trait \"Spatie\\Translatable\\HasTranslations\" not found at D:\\qixer\\@core\\app\\GalleryCategory.php:9)
[stacktrace]
#0 {main}
"} 
[2025-02-25 09:47:51] local.ERROR: Trait "Spatie\Translatable\HasTranslations" not found {"exception":"[object] (Symfony\\Component\\ErrorHandler\\Error\\FatalError(code: 0): Trait \"Spatie\\Translatable\\HasTranslations\" not found at D:\\qixer\\@core\\app\\GalleryCategory.php:9)
[stacktrace]
#0 {main}
"} 
[2025-02-25 09:48:51] local.ERROR: Trait "Spatie\Translatable\HasTranslations" not found {"exception":"[object] (Symfony\\Component\\ErrorHandler\\Error\\FatalError(code: 0): Trait \"Spatie\\Translatable\\HasTranslations\" not found at D:\\qixer\\@core\\app\\GalleryCategory.php:9)
[stacktrace]
#0 {main}
"} 
[2025-02-25 09:49:51] local.ERROR: Trait "Spatie\Translatable\HasTranslations" not found {"exception":"[object] (Symfony\\Component\\ErrorHandler\\Error\\FatalError(code: 0): Trait \"Spatie\\Translatable\\HasTranslations\" not found at D:\\qixer\\@core\\app\\GalleryCategory.php:9)
[stacktrace]
#0 {main}
"} 
[2025-02-25 09:50:51] local.ERROR: Trait "Spatie\Translatable\HasTranslations" not found {"exception":"[object] (Symfony\\Component\\ErrorHandler\\Error\\FatalError(code: 0): Trait \"Spatie\\Translatable\\HasTranslations\" not found at D:\\qixer\\@core\\app\\GalleryCategory.php:9)
[stacktrace]
#0 {main}
"} 
[2025-02-25 09:51:51] local.ERROR: Trait "Spatie\Translatable\HasTranslations" not found {"exception":"[object] (Symfony\\Component\\ErrorHandler\\Error\\FatalError(code: 0): Trait \"Spatie\\Translatable\\HasTranslations\" not found at D:\\qixer\\@core\\app\\GalleryCategory.php:9)
[stacktrace]
#0 {main}
"} 
[2025-02-25 09:52:51] local.ERROR: Trait "Spatie\Translatable\HasTranslations" not found {"exception":"[object] (Symfony\\Component\\ErrorHandler\\Error\\FatalError(code: 0): Trait \"Spatie\\Translatable\\HasTranslations\" not found at D:\\qixer\\@core\\app\\GalleryCategory.php:9)
[stacktrace]
#0 {main}
"} 
[2025-02-25 09:53:51] local.ERROR: Trait "Spatie\Translatable\HasTranslations" not found {"exception":"[object] (Symfony\\Component\\ErrorHandler\\Error\\FatalError(code: 0): Trait \"Spatie\\Translatable\\HasTranslations\" not found at D:\\qixer\\@core\\app\\GalleryCategory.php:9)
[stacktrace]
#0 {main}
"} 
[2025-02-25 09:54:51] local.ERROR: Trait "Spatie\Translatable\HasTranslations" not found {"exception":"[object] (Symfony\\Component\\ErrorHandler\\Error\\FatalError(code: 0): Trait \"Spatie\\Translatable\\HasTranslations\" not found at D:\\qixer\\@core\\app\\GalleryCategory.php:9)
[stacktrace]
#0 {main}
"} 
[2025-02-25 09:55:51] local.ERROR: Trait "Spatie\Translatable\HasTranslations" not found {"exception":"[object] (Symfony\\Component\\ErrorHandler\\Error\\FatalError(code: 0): Trait \"Spatie\\Translatable\\HasTranslations\" not found at D:\\qixer\\@core\\app\\GalleryCategory.php:9)
[stacktrace]
#0 {main}
"} 
[2025-02-25 09:56:51] local.ERROR: Trait "Spatie\Translatable\HasTranslations" not found {"exception":"[object] (Symfony\\Component\\ErrorHandler\\Error\\FatalError(code: 0): Trait \"Spatie\\Translatable\\HasTranslations\" not found at D:\\qixer\\@core\\app\\GalleryCategory.php:9)
[stacktrace]
#0 {main}
"} 
[2025-02-25 09:57:51] local.ERROR: Trait "Spatie\Translatable\HasTranslations" not found {"exception":"[object] (Symfony\\Component\\ErrorHandler\\Error\\FatalError(code: 0): Trait \"Spatie\\Translatable\\HasTranslations\" not found at D:\\qixer\\@core\\app\\GalleryCategory.php:9)
[stacktrace]
#0 {main}
"} 
[2025-02-25 09:58:51] local.ERROR: Trait "Spatie\Translatable\HasTranslations" not found {"exception":"[object] (Symfony\\Component\\ErrorHandler\\Error\\FatalError(code: 0): Trait \"Spatie\\Translatable\\HasTranslations\" not found at D:\\qixer\\@core\\app\\GalleryCategory.php:9)
[stacktrace]
#0 {main}
"} 
[2025-02-25 09:59:51] local.ERROR: Trait "Spatie\Translatable\HasTranslations" not found {"exception":"[object] (Symfony\\Component\\ErrorHandler\\Error\\FatalError(code: 0): Trait \"Spatie\\Translatable\\HasTranslations\" not found at D:\\qixer\\@core\\app\\GalleryCategory.php:9)
[stacktrace]
#0 {main}
"} 
[2025-02-25 10:00:51] local.ERROR: Trait "Spatie\Translatable\HasTranslations" not found {"exception":"[object] (Symfony\\Component\\ErrorHandler\\Error\\FatalError(code: 0): Trait \"Spatie\\Translatable\\HasTranslations\" not found at D:\\qixer\\@core\\app\\GalleryCategory.php:9)
[stacktrace]
#0 {main}
"} 
[2025-02-25 10:01:51] local.ERROR: Trait "Spatie\Translatable\HasTranslations" not found {"exception":"[object] (Symfony\\Component\\ErrorHandler\\Error\\FatalError(code: 0): Trait \"Spatie\\Translatable\\HasTranslations\" not found at D:\\qixer\\@core\\app\\GalleryCategory.php:9)
[stacktrace]
#0 {main}
"} 
[2025-02-25 10:02:51] local.ERROR: Trait "Spatie\Translatable\HasTranslations" not found {"exception":"[object] (Symfony\\Component\\ErrorHandler\\Error\\FatalError(code: 0): Trait \"Spatie\\Translatable\\HasTranslations\" not found at D:\\qixer\\@core\\app\\GalleryCategory.php:9)
[stacktrace]
#0 {main}
"} 
[2025-02-25 10:03:51] local.ERROR: Trait "Spatie\Translatable\HasTranslations" not found {"exception":"[object] (Symfony\\Component\\ErrorHandler\\Error\\FatalError(code: 0): Trait \"Spatie\\Translatable\\HasTranslations\" not found at D:\\qixer\\@core\\app\\GalleryCategory.php:9)
[stacktrace]
#0 {main}
"} 
[2025-02-25 10:04:51] local.ERROR: Trait "Spatie\Translatable\HasTranslations" not found {"exception":"[object] (Symfony\\Component\\ErrorHandler\\Error\\FatalError(code: 0): Trait \"Spatie\\Translatable\\HasTranslations\" not found at D:\\qixer\\@core\\app\\GalleryCategory.php:9)
[stacktrace]
#0 {main}
"} 
[2025-02-25 10:05:51] local.ERROR: Trait "Spatie\Translatable\HasTranslations" not found {"exception":"[object] (Symfony\\Component\\ErrorHandler\\Error\\FatalError(code: 0): Trait \"Spatie\\Translatable\\HasTranslations\" not found at D:\\qixer\\@core\\app\\GalleryCategory.php:9)
[stacktrace]
#0 {main}
"} 
[2025-02-25 10:06:51] local.ERROR: Trait "Spatie\Translatable\HasTranslations" not found {"exception":"[object] (Symfony\\Component\\ErrorHandler\\Error\\FatalError(code: 0): Trait \"Spatie\\Translatable\\HasTranslations\" not found at D:\\qixer\\@core\\app\\GalleryCategory.php:9)
[stacktrace]
#0 {main}
"} 
[2025-02-25 10:07:51] local.ERROR: Trait "Spatie\Translatable\HasTranslations" not found {"exception":"[object] (Symfony\\Component\\ErrorHandler\\Error\\FatalError(code: 0): Trait \"Spatie\\Translatable\\HasTranslations\" not found at D:\\qixer\\@core\\app\\GalleryCategory.php:9)
[stacktrace]
#0 {main}
"} 
[2025-02-25 10:08:51] local.ERROR: Trait "Spatie\Translatable\HasTranslations" not found {"exception":"[object] (Symfony\\Component\\ErrorHandler\\Error\\FatalError(code: 0): Trait \"Spatie\\Translatable\\HasTranslations\" not found at D:\\qixer\\@core\\app\\GalleryCategory.php:9)
[stacktrace]
#0 {main}
"} 
[2025-02-25 10:09:51] local.ERROR: Trait "Spatie\Translatable\HasTranslations" not found {"exception":"[object] (Symfony\\Component\\ErrorHandler\\Error\\FatalError(code: 0): Trait \"Spatie\\Translatable\\HasTranslations\" not found at D:\\qixer\\@core\\app\\GalleryCategory.php:9)
[stacktrace]
#0 {main}
"} 
[2025-02-25 10:10:51] local.ERROR: Trait "Spatie\Translatable\HasTranslations" not found {"exception":"[object] (Symfony\\Component\\ErrorHandler\\Error\\FatalError(code: 0): Trait \"Spatie\\Translatable\\HasTranslations\" not found at D:\\qixer\\@core\\app\\GalleryCategory.php:9)
[stacktrace]
#0 {main}
"} 
[2025-02-25 10:11:51] local.ERROR: Trait "Spatie\Translatable\HasTranslations" not found {"exception":"[object] (Symfony\\Component\\ErrorHandler\\Error\\FatalError(code: 0): Trait \"Spatie\\Translatable\\HasTranslations\" not found at D:\\qixer\\@core\\app\\GalleryCategory.php:9)
[stacktrace]
#0 {main}
"} 
[2025-02-25 10:12:51] local.ERROR: Trait "Spatie\Translatable\HasTranslations" not found {"exception":"[object] (Symfony\\Component\\ErrorHandler\\Error\\FatalError(code: 0): Trait \"Spatie\\Translatable\\HasTranslations\" not found at D:\\qixer\\@core\\app\\GalleryCategory.php:9)
[stacktrace]
#0 {main}
"} 
[2025-02-25 10:13:52] local.ERROR: Trait "Spatie\Translatable\HasTranslations" not found {"exception":"[object] (Symfony\\Component\\ErrorHandler\\Error\\FatalError(code: 0): Trait \"Spatie\\Translatable\\HasTranslations\" not found at D:\\qixer\\@core\\app\\GalleryCategory.php:9)
[stacktrace]
#0 {main}
"} 
[2025-02-25 12:11:24] local.ERROR: Trait "Spatie\Translatable\HasTranslations" not found {"exception":"[object] (Symfony\\Component\\ErrorHandler\\Error\\FatalError(code: 0): Trait \"Spatie\\Translatable\\HasTranslations\" not found at D:\\qixer\\@core\\app\\GalleryCategory.php:9)
[stacktrace]
#0 {main}
"} 
[2025-02-25 12:12:19] local.ERROR: Trait "Spatie\Translatable\HasTranslations" not found {"exception":"[object] (Symfony\\Component\\ErrorHandler\\Error\\FatalError(code: 0): Trait \"Spatie\\Translatable\\HasTranslations\" not found at D:\\qixer\\@core\\app\\GalleryCategory.php:9)
[stacktrace]
#0 {main}
"} 
[2025-02-25 12:13:19] local.ERROR: Trait "Spatie\Translatable\HasTranslations" not found {"exception":"[object] (Symfony\\Component\\ErrorHandler\\Error\\FatalError(code: 0): Trait \"Spatie\\Translatable\\HasTranslations\" not found at D:\\qixer\\@core\\app\\GalleryCategory.php:9)
[stacktrace]
#0 {main}
"} 
[2025-02-25 12:14:19] local.ERROR: Trait "Spatie\Translatable\HasTranslations" not found {"exception":"[object] (Symfony\\Component\\ErrorHandler\\Error\\FatalError(code: 0): Trait \"Spatie\\Translatable\\HasTranslations\" not found at D:\\qixer\\@core\\app\\GalleryCategory.php:9)
[stacktrace]
#0 {main}
"} 
[2025-02-25 12:15:19] local.ERROR: Trait "Spatie\Translatable\HasTranslations" not found {"exception":"[object] (Symfony\\Component\\ErrorHandler\\Error\\FatalError(code: 0): Trait \"Spatie\\Translatable\\HasTranslations\" not found at D:\\qixer\\@core\\app\\GalleryCategory.php:9)
[stacktrace]
#0 {main}
"} 
[2025-02-25 12:16:19] local.ERROR: Trait "Spatie\Translatable\HasTranslations" not found {"exception":"[object] (Symfony\\Component\\ErrorHandler\\Error\\FatalError(code: 0): Trait \"Spatie\\Translatable\\HasTranslations\" not found at D:\\qixer\\@core\\app\\GalleryCategory.php:9)
[stacktrace]
#0 {main}
"} 
[2025-02-25 12:17:19] local.ERROR: Trait "Spatie\Translatable\HasTranslations" not found {"exception":"[object] (Symfony\\Component\\ErrorHandler\\Error\\FatalError(code: 0): Trait \"Spatie\\Translatable\\HasTranslations\" not found at D:\\qixer\\@core\\app\\GalleryCategory.php:9)
[stacktrace]
#0 {main}
"} 
[2025-02-25 12:18:19] local.ERROR: Trait "Spatie\Translatable\HasTranslations" not found {"exception":"[object] (Symfony\\Component\\ErrorHandler\\Error\\FatalError(code: 0): Trait \"Spatie\\Translatable\\HasTranslations\" not found at D:\\qixer\\@core\\app\\GalleryCategory.php:9)
[stacktrace]
#0 {main}
"} 
[2025-02-25 12:19:19] local.ERROR: Trait "Spatie\Translatable\HasTranslations" not found {"exception":"[object] (Symfony\\Component\\ErrorHandler\\Error\\FatalError(code: 0): Trait \"Spatie\\Translatable\\HasTranslations\" not found at D:\\qixer\\@core\\app\\GalleryCategory.php:9)
[stacktrace]
#0 {main}
"} 
[2025-02-25 12:20:19] local.ERROR: Trait "Spatie\Translatable\HasTranslations" not found {"exception":"[object] (Symfony\\Component\\ErrorHandler\\Error\\FatalError(code: 0): Trait \"Spatie\\Translatable\\HasTranslations\" not found at D:\\qixer\\@core\\app\\GalleryCategory.php:9)
[stacktrace]
#0 {main}
"} 
[2025-02-25 12:21:19] local.ERROR: Trait "Spatie\Translatable\HasTranslations" not found {"exception":"[object] (Symfony\\Component\\ErrorHandler\\Error\\FatalError(code: 0): Trait \"Spatie\\Translatable\\HasTranslations\" not found at D:\\qixer\\@core\\app\\GalleryCategory.php:9)
[stacktrace]
#0 {main}
"} 
[2025-02-25 12:22:19] local.ERROR: Trait "Spatie\Translatable\HasTranslations" not found {"exception":"[object] (Symfony\\Component\\ErrorHandler\\Error\\FatalError(code: 0): Trait \"Spatie\\Translatable\\HasTranslations\" not found at D:\\qixer\\@core\\app\\GalleryCategory.php:9)
[stacktrace]
#0 {main}
"} 
[2025-02-25 12:23:19] local.ERROR: Trait "Spatie\Translatable\HasTranslations" not found {"exception":"[object] (Symfony\\Component\\ErrorHandler\\Error\\FatalError(code: 0): Trait \"Spatie\\Translatable\\HasTranslations\" not found at D:\\qixer\\@core\\app\\GalleryCategory.php:9)
[stacktrace]
#0 {main}
"} 
[2025-02-25 12:24:19] local.ERROR: Trait "Spatie\Translatable\HasTranslations" not found {"exception":"[object] (Symfony\\Component\\ErrorHandler\\Error\\FatalError(code: 0): Trait \"Spatie\\Translatable\\HasTranslations\" not found at D:\\qixer\\@core\\app\\GalleryCategory.php:9)
[stacktrace]
#0 {main}
"} 
[2025-02-25 12:25:19] local.ERROR: Trait "Spatie\Translatable\HasTranslations" not found {"exception":"[object] (Symfony\\Component\\ErrorHandler\\Error\\FatalError(code: 0): Trait \"Spatie\\Translatable\\HasTranslations\" not found at D:\\qixer\\@core\\app\\GalleryCategory.php:9)
[stacktrace]
#0 {main}
"} 
[2025-02-25 12:26:19] local.ERROR: Trait "Spatie\Translatable\HasTranslations" not found {"exception":"[object] (Symfony\\Component\\ErrorHandler\\Error\\FatalError(code: 0): Trait \"Spatie\\Translatable\\HasTranslations\" not found at D:\\qixer\\@core\\app\\GalleryCategory.php:9)
[stacktrace]
#0 {main}
"} 
[2025-02-25 12:27:19] local.ERROR: Trait "Spatie\Translatable\HasTranslations" not found {"exception":"[object] (Symfony\\Component\\ErrorHandler\\Error\\FatalError(code: 0): Trait \"Spatie\\Translatable\\HasTranslations\" not found at D:\\qixer\\@core\\app\\GalleryCategory.php:9)
[stacktrace]
#0 {main}
"} 
[2025-02-25 12:28:19] local.ERROR: Trait "Spatie\Translatable\HasTranslations" not found {"exception":"[object] (Symfony\\Component\\ErrorHandler\\Error\\FatalError(code: 0): Trait \"Spatie\\Translatable\\HasTranslations\" not found at D:\\qixer\\@core\\app\\GalleryCategory.php:9)
[stacktrace]
#0 {main}
"} 
[2025-02-25 12:29:19] local.ERROR: Trait "Spatie\Translatable\HasTranslations" not found {"exception":"[object] (Symfony\\Component\\ErrorHandler\\Error\\FatalError(code: 0): Trait \"Spatie\\Translatable\\HasTranslations\" not found at D:\\qixer\\@core\\app\\GalleryCategory.php:9)
[stacktrace]
#0 {main}
"} 
[2025-02-25 12:30:19] local.ERROR: Trait "Spatie\Translatable\HasTranslations" not found {"exception":"[object] (Symfony\\Component\\ErrorHandler\\Error\\FatalError(code: 0): Trait \"Spatie\\Translatable\\HasTranslations\" not found at D:\\qixer\\@core\\app\\GalleryCategory.php:9)
[stacktrace]
#0 {main}
"} 
[2025-02-25 12:31:19] local.ERROR: Trait "Spatie\Translatable\HasTranslations" not found {"exception":"[object] (Symfony\\Component\\ErrorHandler\\Error\\FatalError(code: 0): Trait \"Spatie\\Translatable\\HasTranslations\" not found at D:\\qixer\\@core\\app\\GalleryCategory.php:9)
[stacktrace]
#0 {main}
"} 
[2025-02-25 12:32:19] local.ERROR: Trait "Spatie\Translatable\HasTranslations" not found {"exception":"[object] (Symfony\\Component\\ErrorHandler\\Error\\FatalError(code: 0): Trait \"Spatie\\Translatable\\HasTranslations\" not found at D:\\qixer\\@core\\app\\GalleryCategory.php:9)
[stacktrace]
#0 {main}
"} 
[2025-02-25 12:33:19] local.ERROR: Trait "Spatie\Translatable\HasTranslations" not found {"exception":"[object] (Symfony\\Component\\ErrorHandler\\Error\\FatalError(code: 0): Trait \"Spatie\\Translatable\\HasTranslations\" not found at D:\\qixer\\@core\\app\\GalleryCategory.php:9)
[stacktrace]
#0 {main}
"} 
[2025-02-25 12:34:19] local.ERROR: Trait "Spatie\Translatable\HasTranslations" not found {"exception":"[object] (Symfony\\Component\\ErrorHandler\\Error\\FatalError(code: 0): Trait \"Spatie\\Translatable\\HasTranslations\" not found at D:\\qixer\\@core\\app\\GalleryCategory.php:9)
[stacktrace]
#0 {main}
"} 
[2025-02-25 12:35:19] local.ERROR: Trait "Spatie\Translatable\HasTranslations" not found {"exception":"[object] (Symfony\\Component\\ErrorHandler\\Error\\FatalError(code: 0): Trait \"Spatie\\Translatable\\HasTranslations\" not found at D:\\qixer\\@core\\app\\GalleryCategory.php:9)
[stacktrace]
#0 {main}
"} 
[2025-02-25 12:36:19] local.ERROR: Trait "Spatie\Translatable\HasTranslations" not found {"exception":"[object] (Symfony\\Component\\ErrorHandler\\Error\\FatalError(code: 0): Trait \"Spatie\\Translatable\\HasTranslations\" not found at D:\\qixer\\@core\\app\\GalleryCategory.php:9)
[stacktrace]
#0 {main}
"} 
[2025-02-25 12:37:19] local.ERROR: Trait "Spatie\Translatable\HasTranslations" not found {"exception":"[object] (Symfony\\Component\\ErrorHandler\\Error\\FatalError(code: 0): Trait \"Spatie\\Translatable\\HasTranslations\" not found at D:\\qixer\\@core\\app\\GalleryCategory.php:9)
[stacktrace]
#0 {main}
"} 
[2025-02-25 12:38:19] local.ERROR: Trait "Spatie\Translatable\HasTranslations" not found {"exception":"[object] (Symfony\\Component\\ErrorHandler\\Error\\FatalError(code: 0): Trait \"Spatie\\Translatable\\HasTranslations\" not found at D:\\qixer\\@core\\app\\GalleryCategory.php:9)
[stacktrace]
#0 {main}
"} 
[2025-02-25 12:39:19] local.ERROR: Trait "Spatie\Translatable\HasTranslations" not found {"exception":"[object] (Symfony\\Component\\ErrorHandler\\Error\\FatalError(code: 0): Trait \"Spatie\\Translatable\\HasTranslations\" not found at D:\\qixer\\@core\\app\\GalleryCategory.php:9)
[stacktrace]
#0 {main}
"} 
[2025-02-25 12:40:19] local.ERROR: Trait "Spatie\Translatable\HasTranslations" not found {"exception":"[object] (Symfony\\Component\\ErrorHandler\\Error\\FatalError(code: 0): Trait \"Spatie\\Translatable\\HasTranslations\" not found at D:\\qixer\\@core\\app\\GalleryCategory.php:9)
[stacktrace]
#0 {main}
"} 
[2025-02-25 12:41:19] local.ERROR: Trait "Spatie\Translatable\HasTranslations" not found {"exception":"[object] (Symfony\\Component\\ErrorHandler\\Error\\FatalError(code: 0): Trait \"Spatie\\Translatable\\HasTranslations\" not found at D:\\qixer\\@core\\app\\GalleryCategory.php:9)
[stacktrace]
#0 {main}
"} 
[2025-02-25 12:42:19] local.ERROR: Trait "Spatie\Translatable\HasTranslations" not found {"exception":"[object] (Symfony\\Component\\ErrorHandler\\Error\\FatalError(code: 0): Trait \"Spatie\\Translatable\\HasTranslations\" not found at D:\\qixer\\@core\\app\\GalleryCategory.php:9)
[stacktrace]
#0 {main}
"} 
[2025-02-25 12:43:19] local.ERROR: Trait "Spatie\Translatable\HasTranslations" not found {"exception":"[object] (Symfony\\Component\\ErrorHandler\\Error\\FatalError(code: 0): Trait \"Spatie\\Translatable\\HasTranslations\" not found at D:\\qixer\\@core\\app\\GalleryCategory.php:9)
[stacktrace]
#0 {main}
"} 
[2025-02-25 12:44:19] local.ERROR: Trait "Spatie\Translatable\HasTranslations" not found {"exception":"[object] (Symfony\\Component\\ErrorHandler\\Error\\FatalError(code: 0): Trait \"Spatie\\Translatable\\HasTranslations\" not found at D:\\qixer\\@core\\app\\GalleryCategory.php:9)
[stacktrace]
#0 {main}
"} 
[2025-02-25 12:45:19] local.ERROR: Trait "Spatie\Translatable\HasTranslations" not found {"exception":"[object] (Symfony\\Component\\ErrorHandler\\Error\\FatalError(code: 0): Trait \"Spatie\\Translatable\\HasTranslations\" not found at D:\\qixer\\@core\\app\\GalleryCategory.php:9)
[stacktrace]
#0 {main}
"} 
[2025-02-25 12:46:19] local.ERROR: Trait "Spatie\Translatable\HasTranslations" not found {"exception":"[object] (Symfony\\Component\\ErrorHandler\\Error\\FatalError(code: 0): Trait \"Spatie\\Translatable\\HasTranslations\" not found at D:\\qixer\\@core\\app\\GalleryCategory.php:9)
[stacktrace]
#0 {main}
"} 
[2025-02-25 12:47:19] local.ERROR: Trait "Spatie\Translatable\HasTranslations" not found {"exception":"[object] (Symfony\\Component\\ErrorHandler\\Error\\FatalError(code: 0): Trait \"Spatie\\Translatable\\HasTranslations\" not found at D:\\qixer\\@core\\app\\GalleryCategory.php:9)
[stacktrace]
#0 {main}
"} 
[2025-02-25 13:10:25] local.ERROR: Trait "Spatie\Translatable\HasTranslations" not found {"exception":"[object] (Symfony\\Component\\ErrorHandler\\Error\\FatalError(code: 0): Trait \"Spatie\\Translatable\\HasTranslations\" not found at D:\\qixer\\@core\\app\\GalleryCategory.php:9)
[stacktrace]
#0 {main}
"} 
[2025-02-25 13:11:19] local.ERROR: Trait "Spatie\Translatable\HasTranslations" not found {"exception":"[object] (Symfony\\Component\\ErrorHandler\\Error\\FatalError(code: 0): Trait \"Spatie\\Translatable\\HasTranslations\" not found at D:\\qixer\\@core\\app\\GalleryCategory.php:9)
[stacktrace]
#0 {main}
"} 
[2025-02-25 13:12:19] local.ERROR: Trait "Spatie\Translatable\HasTranslations" not found {"exception":"[object] (Symfony\\Component\\ErrorHandler\\Error\\FatalError(code: 0): Trait \"Spatie\\Translatable\\HasTranslations\" not found at D:\\qixer\\@core\\app\\GalleryCategory.php:9)
[stacktrace]
#0 {main}
"} 
[2025-02-25 13:13:19] local.ERROR: Trait "Spatie\Translatable\HasTranslations" not found {"exception":"[object] (Symfony\\Component\\ErrorHandler\\Error\\FatalError(code: 0): Trait \"Spatie\\Translatable\\HasTranslations\" not found at D:\\qixer\\@core\\app\\GalleryCategory.php:9)
[stacktrace]
#0 {main}
"} 
[2025-02-25 13:14:19] local.ERROR: Trait "Spatie\Translatable\HasTranslations" not found {"exception":"[object] (Symfony\\Component\\ErrorHandler\\Error\\FatalError(code: 0): Trait \"Spatie\\Translatable\\HasTranslations\" not found at D:\\qixer\\@core\\app\\GalleryCategory.php:9)
[stacktrace]
#0 {main}
"} 
[2025-02-25 13:15:19] local.ERROR: Trait "Spatie\Translatable\HasTranslations" not found {"exception":"[object] (Symfony\\Component\\ErrorHandler\\Error\\FatalError(code: 0): Trait \"Spatie\\Translatable\\HasTranslations\" not found at D:\\qixer\\@core\\app\\GalleryCategory.php:9)
[stacktrace]
#0 {main}
"} 
[2025-02-25 13:16:19] local.ERROR: Trait "Spatie\Translatable\HasTranslations" not found {"exception":"[object] (Symfony\\Component\\ErrorHandler\\Error\\FatalError(code: 0): Trait \"Spatie\\Translatable\\HasTranslations\" not found at D:\\qixer\\@core\\app\\GalleryCategory.php:9)
[stacktrace]
#0 {main}
"} 
[2025-02-25 13:17:19] local.ERROR: Trait "Spatie\Translatable\HasTranslations" not found {"exception":"[object] (Symfony\\Component\\ErrorHandler\\Error\\FatalError(code: 0): Trait \"Spatie\\Translatable\\HasTranslations\" not found at D:\\qixer\\@core\\app\\GalleryCategory.php:9)
[stacktrace]
#0 {main}
"} 
[2025-02-25 13:18:19] local.ERROR: Trait "Spatie\Translatable\HasTranslations" not found {"exception":"[object] (Symfony\\Component\\ErrorHandler\\Error\\FatalError(code: 0): Trait \"Spatie\\Translatable\\HasTranslations\" not found at D:\\qixer\\@core\\app\\GalleryCategory.php:9)
[stacktrace]
#0 {main}
"} 
[2025-02-25 13:19:19] local.ERROR: Trait "Spatie\Translatable\HasTranslations" not found {"exception":"[object] (Symfony\\Component\\ErrorHandler\\Error\\FatalError(code: 0): Trait \"Spatie\\Translatable\\HasTranslations\" not found at D:\\qixer\\@core\\app\\GalleryCategory.php:9)
[stacktrace]
#0 {main}
"} 
[2025-02-25 13:20:19] local.ERROR: Trait "Spatie\Translatable\HasTranslations" not found {"exception":"[object] (Symfony\\Component\\ErrorHandler\\Error\\FatalError(code: 0): Trait \"Spatie\\Translatable\\HasTranslations\" not found at D:\\qixer\\@core\\app\\GalleryCategory.php:9)
[stacktrace]
#0 {main}
"} 
[2025-02-25 13:21:19] local.ERROR: Trait "Spatie\Translatable\HasTranslations" not found {"exception":"[object] (Symfony\\Component\\ErrorHandler\\Error\\FatalError(code: 0): Trait \"Spatie\\Translatable\\HasTranslations\" not found at D:\\qixer\\@core\\app\\GalleryCategory.php:9)
[stacktrace]
#0 {main}
"} 
[2025-02-25 13:22:19] local.ERROR: Trait "Spatie\Translatable\HasTranslations" not found {"exception":"[object] (Symfony\\Component\\ErrorHandler\\Error\\FatalError(code: 0): Trait \"Spatie\\Translatable\\HasTranslations\" not found at D:\\qixer\\@core\\app\\GalleryCategory.php:9)
[stacktrace]
#0 {main}
"} 
[2025-02-25 13:23:19] local.ERROR: Trait "Spatie\Translatable\HasTranslations" not found {"exception":"[object] (Symfony\\Component\\ErrorHandler\\Error\\FatalError(code: 0): Trait \"Spatie\\Translatable\\HasTranslations\" not found at D:\\qixer\\@core\\app\\GalleryCategory.php:9)
[stacktrace]
#0 {main}
"} 
[2025-02-25 13:24:19] local.ERROR: Trait "Spatie\Translatable\HasTranslations" not found {"exception":"[object] (Symfony\\Component\\ErrorHandler\\Error\\FatalError(code: 0): Trait \"Spatie\\Translatable\\HasTranslations\" not found at D:\\qixer\\@core\\app\\GalleryCategory.php:9)
[stacktrace]
#0 {main}
"} 
[2025-02-25 13:25:19] local.ERROR: Trait "Spatie\Translatable\HasTranslations" not found {"exception":"[object] (Symfony\\Component\\ErrorHandler\\Error\\FatalError(code: 0): Trait \"Spatie\\Translatable\\HasTranslations\" not found at D:\\qixer\\@core\\app\\GalleryCategory.php:9)
[stacktrace]
#0 {main}
"} 
[2025-02-25 13:26:19] local.ERROR: Trait "Spatie\Translatable\HasTranslations" not found {"exception":"[object] (Symfony\\Component\\ErrorHandler\\Error\\FatalError(code: 0): Trait \"Spatie\\Translatable\\HasTranslations\" not found at D:\\qixer\\@core\\app\\GalleryCategory.php:9)
[stacktrace]
#0 {main}
"} 
[2025-02-25 13:27:19] local.ERROR: Trait "Spatie\Translatable\HasTranslations" not found {"exception":"[object] (Symfony\\Component\\ErrorHandler\\Error\\FatalError(code: 0): Trait \"Spatie\\Translatable\\HasTranslations\" not found at D:\\qixer\\@core\\app\\GalleryCategory.php:9)
[stacktrace]
#0 {main}
"} 
[2025-02-25 13:28:19] local.ERROR: Trait "Spatie\Translatable\HasTranslations" not found {"exception":"[object] (Symfony\\Component\\ErrorHandler\\Error\\FatalError(code: 0): Trait \"Spatie\\Translatable\\HasTranslations\" not found at D:\\qixer\\@core\\app\\GalleryCategory.php:9)
[stacktrace]
#0 {main}
"} 
[2025-02-25 13:29:19] local.ERROR: Trait "Spatie\Translatable\HasTranslations" not found {"exception":"[object] (Symfony\\Component\\ErrorHandler\\Error\\FatalError(code: 0): Trait \"Spatie\\Translatable\\HasTranslations\" not found at D:\\qixer\\@core\\app\\GalleryCategory.php:9)
[stacktrace]
#0 {main}
"} 
[2025-02-25 13:30:19] local.ERROR: Trait "Spatie\Translatable\HasTranslations" not found {"exception":"[object] (Symfony\\Component\\ErrorHandler\\Error\\FatalError(code: 0): Trait \"Spatie\\Translatable\\HasTranslations\" not found at D:\\qixer\\@core\\app\\GalleryCategory.php:9)
[stacktrace]
#0 {main}
"} 
[2025-02-25 13:31:19] local.ERROR: Trait "Spatie\Translatable\HasTranslations" not found {"exception":"[object] (Symfony\\Component\\ErrorHandler\\Error\\FatalError(code: 0): Trait \"Spatie\\Translatable\\HasTranslations\" not found at D:\\qixer\\@core\\app\\GalleryCategory.php:9)
[stacktrace]
#0 {main}
"} 
[2025-02-25 13:32:19] local.ERROR: Trait "Spatie\Translatable\HasTranslations" not found {"exception":"[object] (Symfony\\Component\\ErrorHandler\\Error\\FatalError(code: 0): Trait \"Spatie\\Translatable\\HasTranslations\" not found at D:\\qixer\\@core\\app\\GalleryCategory.php:9)
[stacktrace]
#0 {main}
"} 
[2025-02-25 13:33:19] local.ERROR: Trait "Spatie\Translatable\HasTranslations" not found {"exception":"[object] (Symfony\\Component\\ErrorHandler\\Error\\FatalError(code: 0): Trait \"Spatie\\Translatable\\HasTranslations\" not found at D:\\qixer\\@core\\app\\GalleryCategory.php:9)
[stacktrace]
#0 {main}
"} 
[2025-02-25 13:34:19] local.ERROR: Trait "Spatie\Translatable\HasTranslations" not found {"exception":"[object] (Symfony\\Component\\ErrorHandler\\Error\\FatalError(code: 0): Trait \"Spatie\\Translatable\\HasTranslations\" not found at D:\\qixer\\@core\\app\\GalleryCategory.php:9)
[stacktrace]
#0 {main}
"} 
[2025-02-25 13:35:19] local.ERROR: Trait "Spatie\Translatable\HasTranslations" not found {"exception":"[object] (Symfony\\Component\\ErrorHandler\\Error\\FatalError(code: 0): Trait \"Spatie\\Translatable\\HasTranslations\" not found at D:\\qixer\\@core\\app\\GalleryCategory.php:9)
[stacktrace]
#0 {main}
"} 
[2025-02-25 13:36:19] local.ERROR: Trait "Spatie\Translatable\HasTranslations" not found {"exception":"[object] (Symfony\\Component\\ErrorHandler\\Error\\FatalError(code: 0): Trait \"Spatie\\Translatable\\HasTranslations\" not found at D:\\qixer\\@core\\app\\GalleryCategory.php:9)
[stacktrace]
#0 {main}
"} 
[2025-02-25 13:37:19] local.ERROR: Trait "Spatie\Translatable\HasTranslations" not found {"exception":"[object] (Symfony\\Component\\ErrorHandler\\Error\\FatalError(code: 0): Trait \"Spatie\\Translatable\\HasTranslations\" not found at D:\\qixer\\@core\\app\\GalleryCategory.php:9)
[stacktrace]
#0 {main}
"} 
[2025-02-25 13:38:20] local.ERROR: Trait "Spatie\Translatable\HasTranslations" not found {"exception":"[object] (Symfony\\Component\\ErrorHandler\\Error\\FatalError(code: 0): Trait \"Spatie\\Translatable\\HasTranslations\" not found at D:\\qixer\\@core\\app\\GalleryCategory.php:9)
[stacktrace]
#0 {main}
"} 
[2025-02-25 13:39:19] local.ERROR: Trait "Spatie\Translatable\HasTranslations" not found {"exception":"[object] (Symfony\\Component\\ErrorHandler\\Error\\FatalError(code: 0): Trait \"Spatie\\Translatable\\HasTranslations\" not found at D:\\qixer\\@core\\app\\GalleryCategory.php:9)
[stacktrace]
#0 {main}
"} 
[2025-02-25 13:40:19] local.ERROR: Trait "Spatie\Translatable\HasTranslations" not found {"exception":"[object] (Symfony\\Component\\ErrorHandler\\Error\\FatalError(code: 0): Trait \"Spatie\\Translatable\\HasTranslations\" not found at D:\\qixer\\@core\\app\\GalleryCategory.php:9)
[stacktrace]
#0 {main}
"} 
[2025-02-25 13:41:19] local.ERROR: Trait "Spatie\Translatable\HasTranslations" not found {"exception":"[object] (Symfony\\Component\\ErrorHandler\\Error\\FatalError(code: 0): Trait \"Spatie\\Translatable\\HasTranslations\" not found at D:\\qixer\\@core\\app\\GalleryCategory.php:9)
[stacktrace]
#0 {main}
"} 
[2025-02-25 13:42:19] local.ERROR: Trait "Spatie\Translatable\HasTranslations" not found {"exception":"[object] (Symfony\\Component\\ErrorHandler\\Error\\FatalError(code: 0): Trait \"Spatie\\Translatable\\HasTranslations\" not found at D:\\qixer\\@core\\app\\GalleryCategory.php:9)
[stacktrace]
#0 {main}
"} 
[2025-02-25 13:43:19] local.ERROR: Trait "Spatie\Translatable\HasTranslations" not found {"exception":"[object] (Symfony\\Component\\ErrorHandler\\Error\\FatalError(code: 0): Trait \"Spatie\\Translatable\\HasTranslations\" not found at D:\\qixer\\@core\\app\\GalleryCategory.php:9)
[stacktrace]
#0 {main}
"} 
[2025-02-25 13:44:19] local.ERROR: Trait "Spatie\Translatable\HasTranslations" not found {"exception":"[object] (Symfony\\Component\\ErrorHandler\\Error\\FatalError(code: 0): Trait \"Spatie\\Translatable\\HasTranslations\" not found at D:\\qixer\\@core\\app\\GalleryCategory.php:9)
[stacktrace]
#0 {main}
"} 
[2025-02-25 13:45:19] local.ERROR: Trait "Spatie\Translatable\HasTranslations" not found {"exception":"[object] (Symfony\\Component\\ErrorHandler\\Error\\FatalError(code: 0): Trait \"Spatie\\Translatable\\HasTranslations\" not found at D:\\qixer\\@core\\app\\GalleryCategory.php:9)
[stacktrace]
#0 {main}
"} 
[2025-02-25 13:46:19] local.ERROR: Trait "Spatie\Translatable\HasTranslations" not found {"exception":"[object] (Symfony\\Component\\ErrorHandler\\Error\\FatalError(code: 0): Trait \"Spatie\\Translatable\\HasTranslations\" not found at D:\\qixer\\@core\\app\\GalleryCategory.php:9)
[stacktrace]
#0 {main}
"} 
[2025-02-25 13:47:19] local.ERROR: Trait "Spatie\Translatable\HasTranslations" not found {"exception":"[object] (Symfony\\Component\\ErrorHandler\\Error\\FatalError(code: 0): Trait \"Spatie\\Translatable\\HasTranslations\" not found at D:\\qixer\\@core\\app\\GalleryCategory.php:9)
[stacktrace]
#0 {main}
"} 
[2025-02-25 13:48:19] local.ERROR: Trait "Spatie\Translatable\HasTranslations" not found {"exception":"[object] (Symfony\\Component\\ErrorHandler\\Error\\FatalError(code: 0): Trait \"Spatie\\Translatable\\HasTranslations\" not found at D:\\qixer\\@core\\app\\GalleryCategory.php:9)
[stacktrace]
#0 {main}
"} 
[2025-02-25 13:49:19] local.ERROR: Trait "Spatie\Translatable\HasTranslations" not found {"exception":"[object] (Symfony\\Component\\ErrorHandler\\Error\\FatalError(code: 0): Trait \"Spatie\\Translatable\\HasTranslations\" not found at D:\\qixer\\@core\\app\\GalleryCategory.php:9)
[stacktrace]
#0 {main}
"} 
[2025-02-25 13:50:19] local.ERROR: Trait "Spatie\Translatable\HasTranslations" not found {"exception":"[object] (Symfony\\Component\\ErrorHandler\\Error\\FatalError(code: 0): Trait \"Spatie\\Translatable\\HasTranslations\" not found at D:\\qixer\\@core\\app\\GalleryCategory.php:9)
[stacktrace]
#0 {main}
"} 
[2025-02-25 13:51:19] local.ERROR: Trait "Spatie\Translatable\HasTranslations" not found {"exception":"[object] (Symfony\\Component\\ErrorHandler\\Error\\FatalError(code: 0): Trait \"Spatie\\Translatable\\HasTranslations\" not found at D:\\qixer\\@core\\app\\GalleryCategory.php:9)
[stacktrace]
#0 {main}
"} 
[2025-02-25 13:52:19] local.ERROR: Trait "Spatie\Translatable\HasTranslations" not found {"exception":"[object] (Symfony\\Component\\ErrorHandler\\Error\\FatalError(code: 0): Trait \"Spatie\\Translatable\\HasTranslations\" not found at D:\\qixer\\@core\\app\\GalleryCategory.php:9)
[stacktrace]
#0 {main}
"} 
[2025-02-25 13:53:19] local.ERROR: Trait "Spatie\Translatable\HasTranslations" not found {"exception":"[object] (Symfony\\Component\\ErrorHandler\\Error\\FatalError(code: 0): Trait \"Spatie\\Translatable\\HasTranslations\" not found at D:\\qixer\\@core\\app\\GalleryCategory.php:9)
[stacktrace]
#0 {main}
"} 
[2025-02-25 13:54:19] local.ERROR: Trait "Spatie\Translatable\HasTranslations" not found {"exception":"[object] (Symfony\\Component\\ErrorHandler\\Error\\FatalError(code: 0): Trait \"Spatie\\Translatable\\HasTranslations\" not found at D:\\qixer\\@core\\app\\GalleryCategory.php:9)
[stacktrace]
#0 {main}
"} 
[2025-02-25 13:55:19] local.ERROR: Trait "Spatie\Translatable\HasTranslations" not found {"exception":"[object] (Symfony\\Component\\ErrorHandler\\Error\\FatalError(code: 0): Trait \"Spatie\\Translatable\\HasTranslations\" not found at D:\\qixer\\@core\\app\\GalleryCategory.php:9)
[stacktrace]
#0 {main}
"} 
[2025-02-25 13:56:19] local.ERROR: Trait "Spatie\Translatable\HasTranslations" not found {"exception":"[object] (Symfony\\Component\\ErrorHandler\\Error\\FatalError(code: 0): Trait \"Spatie\\Translatable\\HasTranslations\" not found at D:\\qixer\\@core\\app\\GalleryCategory.php:9)
[stacktrace]
#0 {main}
"} 
[2025-02-25 13:57:19] local.ERROR: Trait "Spatie\Translatable\HasTranslations" not found {"exception":"[object] (Symfony\\Component\\ErrorHandler\\Error\\FatalError(code: 0): Trait \"Spatie\\Translatable\\HasTranslations\" not found at D:\\qixer\\@core\\app\\GalleryCategory.php:9)
[stacktrace]
#0 {main}
"} 
[2025-02-25 13:58:19] local.ERROR: Trait "Spatie\Translatable\HasTranslations" not found {"exception":"[object] (Symfony\\Component\\ErrorHandler\\Error\\FatalError(code: 0): Trait \"Spatie\\Translatable\\HasTranslations\" not found at D:\\qixer\\@core\\app\\GalleryCategory.php:9)
[stacktrace]
#0 {main}
"} 
[2025-02-25 13:59:19] local.ERROR: Trait "Spatie\Translatable\HasTranslations" not found {"exception":"[object] (Symfony\\Component\\ErrorHandler\\Error\\FatalError(code: 0): Trait \"Spatie\\Translatable\\HasTranslations\" not found at D:\\qixer\\@core\\app\\GalleryCategory.php:9)
[stacktrace]
#0 {main}
"} 
[2025-02-25 14:00:19] local.ERROR: Trait "Spatie\Translatable\HasTranslations" not found {"exception":"[object] (Symfony\\Component\\ErrorHandler\\Error\\FatalError(code: 0): Trait \"Spatie\\Translatable\\HasTranslations\" not found at D:\\qixer\\@core\\app\\GalleryCategory.php:9)
[stacktrace]
#0 {main}
"} 
[2025-02-25 14:01:19] local.ERROR: Trait "Spatie\Translatable\HasTranslations" not found {"exception":"[object] (Symfony\\Component\\ErrorHandler\\Error\\FatalError(code: 0): Trait \"Spatie\\Translatable\\HasTranslations\" not found at D:\\qixer\\@core\\app\\GalleryCategory.php:9)
[stacktrace]
#0 {main}
"} 
[2025-02-25 14:02:19] local.ERROR: Trait "Spatie\Translatable\HasTranslations" not found {"exception":"[object] (Symfony\\Component\\ErrorHandler\\Error\\FatalError(code: 0): Trait \"Spatie\\Translatable\\HasTranslations\" not found at D:\\qixer\\@core\\app\\GalleryCategory.php:9)
[stacktrace]
#0 {main}
"} 
[2025-02-25 14:03:20] local.ERROR: Trait "Spatie\Translatable\HasTranslations" not found {"exception":"[object] (Symfony\\Component\\ErrorHandler\\Error\\FatalError(code: 0): Trait \"Spatie\\Translatable\\HasTranslations\" not found at D:\\qixer\\@core\\app\\GalleryCategory.php:9)
[stacktrace]
#0 {main}
"} 
[2025-02-25 14:04:20] local.ERROR: Trait "Spatie\Translatable\HasTranslations" not found {"exception":"[object] (Symfony\\Component\\ErrorHandler\\Error\\FatalError(code: 0): Trait \"Spatie\\Translatable\\HasTranslations\" not found at D:\\qixer\\@core\\app\\GalleryCategory.php:9)
[stacktrace]
#0 {main}
"} 
[2025-02-25 14:05:19] local.ERROR: Trait "Spatie\Translatable\HasTranslations" not found {"exception":"[object] (Symfony\\Component\\ErrorHandler\\Error\\FatalError(code: 0): Trait \"Spatie\\Translatable\\HasTranslations\" not found at D:\\qixer\\@core\\app\\GalleryCategory.php:9)
[stacktrace]
#0 {main}
"} 
[2025-02-25 14:06:19] local.ERROR: Trait "Spatie\Translatable\HasTranslations" not found {"exception":"[object] (Symfony\\Component\\ErrorHandler\\Error\\FatalError(code: 0): Trait \"Spatie\\Translatable\\HasTranslations\" not found at D:\\qixer\\@core\\app\\GalleryCategory.php:9)
[stacktrace]
#0 {main}
"} 
[2025-02-25 14:07:19] local.ERROR: Trait "Spatie\Translatable\HasTranslations" not found {"exception":"[object] (Symfony\\Component\\ErrorHandler\\Error\\FatalError(code: 0): Trait \"Spatie\\Translatable\\HasTranslations\" not found at D:\\qixer\\@core\\app\\GalleryCategory.php:9)
[stacktrace]
#0 {main}
"} 
[2025-02-25 14:08:19] local.ERROR: Trait "Spatie\Translatable\HasTranslations" not found {"exception":"[object] (Symfony\\Component\\ErrorHandler\\Error\\FatalError(code: 0): Trait \"Spatie\\Translatable\\HasTranslations\" not found at D:\\qixer\\@core\\app\\GalleryCategory.php:9)
[stacktrace]
#0 {main}
"} 
[2025-02-25 14:09:20] local.ERROR: Trait "Spatie\Translatable\HasTranslations" not found {"exception":"[object] (Symfony\\Component\\ErrorHandler\\Error\\FatalError(code: 0): Trait \"Spatie\\Translatable\\HasTranslations\" not found at D:\\qixer\\@core\\app\\GalleryCategory.php:9)
[stacktrace]
#0 {main}
"} 
[2025-02-25 14:10:20] local.ERROR: Trait "Spatie\Translatable\HasTranslations" not found {"exception":"[object] (Symfony\\Component\\ErrorHandler\\Error\\FatalError(code: 0): Trait \"Spatie\\Translatable\\HasTranslations\" not found at D:\\qixer\\@core\\app\\GalleryCategory.php:9)
[stacktrace]
#0 {main}
"} 
[2025-02-25 14:11:19] local.ERROR: Trait "Spatie\Translatable\HasTranslations" not found {"exception":"[object] (Symfony\\Component\\ErrorHandler\\Error\\FatalError(code: 0): Trait \"Spatie\\Translatable\\HasTranslations\" not found at D:\\qixer\\@core\\app\\GalleryCategory.php:9)
[stacktrace]
#0 {main}
"} 
[2025-02-25 14:12:20] local.ERROR: Trait "Spatie\Translatable\HasTranslations" not found {"exception":"[object] (Symfony\\Component\\ErrorHandler\\Error\\FatalError(code: 0): Trait \"Spatie\\Translatable\\HasTranslations\" not found at D:\\qixer\\@core\\app\\GalleryCategory.php:9)
[stacktrace]
#0 {main}
"} 
[2025-02-25 14:13:19] local.ERROR: Trait "Spatie\Translatable\HasTranslations" not found {"exception":"[object] (Symfony\\Component\\ErrorHandler\\Error\\FatalError(code: 0): Trait \"Spatie\\Translatable\\HasTranslations\" not found at D:\\qixer\\@core\\app\\GalleryCategory.php:9)
[stacktrace]
#0 {main}
"} 
[2025-02-25 14:14:19] local.ERROR: Trait "Spatie\Translatable\HasTranslations" not found {"exception":"[object] (Symfony\\Component\\ErrorHandler\\Error\\FatalError(code: 0): Trait \"Spatie\\Translatable\\HasTranslations\" not found at D:\\qixer\\@core\\app\\GalleryCategory.php:9)
[stacktrace]
#0 {main}
"} 
[2025-02-25 14:15:20] local.ERROR: Trait "Spatie\Translatable\HasTranslations" not found {"exception":"[object] (Symfony\\Component\\ErrorHandler\\Error\\FatalError(code: 0): Trait \"Spatie\\Translatable\\HasTranslations\" not found at D:\\qixer\\@core\\app\\GalleryCategory.php:9)
[stacktrace]
#0 {main}
"} 
[2025-02-25 14:16:20] local.ERROR: Trait "Spatie\Translatable\HasTranslations" not found {"exception":"[object] (Symfony\\Component\\ErrorHandler\\Error\\FatalError(code: 0): Trait \"Spatie\\Translatable\\HasTranslations\" not found at D:\\qixer\\@core\\app\\GalleryCategory.php:9)
[stacktrace]
#0 {main}
"} 
[2025-02-25 14:17:20] local.ERROR: Trait "Spatie\Translatable\HasTranslations" not found {"exception":"[object] (Symfony\\Component\\ErrorHandler\\Error\\FatalError(code: 0): Trait \"Spatie\\Translatable\\HasTranslations\" not found at D:\\qixer\\@core\\app\\GalleryCategory.php:9)
[stacktrace]
#0 {main}
"} 
[2025-02-25 14:18:20] local.ERROR: Trait "Spatie\Translatable\HasTranslations" not found {"exception":"[object] (Symfony\\Component\\ErrorHandler\\Error\\FatalError(code: 0): Trait \"Spatie\\Translatable\\HasTranslations\" not found at D:\\qixer\\@core\\app\\GalleryCategory.php:9)
[stacktrace]
#0 {main}
"} 
[2025-02-25 14:19:20] local.ERROR: Trait "Spatie\Translatable\HasTranslations" not found {"exception":"[object] (Symfony\\Component\\ErrorHandler\\Error\\FatalError(code: 0): Trait \"Spatie\\Translatable\\HasTranslations\" not found at D:\\qixer\\@core\\app\\GalleryCategory.php:9)
[stacktrace]
#0 {main}
"} 
[2025-02-25 14:20:20] local.ERROR: Trait "Spatie\Translatable\HasTranslations" not found {"exception":"[object] (Symfony\\Component\\ErrorHandler\\Error\\FatalError(code: 0): Trait \"Spatie\\Translatable\\HasTranslations\" not found at D:\\qixer\\@core\\app\\GalleryCategory.php:9)
[stacktrace]
#0 {main}
"} 
[2025-02-25 14:21:20] local.ERROR: Trait "Spatie\Translatable\HasTranslations" not found {"exception":"[object] (Symfony\\Component\\ErrorHandler\\Error\\FatalError(code: 0): Trait \"Spatie\\Translatable\\HasTranslations\" not found at D:\\qixer\\@core\\app\\GalleryCategory.php:9)
[stacktrace]
#0 {main}
"} 
[2025-02-25 14:22:20] local.ERROR: Trait "Spatie\Translatable\HasTranslations" not found {"exception":"[object] (Symfony\\Component\\ErrorHandler\\Error\\FatalError(code: 0): Trait \"Spatie\\Translatable\\HasTranslations\" not found at D:\\qixer\\@core\\app\\GalleryCategory.php:9)
[stacktrace]
#0 {main}
"} 
[2025-02-25 14:23:19] local.ERROR: Trait "Spatie\Translatable\HasTranslations" not found {"exception":"[object] (Symfony\\Component\\ErrorHandler\\Error\\FatalError(code: 0): Trait \"Spatie\\Translatable\\HasTranslations\" not found at D:\\qixer\\@core\\app\\GalleryCategory.php:9)
[stacktrace]
#0 {main}
"} 
[2025-02-25 14:24:20] local.ERROR: Trait "Spatie\Translatable\HasTranslations" not found {"exception":"[object] (Symfony\\Component\\ErrorHandler\\Error\\FatalError(code: 0): Trait \"Spatie\\Translatable\\HasTranslations\" not found at D:\\qixer\\@core\\app\\GalleryCategory.php:9)
[stacktrace]
#0 {main}
"} 
[2025-02-25 14:25:20] local.ERROR: Trait "Spatie\Translatable\HasTranslations" not found {"exception":"[object] (Symfony\\Component\\ErrorHandler\\Error\\FatalError(code: 0): Trait \"Spatie\\Translatable\\HasTranslations\" not found at D:\\qixer\\@core\\app\\GalleryCategory.php:9)
[stacktrace]
#0 {main}
"} 
[2025-02-25 14:26:20] local.ERROR: Trait "Spatie\Translatable\HasTranslations" not found {"exception":"[object] (Symfony\\Component\\ErrorHandler\\Error\\FatalError(code: 0): Trait \"Spatie\\Translatable\\HasTranslations\" not found at D:\\qixer\\@core\\app\\GalleryCategory.php:9)
[stacktrace]
#0 {main}
"} 
[2025-02-25 14:27:20] local.ERROR: Trait "Spatie\Translatable\HasTranslations" not found {"exception":"[object] (Symfony\\Component\\ErrorHandler\\Error\\FatalError(code: 0): Trait \"Spatie\\Translatable\\HasTranslations\" not found at D:\\qixer\\@core\\app\\GalleryCategory.php:9)
[stacktrace]
#0 {main}
"} 
[2025-02-25 14:28:20] local.ERROR: Trait "Spatie\Translatable\HasTranslations" not found {"exception":"[object] (Symfony\\Component\\ErrorHandler\\Error\\FatalError(code: 0): Trait \"Spatie\\Translatable\\HasTranslations\" not found at D:\\qixer\\@core\\app\\GalleryCategory.php:9)
[stacktrace]
#0 {main}
"} 
[2025-02-25 14:29:20] local.ERROR: Trait "Spatie\Translatable\HasTranslations" not found {"exception":"[object] (Symfony\\Component\\ErrorHandler\\Error\\FatalError(code: 0): Trait \"Spatie\\Translatable\\HasTranslations\" not found at D:\\qixer\\@core\\app\\GalleryCategory.php:9)
[stacktrace]
#0 {main}
"} 
[2025-02-25 14:30:20] local.ERROR: Trait "Spatie\Translatable\HasTranslations" not found {"exception":"[object] (Symfony\\Component\\ErrorHandler\\Error\\FatalError(code: 0): Trait \"Spatie\\Translatable\\HasTranslations\" not found at D:\\qixer\\@core\\app\\GalleryCategory.php:9)
[stacktrace]
#0 {main}
"} 
[2025-02-25 14:31:20] local.ERROR: Trait "Spatie\Translatable\HasTranslations" not found {"exception":"[object] (Symfony\\Component\\ErrorHandler\\Error\\FatalError(code: 0): Trait \"Spatie\\Translatable\\HasTranslations\" not found at D:\\qixer\\@core\\app\\GalleryCategory.php:9)
[stacktrace]
#0 {main}
"} 
[2025-02-25 14:32:20] local.ERROR: Trait "Spatie\Translatable\HasTranslations" not found {"exception":"[object] (Symfony\\Component\\ErrorHandler\\Error\\FatalError(code: 0): Trait \"Spatie\\Translatable\\HasTranslations\" not found at D:\\qixer\\@core\\app\\GalleryCategory.php:9)
[stacktrace]
#0 {main}
"} 
[2025-02-25 14:33:20] local.ERROR: Trait "Spatie\Translatable\HasTranslations" not found {"exception":"[object] (Symfony\\Component\\ErrorHandler\\Error\\FatalError(code: 0): Trait \"Spatie\\Translatable\\HasTranslations\" not found at D:\\qixer\\@core\\app\\GalleryCategory.php:9)
[stacktrace]
#0 {main}
"} 
[2025-02-25 14:34:20] local.ERROR: Trait "Spatie\Translatable\HasTranslations" not found {"exception":"[object] (Symfony\\Component\\ErrorHandler\\Error\\FatalError(code: 0): Trait \"Spatie\\Translatable\\HasTranslations\" not found at D:\\qixer\\@core\\app\\GalleryCategory.php:9)
[stacktrace]
#0 {main}
"} 
[2025-02-25 14:35:20] local.ERROR: Trait "Spatie\Translatable\HasTranslations" not found {"exception":"[object] (Symfony\\Component\\ErrorHandler\\Error\\FatalError(code: 0): Trait \"Spatie\\Translatable\\HasTranslations\" not found at D:\\qixer\\@core\\app\\GalleryCategory.php:9)
[stacktrace]
#0 {main}
"} 
[2025-02-25 14:36:20] local.ERROR: Trait "Spatie\Translatable\HasTranslations" not found {"exception":"[object] (Symfony\\Component\\ErrorHandler\\Error\\FatalError(code: 0): Trait \"Spatie\\Translatable\\HasTranslations\" not found at D:\\qixer\\@core\\app\\GalleryCategory.php:9)
[stacktrace]
#0 {main}
"} 
[2025-02-25 14:37:20] local.ERROR: Trait "Spatie\Translatable\HasTranslations" not found {"exception":"[object] (Symfony\\Component\\ErrorHandler\\Error\\FatalError(code: 0): Trait \"Spatie\\Translatable\\HasTranslations\" not found at D:\\qixer\\@core\\app\\GalleryCategory.php:9)
[stacktrace]
#0 {main}
"} 
[2025-02-25 14:38:20] local.ERROR: Trait "Spatie\Translatable\HasTranslations" not found {"exception":"[object] (Symfony\\Component\\ErrorHandler\\Error\\FatalError(code: 0): Trait \"Spatie\\Translatable\\HasTranslations\" not found at D:\\qixer\\@core\\app\\GalleryCategory.php:9)
[stacktrace]
#0 {main}
"} 
[2025-02-25 14:39:20] local.ERROR: Trait "Spatie\Translatable\HasTranslations" not found {"exception":"[object] (Symfony\\Component\\ErrorHandler\\Error\\FatalError(code: 0): Trait \"Spatie\\Translatable\\HasTranslations\" not found at D:\\qixer\\@core\\app\\GalleryCategory.php:9)
[stacktrace]
#0 {main}
"} 
[2025-02-25 14:40:20] local.ERROR: Trait "Spatie\Translatable\HasTranslations" not found {"exception":"[object] (Symfony\\Component\\ErrorHandler\\Error\\FatalError(code: 0): Trait \"Spatie\\Translatable\\HasTranslations\" not found at D:\\qixer\\@core\\app\\GalleryCategory.php:9)
[stacktrace]
#0 {main}
"} 
[2025-02-25 14:41:20] local.ERROR: Trait "Spatie\Translatable\HasTranslations" not found {"exception":"[object] (Symfony\\Component\\ErrorHandler\\Error\\FatalError(code: 0): Trait \"Spatie\\Translatable\\HasTranslations\" not found at D:\\qixer\\@core\\app\\GalleryCategory.php:9)
[stacktrace]
#0 {main}
"} 
[2025-02-25 14:42:20] local.ERROR: Trait "Spatie\Translatable\HasTranslations" not found {"exception":"[object] (Symfony\\Component\\ErrorHandler\\Error\\FatalError(code: 0): Trait \"Spatie\\Translatable\\HasTranslations\" not found at D:\\qixer\\@core\\app\\GalleryCategory.php:9)
[stacktrace]
#0 {main}
"} 
[2025-02-25 14:43:20] local.ERROR: Trait "Spatie\Translatable\HasTranslations" not found {"exception":"[object] (Symfony\\Component\\ErrorHandler\\Error\\FatalError(code: 0): Trait \"Spatie\\Translatable\\HasTranslations\" not found at D:\\qixer\\@core\\app\\GalleryCategory.php:9)
[stacktrace]
#0 {main}
"} 
[2025-02-25 14:44:20] local.ERROR: Trait "Spatie\Translatable\HasTranslations" not found {"exception":"[object] (Symfony\\Component\\ErrorHandler\\Error\\FatalError(code: 0): Trait \"Spatie\\Translatable\\HasTranslations\" not found at D:\\qixer\\@core\\app\\GalleryCategory.php:9)
[stacktrace]
#0 {main}
"} 
[2025-02-25 14:45:20] local.ERROR: Trait "Spatie\Translatable\HasTranslations" not found {"exception":"[object] (Symfony\\Component\\ErrorHandler\\Error\\FatalError(code: 0): Trait \"Spatie\\Translatable\\HasTranslations\" not found at D:\\qixer\\@core\\app\\GalleryCategory.php:9)
[stacktrace]
#0 {main}
"} 
[2025-02-25 14:46:20] local.ERROR: Trait "Spatie\Translatable\HasTranslations" not found {"exception":"[object] (Symfony\\Component\\ErrorHandler\\Error\\FatalError(code: 0): Trait \"Spatie\\Translatable\\HasTranslations\" not found at D:\\qixer\\@core\\app\\GalleryCategory.php:9)
[stacktrace]
#0 {main}
"} 
[2025-02-25 14:47:20] local.ERROR: Trait "Spatie\Translatable\HasTranslations" not found {"exception":"[object] (Symfony\\Component\\ErrorHandler\\Error\\FatalError(code: 0): Trait \"Spatie\\Translatable\\HasTranslations\" not found at D:\\qixer\\@core\\app\\GalleryCategory.php:9)
[stacktrace]
#0 {main}
"} 
[2025-02-25 14:48:20] local.ERROR: Trait "Spatie\Translatable\HasTranslations" not found {"exception":"[object] (Symfony\\Component\\ErrorHandler\\Error\\FatalError(code: 0): Trait \"Spatie\\Translatable\\HasTranslations\" not found at D:\\qixer\\@core\\app\\GalleryCategory.php:9)
[stacktrace]
#0 {main}
"} 
[2025-02-25 14:49:20] local.ERROR: Trait "Spatie\Translatable\HasTranslations" not found {"exception":"[object] (Symfony\\Component\\ErrorHandler\\Error\\FatalError(code: 0): Trait \"Spatie\\Translatable\\HasTranslations\" not found at D:\\qixer\\@core\\app\\GalleryCategory.php:9)
[stacktrace]
#0 {main}
"} 
[2025-02-25 14:50:20] local.ERROR: Trait "Spatie\Translatable\HasTranslations" not found {"exception":"[object] (Symfony\\Component\\ErrorHandler\\Error\\FatalError(code: 0): Trait \"Spatie\\Translatable\\HasTranslations\" not found at D:\\qixer\\@core\\app\\GalleryCategory.php:9)
[stacktrace]
#0 {main}
"} 
[2025-02-25 14:51:20] local.ERROR: Trait "Spatie\Translatable\HasTranslations" not found {"exception":"[object] (Symfony\\Component\\ErrorHandler\\Error\\FatalError(code: 0): Trait \"Spatie\\Translatable\\HasTranslations\" not found at D:\\qixer\\@core\\app\\GalleryCategory.php:9)
[stacktrace]
#0 {main}
"} 
[2025-02-25 14:52:20] local.ERROR: Trait "Spatie\Translatable\HasTranslations" not found {"exception":"[object] (Symfony\\Component\\ErrorHandler\\Error\\FatalError(code: 0): Trait \"Spatie\\Translatable\\HasTranslations\" not found at D:\\qixer\\@core\\app\\GalleryCategory.php:9)
[stacktrace]
#0 {main}
"} 
[2025-02-25 14:53:20] local.ERROR: Trait "Spatie\Translatable\HasTranslations" not found {"exception":"[object] (Symfony\\Component\\ErrorHandler\\Error\\FatalError(code: 0): Trait \"Spatie\\Translatable\\HasTranslations\" not found at D:\\qixer\\@core\\app\\GalleryCategory.php:9)
[stacktrace]
#0 {main}
"} 
[2025-02-25 14:54:20] local.ERROR: Trait "Spatie\Translatable\HasTranslations" not found {"exception":"[object] (Symfony\\Component\\ErrorHandler\\Error\\FatalError(code: 0): Trait \"Spatie\\Translatable\\HasTranslations\" not found at D:\\qixer\\@core\\app\\GalleryCategory.php:9)
[stacktrace]
#0 {main}
"} 
[2025-02-25 14:55:20] local.ERROR: Trait "Spatie\Translatable\HasTranslations" not found {"exception":"[object] (Symfony\\Component\\ErrorHandler\\Error\\FatalError(code: 0): Trait \"Spatie\\Translatable\\HasTranslations\" not found at D:\\qixer\\@core\\app\\GalleryCategory.php:9)
[stacktrace]
#0 {main}
"} 
[2025-02-25 14:56:20] local.ERROR: Trait "Spatie\Translatable\HasTranslations" not found {"exception":"[object] (Symfony\\Component\\ErrorHandler\\Error\\FatalError(code: 0): Trait \"Spatie\\Translatable\\HasTranslations\" not found at D:\\qixer\\@core\\app\\GalleryCategory.php:9)
[stacktrace]
#0 {main}
"} 
[2025-02-25 14:57:20] local.ERROR: Trait "Spatie\Translatable\HasTranslations" not found {"exception":"[object] (Symfony\\Component\\ErrorHandler\\Error\\FatalError(code: 0): Trait \"Spatie\\Translatable\\HasTranslations\" not found at D:\\qixer\\@core\\app\\GalleryCategory.php:9)
[stacktrace]
#0 {main}
"} 
[2025-02-25 14:58:20] local.ERROR: Trait "Spatie\Translatable\HasTranslations" not found {"exception":"[object] (Symfony\\Component\\ErrorHandler\\Error\\FatalError(code: 0): Trait \"Spatie\\Translatable\\HasTranslations\" not found at D:\\qixer\\@core\\app\\GalleryCategory.php:9)
[stacktrace]
#0 {main}
"} 
[2025-02-25 14:59:20] local.ERROR: Trait "Spatie\Translatable\HasTranslations" not found {"exception":"[object] (Symfony\\Component\\ErrorHandler\\Error\\FatalError(code: 0): Trait \"Spatie\\Translatable\\HasTranslations\" not found at D:\\qixer\\@core\\app\\GalleryCategory.php:9)
[stacktrace]
#0 {main}
"} 
[2025-02-25 15:00:20] local.ERROR: Trait "Spatie\Translatable\HasTranslations" not found {"exception":"[object] (Symfony\\Component\\ErrorHandler\\Error\\FatalError(code: 0): Trait \"Spatie\\Translatable\\HasTranslations\" not found at D:\\qixer\\@core\\app\\GalleryCategory.php:9)
[stacktrace]
#0 {main}
"} 
[2025-02-25 15:01:20] local.ERROR: Trait "Spatie\Translatable\HasTranslations" not found {"exception":"[object] (Symfony\\Component\\ErrorHandler\\Error\\FatalError(code: 0): Trait \"Spatie\\Translatable\\HasTranslations\" not found at D:\\qixer\\@core\\app\\GalleryCategory.php:9)
[stacktrace]
#0 {main}
"} 
[2025-02-25 15:02:20] local.ERROR: Trait "Spatie\Translatable\HasTranslations" not found {"exception":"[object] (Symfony\\Component\\ErrorHandler\\Error\\FatalError(code: 0): Trait \"Spatie\\Translatable\\HasTranslations\" not found at D:\\qixer\\@core\\app\\GalleryCategory.php:9)
[stacktrace]
#0 {main}
"} 
[2025-02-25 15:03:20] local.ERROR: Trait "Spatie\Translatable\HasTranslations" not found {"exception":"[object] (Symfony\\Component\\ErrorHandler\\Error\\FatalError(code: 0): Trait \"Spatie\\Translatable\\HasTranslations\" not found at D:\\qixer\\@core\\app\\GalleryCategory.php:9)
[stacktrace]
#0 {main}
"} 
[2025-02-25 15:04:20] local.ERROR: Trait "Spatie\Translatable\HasTranslations" not found {"exception":"[object] (Symfony\\Component\\ErrorHandler\\Error\\FatalError(code: 0): Trait \"Spatie\\Translatable\\HasTranslations\" not found at D:\\qixer\\@core\\app\\GalleryCategory.php:9)
[stacktrace]
#0 {main}
"} 
[2025-02-25 15:05:20] local.ERROR: Trait "Spatie\Translatable\HasTranslations" not found {"exception":"[object] (Symfony\\Component\\ErrorHandler\\Error\\FatalError(code: 0): Trait \"Spatie\\Translatable\\HasTranslations\" not found at D:\\qixer\\@core\\app\\GalleryCategory.php:9)
[stacktrace]
#0 {main}
"} 
[2025-02-25 15:06:20] local.ERROR: Trait "Spatie\Translatable\HasTranslations" not found {"exception":"[object] (Symfony\\Component\\ErrorHandler\\Error\\FatalError(code: 0): Trait \"Spatie\\Translatable\\HasTranslations\" not found at D:\\qixer\\@core\\app\\GalleryCategory.php:9)
[stacktrace]
#0 {main}
"} 
[2025-02-25 15:07:20] local.ERROR: Trait "Spatie\Translatable\HasTranslations" not found {"exception":"[object] (Symfony\\Component\\ErrorHandler\\Error\\FatalError(code: 0): Trait \"Spatie\\Translatable\\HasTranslations\" not found at D:\\qixer\\@core\\app\\GalleryCategory.php:9)
[stacktrace]
#0 {main}
"} 
[2025-02-25 15:08:20] local.ERROR: Trait "Spatie\Translatable\HasTranslations" not found {"exception":"[object] (Symfony\\Component\\ErrorHandler\\Error\\FatalError(code: 0): Trait \"Spatie\\Translatable\\HasTranslations\" not found at D:\\qixer\\@core\\app\\GalleryCategory.php:9)
[stacktrace]
#0 {main}
"} 
[2025-02-25 15:09:20] local.ERROR: Trait "Spatie\Translatable\HasTranslations" not found {"exception":"[object] (Symfony\\Component\\ErrorHandler\\Error\\FatalError(code: 0): Trait \"Spatie\\Translatable\\HasTranslations\" not found at D:\\qixer\\@core\\app\\GalleryCategory.php:9)
[stacktrace]
#0 {main}
"} 
[2025-02-25 15:10:20] local.ERROR: Trait "Spatie\Translatable\HasTranslations" not found {"exception":"[object] (Symfony\\Component\\ErrorHandler\\Error\\FatalError(code: 0): Trait \"Spatie\\Translatable\\HasTranslations\" not found at D:\\qixer\\@core\\app\\GalleryCategory.php:9)
[stacktrace]
#0 {main}
"} 
[2025-02-25 15:11:20] local.ERROR: Trait "Spatie\Translatable\HasTranslations" not found {"exception":"[object] (Symfony\\Component\\ErrorHandler\\Error\\FatalError(code: 0): Trait \"Spatie\\Translatable\\HasTranslations\" not found at D:\\qixer\\@core\\app\\GalleryCategory.php:9)
[stacktrace]
#0 {main}
"} 
[2025-02-25 15:12:20] local.ERROR: Trait "Spatie\Translatable\HasTranslations" not found {"exception":"[object] (Symfony\\Component\\ErrorHandler\\Error\\FatalError(code: 0): Trait \"Spatie\\Translatable\\HasTranslations\" not found at D:\\qixer\\@core\\app\\GalleryCategory.php:9)
[stacktrace]
#0 {main}
"} 
[2025-02-25 15:13:20] local.ERROR: Trait "Spatie\Translatable\HasTranslations" not found {"exception":"[object] (Symfony\\Component\\ErrorHandler\\Error\\FatalError(code: 0): Trait \"Spatie\\Translatable\\HasTranslations\" not found at D:\\qixer\\@core\\app\\GalleryCategory.php:9)
[stacktrace]
#0 {main}
"} 
[2025-02-25 15:14:20] local.ERROR: Trait "Spatie\Translatable\HasTranslations" not found {"exception":"[object] (Symfony\\Component\\ErrorHandler\\Error\\FatalError(code: 0): Trait \"Spatie\\Translatable\\HasTranslations\" not found at D:\\qixer\\@core\\app\\GalleryCategory.php:9)
[stacktrace]
#0 {main}
"} 
[2025-02-25 15:15:20] local.ERROR: Trait "Spatie\Translatable\HasTranslations" not found {"exception":"[object] (Symfony\\Component\\ErrorHandler\\Error\\FatalError(code: 0): Trait \"Spatie\\Translatable\\HasTranslations\" not found at D:\\qixer\\@core\\app\\GalleryCategory.php:9)
[stacktrace]
#0 {main}
"} 
[2025-02-25 15:16:20] local.ERROR: Trait "Spatie\Translatable\HasTranslations" not found {"exception":"[object] (Symfony\\Component\\ErrorHandler\\Error\\FatalError(code: 0): Trait \"Spatie\\Translatable\\HasTranslations\" not found at D:\\qixer\\@core\\app\\GalleryCategory.php:9)
[stacktrace]
#0 {main}
"} 
[2025-02-25 15:17:20] local.ERROR: Trait "Spatie\Translatable\HasTranslations" not found {"exception":"[object] (Symfony\\Component\\ErrorHandler\\Error\\FatalError(code: 0): Trait \"Spatie\\Translatable\\HasTranslations\" not found at D:\\qixer\\@core\\app\\GalleryCategory.php:9)
[stacktrace]
#0 {main}
"} 
[2025-02-25 15:18:20] local.ERROR: Trait "Spatie\Translatable\HasTranslations" not found {"exception":"[object] (Symfony\\Component\\ErrorHandler\\Error\\FatalError(code: 0): Trait \"Spatie\\Translatable\\HasTranslations\" not found at D:\\qixer\\@core\\app\\GalleryCategory.php:9)
[stacktrace]
#0 {main}
"} 
[2025-02-25 15:19:20] local.ERROR: Trait "Spatie\Translatable\HasTranslations" not found {"exception":"[object] (Symfony\\Component\\ErrorHandler\\Error\\FatalError(code: 0): Trait \"Spatie\\Translatable\\HasTranslations\" not found at D:\\qixer\\@core\\app\\GalleryCategory.php:9)
[stacktrace]
#0 {main}
"} 
[2025-02-25 15:20:20] local.ERROR: Trait "Spatie\Translatable\HasTranslations" not found {"exception":"[object] (Symfony\\Component\\ErrorHandler\\Error\\FatalError(code: 0): Trait \"Spatie\\Translatable\\HasTranslations\" not found at D:\\qixer\\@core\\app\\GalleryCategory.php:9)
[stacktrace]
#0 {main}
"} 
[2025-02-25 15:21:20] local.ERROR: Trait "Spatie\Translatable\HasTranslations" not found {"exception":"[object] (Symfony\\Component\\ErrorHandler\\Error\\FatalError(code: 0): Trait \"Spatie\\Translatable\\HasTranslations\" not found at D:\\qixer\\@core\\app\\GalleryCategory.php:9)
[stacktrace]
#0 {main}
"} 
[2025-02-25 15:22:20] local.ERROR: Trait "Spatie\Translatable\HasTranslations" not found {"exception":"[object] (Symfony\\Component\\ErrorHandler\\Error\\FatalError(code: 0): Trait \"Spatie\\Translatable\\HasTranslations\" not found at D:\\qixer\\@core\\app\\GalleryCategory.php:9)
[stacktrace]
#0 {main}
"} 
[2025-02-25 15:23:20] local.ERROR: Trait "Spatie\Translatable\HasTranslations" not found {"exception":"[object] (Symfony\\Component\\ErrorHandler\\Error\\FatalError(code: 0): Trait \"Spatie\\Translatable\\HasTranslations\" not found at D:\\qixer\\@core\\app\\GalleryCategory.php:9)
[stacktrace]
#0 {main}
"} 
[2025-02-25 15:24:20] local.ERROR: Trait "Spatie\Translatable\HasTranslations" not found {"exception":"[object] (Symfony\\Component\\ErrorHandler\\Error\\FatalError(code: 0): Trait \"Spatie\\Translatable\\HasTranslations\" not found at D:\\qixer\\@core\\app\\GalleryCategory.php:9)
[stacktrace]
#0 {main}
"} 
[2025-02-25 15:25:20] local.ERROR: Trait "Spatie\Translatable\HasTranslations" not found {"exception":"[object] (Symfony\\Component\\ErrorHandler\\Error\\FatalError(code: 0): Trait \"Spatie\\Translatable\\HasTranslations\" not found at D:\\qixer\\@core\\app\\GalleryCategory.php:9)
[stacktrace]
#0 {main}
"} 
[2025-02-25 15:26:20] local.ERROR: Trait "Spatie\Translatable\HasTranslations" not found {"exception":"[object] (Symfony\\Component\\ErrorHandler\\Error\\FatalError(code: 0): Trait \"Spatie\\Translatable\\HasTranslations\" not found at D:\\qixer\\@core\\app\\GalleryCategory.php:9)
[stacktrace]
#0 {main}
"} 
[2025-02-25 15:27:20] local.ERROR: Trait "Spatie\Translatable\HasTranslations" not found {"exception":"[object] (Symfony\\Component\\ErrorHandler\\Error\\FatalError(code: 0): Trait \"Spatie\\Translatable\\HasTranslations\" not found at D:\\qixer\\@core\\app\\GalleryCategory.php:9)
[stacktrace]
#0 {main}
"} 
[2025-02-25 15:28:20] local.ERROR: Trait "Spatie\Translatable\HasTranslations" not found {"exception":"[object] (Symfony\\Component\\ErrorHandler\\Error\\FatalError(code: 0): Trait \"Spatie\\Translatable\\HasTranslations\" not found at D:\\qixer\\@core\\app\\GalleryCategory.php:9)
[stacktrace]
#0 {main}
"} 
[2025-02-25 15:29:20] local.ERROR: Trait "Spatie\Translatable\HasTranslations" not found {"exception":"[object] (Symfony\\Component\\ErrorHandler\\Error\\FatalError(code: 0): Trait \"Spatie\\Translatable\\HasTranslations\" not found at D:\\qixer\\@core\\app\\GalleryCategory.php:9)
[stacktrace]
#0 {main}
"} 
[2025-02-25 15:30:20] local.ERROR: Trait "Spatie\Translatable\HasTranslations" not found {"exception":"[object] (Symfony\\Component\\ErrorHandler\\Error\\FatalError(code: 0): Trait \"Spatie\\Translatable\\HasTranslations\" not found at D:\\qixer\\@core\\app\\GalleryCategory.php:9)
[stacktrace]
#0 {main}
"} 
[2025-02-25 15:31:20] local.ERROR: Trait "Spatie\Translatable\HasTranslations" not found {"exception":"[object] (Symfony\\Component\\ErrorHandler\\Error\\FatalError(code: 0): Trait \"Spatie\\Translatable\\HasTranslations\" not found at D:\\qixer\\@core\\app\\GalleryCategory.php:9)
[stacktrace]
#0 {main}
"} 
[2025-02-25 15:32:20] local.ERROR: Trait "Spatie\Translatable\HasTranslations" not found {"exception":"[object] (Symfony\\Component\\ErrorHandler\\Error\\FatalError(code: 0): Trait \"Spatie\\Translatable\\HasTranslations\" not found at D:\\qixer\\@core\\app\\GalleryCategory.php:9)
[stacktrace]
#0 {main}
"} 
[2025-02-25 15:33:20] local.ERROR: Trait "Spatie\Translatable\HasTranslations" not found {"exception":"[object] (Symfony\\Component\\ErrorHandler\\Error\\FatalError(code: 0): Trait \"Spatie\\Translatable\\HasTranslations\" not found at D:\\qixer\\@core\\app\\GalleryCategory.php:9)
[stacktrace]
#0 {main}
"} 
[2025-02-25 15:34:20] local.ERROR: Trait "Spatie\Translatable\HasTranslations" not found {"exception":"[object] (Symfony\\Component\\ErrorHandler\\Error\\FatalError(code: 0): Trait \"Spatie\\Translatable\\HasTranslations\" not found at D:\\qixer\\@core\\app\\GalleryCategory.php:9)
[stacktrace]
#0 {main}
"} 
[2025-02-25 15:35:20] local.ERROR: Trait "Spatie\Translatable\HasTranslations" not found {"exception":"[object] (Symfony\\Component\\ErrorHandler\\Error\\FatalError(code: 0): Trait \"Spatie\\Translatable\\HasTranslations\" not found at D:\\qixer\\@core\\app\\GalleryCategory.php:9)
[stacktrace]
#0 {main}
"} 
[2025-02-25 15:36:20] local.ERROR: Trait "Spatie\Translatable\HasTranslations" not found {"exception":"[object] (Symfony\\Component\\ErrorHandler\\Error\\FatalError(code: 0): Trait \"Spatie\\Translatable\\HasTranslations\" not found at D:\\qixer\\@core\\app\\GalleryCategory.php:9)
[stacktrace]
#0 {main}
"} 
[2025-02-25 15:37:21] local.ERROR: Trait "Spatie\Translatable\HasTranslations" not found {"exception":"[object] (Symfony\\Component\\ErrorHandler\\Error\\FatalError(code: 0): Trait \"Spatie\\Translatable\\HasTranslations\" not found at D:\\qixer\\@core\\app\\GalleryCategory.php:9)
[stacktrace]
#0 {main}
"} 
[2025-02-25 15:38:21] local.ERROR: Trait "Spatie\Translatable\HasTranslations" not found {"exception":"[object] (Symfony\\Component\\ErrorHandler\\Error\\FatalError(code: 0): Trait \"Spatie\\Translatable\\HasTranslations\" not found at D:\\qixer\\@core\\app\\GalleryCategory.php:9)
[stacktrace]
#0 {main}
"} 
[2025-02-25 15:39:21] local.ERROR: Trait "Spatie\Translatable\HasTranslations" not found {"exception":"[object] (Symfony\\Component\\ErrorHandler\\Error\\FatalError(code: 0): Trait \"Spatie\\Translatable\\HasTranslations\" not found at D:\\qixer\\@core\\app\\GalleryCategory.php:9)
[stacktrace]
#0 {main}
"} 
[2025-02-25 15:41:17] local.ERROR: Trait "Spatie\Translatable\HasTranslations" not found {"exception":"[object] (Symfony\\Component\\ErrorHandler\\Error\\FatalError(code: 0): Trait \"Spatie\\Translatable\\HasTranslations\" not found at D:\\qixer\\@core\\app\\GalleryCategory.php:9)
[stacktrace]
#0 {main}
"} 
[2025-02-25 15:41:17] local.ERROR: Trait "Spatie\Translatable\HasTranslations" not found {"exception":"[object] (Symfony\\Component\\ErrorHandler\\Error\\FatalError(code: 0): Trait \"Spatie\\Translatable\\HasTranslations\" not found at D:\\qixer\\@core\\app\\GalleryCategory.php:9)
[stacktrace]
#0 {main}
"} 
[2025-02-25 15:41:45] local.ERROR: Trait "Spatie\Translatable\HasTranslations" not found {"exception":"[object] (Symfony\\Component\\ErrorHandler\\Error\\FatalError(code: 0): Trait \"Spatie\\Translatable\\HasTranslations\" not found at D:\\qixer\\@core\\app\\GalleryCategory.php:9)
[stacktrace]
#0 {main}
"} 
[2025-02-25 15:42:44] local.ERROR: Trait "Spatie\Translatable\HasTranslations" not found {"exception":"[object] (Symfony\\Component\\ErrorHandler\\Error\\FatalError(code: 0): Trait \"Spatie\\Translatable\\HasTranslations\" not found at D:\\qixer\\@core\\app\\GalleryCategory.php:9)
[stacktrace]
#0 {main}
"} 
[2025-02-25 15:43:44] local.ERROR: Trait "Spatie\Translatable\HasTranslations" not found {"exception":"[object] (Symfony\\Component\\ErrorHandler\\Error\\FatalError(code: 0): Trait \"Spatie\\Translatable\\HasTranslations\" not found at D:\\qixer\\@core\\app\\GalleryCategory.php:9)
[stacktrace]
#0 {main}
"} 
[2025-02-25 15:44:44] local.ERROR: Trait "Spatie\Translatable\HasTranslations" not found {"exception":"[object] (Symfony\\Component\\ErrorHandler\\Error\\FatalError(code: 0): Trait \"Spatie\\Translatable\\HasTranslations\" not found at D:\\qixer\\@core\\app\\GalleryCategory.php:9)
[stacktrace]
#0 {main}
"} 
[2025-02-25 17:31:31] local.ERROR: Trait "Spatie\Translatable\HasTranslations" not found {"exception":"[object] (Symfony\\Component\\ErrorHandler\\Error\\FatalError(code: 0): Trait \"Spatie\\Translatable\\HasTranslations\" not found at D:\\qixer\\@core\\app\\GalleryCategory.php:9)
[stacktrace]
#0 {main}
"} 
[2025-02-25 17:32:20] local.ERROR: Trait "Spatie\Translatable\HasTranslations" not found {"exception":"[object] (Symfony\\Component\\ErrorHandler\\Error\\FatalError(code: 0): Trait \"Spatie\\Translatable\\HasTranslations\" not found at D:\\qixer\\@core\\app\\GalleryCategory.php:9)
[stacktrace]
#0 {main}
"} 
[2025-02-25 17:33:20] local.ERROR: Trait "Spatie\Translatable\HasTranslations" not found {"exception":"[object] (Symfony\\Component\\ErrorHandler\\Error\\FatalError(code: 0): Trait \"Spatie\\Translatable\\HasTranslations\" not found at D:\\qixer\\@core\\app\\GalleryCategory.php:9)
[stacktrace]
#0 {main}
"} 
[2025-02-25 17:34:20] local.ERROR: Trait "Spatie\Translatable\HasTranslations" not found {"exception":"[object] (Symfony\\Component\\ErrorHandler\\Error\\FatalError(code: 0): Trait \"Spatie\\Translatable\\HasTranslations\" not found at D:\\qixer\\@core\\app\\GalleryCategory.php:9)
[stacktrace]
#0 {main}
"} 
[2025-02-25 17:35:20] local.ERROR: Trait "Spatie\Translatable\HasTranslations" not found {"exception":"[object] (Symfony\\Component\\ErrorHandler\\Error\\FatalError(code: 0): Trait \"Spatie\\Translatable\\HasTranslations\" not found at D:\\qixer\\@core\\app\\GalleryCategory.php:9)
[stacktrace]
#0 {main}
"} 
[2025-02-25 17:36:20] local.ERROR: Trait "Spatie\Translatable\HasTranslations" not found {"exception":"[object] (Symfony\\Component\\ErrorHandler\\Error\\FatalError(code: 0): Trait \"Spatie\\Translatable\\HasTranslations\" not found at D:\\qixer\\@core\\app\\GalleryCategory.php:9)
[stacktrace]
#0 {main}
"} 
[2025-02-25 17:37:20] local.ERROR: Trait "Spatie\Translatable\HasTranslations" not found {"exception":"[object] (Symfony\\Component\\ErrorHandler\\Error\\FatalError(code: 0): Trait \"Spatie\\Translatable\\HasTranslations\" not found at D:\\qixer\\@core\\app\\GalleryCategory.php:9)
[stacktrace]
#0 {main}
"} 
[2025-02-25 17:38:20] local.ERROR: Trait "Spatie\Translatable\HasTranslations" not found {"exception":"[object] (Symfony\\Component\\ErrorHandler\\Error\\FatalError(code: 0): Trait \"Spatie\\Translatable\\HasTranslations\" not found at D:\\qixer\\@core\\app\\GalleryCategory.php:9)
[stacktrace]
#0 {main}
"} 
[2025-02-25 17:39:20] local.ERROR: Trait "Spatie\Translatable\HasTranslations" not found {"exception":"[object] (Symfony\\Component\\ErrorHandler\\Error\\FatalError(code: 0): Trait \"Spatie\\Translatable\\HasTranslations\" not found at D:\\qixer\\@core\\app\\GalleryCategory.php:9)
[stacktrace]
#0 {main}
"} 
[2025-02-25 17:40:20] local.ERROR: Trait "Spatie\Translatable\HasTranslations" not found {"exception":"[object] (Symfony\\Component\\ErrorHandler\\Error\\FatalError(code: 0): Trait \"Spatie\\Translatable\\HasTranslations\" not found at D:\\qixer\\@core\\app\\GalleryCategory.php:9)
[stacktrace]
#0 {main}
"} 
[2025-02-25 17:41:20] local.ERROR: Trait "Spatie\Translatable\HasTranslations" not found {"exception":"[object] (Symfony\\Component\\ErrorHandler\\Error\\FatalError(code: 0): Trait \"Spatie\\Translatable\\HasTranslations\" not found at D:\\qixer\\@core\\app\\GalleryCategory.php:9)
[stacktrace]
#0 {main}
"} 
[2025-02-25 17:42:20] local.ERROR: Trait "Spatie\Translatable\HasTranslations" not found {"exception":"[object] (Symfony\\Component\\ErrorHandler\\Error\\FatalError(code: 0): Trait \"Spatie\\Translatable\\HasTranslations\" not found at D:\\qixer\\@core\\app\\GalleryCategory.php:9)
[stacktrace]
#0 {main}
"} 
[2025-02-25 17:43:20] local.ERROR: Trait "Spatie\Translatable\HasTranslations" not found {"exception":"[object] (Symfony\\Component\\ErrorHandler\\Error\\FatalError(code: 0): Trait \"Spatie\\Translatable\\HasTranslations\" not found at D:\\qixer\\@core\\app\\GalleryCategory.php:9)
[stacktrace]
#0 {main}
"} 
[2025-02-25 17:44:40] local.ERROR: Trait "Spatie\Translatable\HasTranslations" not found {"exception":"[object] (Symfony\\Component\\ErrorHandler\\Error\\FatalError(code: 0): Trait \"Spatie\\Translatable\\HasTranslations\" not found at D:\\qixer\\@core\\app\\GalleryCategory.php:9)
[stacktrace]
#0 {main}
"} 
[2025-02-25 17:45:20] local.ERROR: Trait "Spatie\Translatable\HasTranslations" not found {"exception":"[object] (Symfony\\Component\\ErrorHandler\\Error\\FatalError(code: 0): Trait \"Spatie\\Translatable\\HasTranslations\" not found at D:\\qixer\\@core\\app\\GalleryCategory.php:9)
[stacktrace]
#0 {main}
"} 
[2025-02-25 17:46:20] local.ERROR: Trait "Spatie\Translatable\HasTranslations" not found {"exception":"[object] (Symfony\\Component\\ErrorHandler\\Error\\FatalError(code: 0): Trait \"Spatie\\Translatable\\HasTranslations\" not found at D:\\qixer\\@core\\app\\GalleryCategory.php:9)
[stacktrace]
#0 {main}
"} 
[2025-02-25 17:47:20] local.ERROR: Trait "Spatie\Translatable\HasTranslations" not found {"exception":"[object] (Symfony\\Component\\ErrorHandler\\Error\\FatalError(code: 0): Trait \"Spatie\\Translatable\\HasTranslations\" not found at D:\\qixer\\@core\\app\\GalleryCategory.php:9)
[stacktrace]
#0 {main}
"} 
[2025-02-25 17:48:20] local.ERROR: Trait "Spatie\Translatable\HasTranslations" not found {"exception":"[object] (Symfony\\Component\\ErrorHandler\\Error\\FatalError(code: 0): Trait \"Spatie\\Translatable\\HasTranslations\" not found at D:\\qixer\\@core\\app\\GalleryCategory.php:9)
[stacktrace]
#0 {main}
"} 
[2025-02-25 17:49:20] local.ERROR: Trait "Spatie\Translatable\HasTranslations" not found {"exception":"[object] (Symfony\\Component\\ErrorHandler\\Error\\FatalError(code: 0): Trait \"Spatie\\Translatable\\HasTranslations\" not found at D:\\qixer\\@core\\app\\GalleryCategory.php:9)
[stacktrace]
#0 {main}
"} 
[2025-02-25 17:50:20] local.ERROR: Trait "Spatie\Translatable\HasTranslations" not found {"exception":"[object] (Symfony\\Component\\ErrorHandler\\Error\\FatalError(code: 0): Trait \"Spatie\\Translatable\\HasTranslations\" not found at D:\\qixer\\@core\\app\\GalleryCategory.php:9)
[stacktrace]
#0 {main}
"} 
[2025-02-25 17:51:21] local.ERROR: Trait "Spatie\Translatable\HasTranslations" not found {"exception":"[object] (Symfony\\Component\\ErrorHandler\\Error\\FatalError(code: 0): Trait \"Spatie\\Translatable\\HasTranslations\" not found at D:\\qixer\\@core\\app\\GalleryCategory.php:9)
[stacktrace]
#0 {main}
"} 
[2025-02-25 17:52:20] local.ERROR: Trait "Spatie\Translatable\HasTranslations" not found {"exception":"[object] (Symfony\\Component\\ErrorHandler\\Error\\FatalError(code: 0): Trait \"Spatie\\Translatable\\HasTranslations\" not found at D:\\qixer\\@core\\app\\GalleryCategory.php:9)
[stacktrace]
#0 {main}
"} 
[2025-02-25 17:53:20] local.ERROR: Trait "Spatie\Translatable\HasTranslations" not found {"exception":"[object] (Symfony\\Component\\ErrorHandler\\Error\\FatalError(code: 0): Trait \"Spatie\\Translatable\\HasTranslations\" not found at D:\\qixer\\@core\\app\\GalleryCategory.php:9)
[stacktrace]
#0 {main}
"} 
[2025-02-25 17:54:20] local.ERROR: Trait "Spatie\Translatable\HasTranslations" not found {"exception":"[object] (Symfony\\Component\\ErrorHandler\\Error\\FatalError(code: 0): Trait \"Spatie\\Translatable\\HasTranslations\" not found at D:\\qixer\\@core\\app\\GalleryCategory.php:9)
[stacktrace]
#0 {main}
"} 
[2025-02-25 17:55:20] local.ERROR: Trait "Spatie\Translatable\HasTranslations" not found {"exception":"[object] (Symfony\\Component\\ErrorHandler\\Error\\FatalError(code: 0): Trait \"Spatie\\Translatable\\HasTranslations\" not found at D:\\qixer\\@core\\app\\GalleryCategory.php:9)
[stacktrace]
#0 {main}
"} 
[2025-02-25 17:56:20] local.ERROR: Trait "Spatie\Translatable\HasTranslations" not found {"exception":"[object] (Symfony\\Component\\ErrorHandler\\Error\\FatalError(code: 0): Trait \"Spatie\\Translatable\\HasTranslations\" not found at D:\\qixer\\@core\\app\\GalleryCategory.php:9)
[stacktrace]
#0 {main}
"} 
[2025-02-25 17:57:21] local.ERROR: Trait "Spatie\Translatable\HasTranslations" not found {"exception":"[object] (Symfony\\Component\\ErrorHandler\\Error\\FatalError(code: 0): Trait \"Spatie\\Translatable\\HasTranslations\" not found at D:\\qixer\\@core\\app\\GalleryCategory.php:9)
[stacktrace]
#0 {main}
"} 
[2025-02-25 17:58:20] local.ERROR: Trait "Spatie\Translatable\HasTranslations" not found {"exception":"[object] (Symfony\\Component\\ErrorHandler\\Error\\FatalError(code: 0): Trait \"Spatie\\Translatable\\HasTranslations\" not found at D:\\qixer\\@core\\app\\GalleryCategory.php:9)
[stacktrace]
#0 {main}
"} 
[2025-02-25 17:59:20] local.ERROR: Trait "Spatie\Translatable\HasTranslations" not found {"exception":"[object] (Symfony\\Component\\ErrorHandler\\Error\\FatalError(code: 0): Trait \"Spatie\\Translatable\\HasTranslations\" not found at D:\\qixer\\@core\\app\\GalleryCategory.php:9)
[stacktrace]
#0 {main}
"} 
[2025-02-25 18:00:20] local.ERROR: Trait "Spatie\Translatable\HasTranslations" not found {"exception":"[object] (Symfony\\Component\\ErrorHandler\\Error\\FatalError(code: 0): Trait \"Spatie\\Translatable\\HasTranslations\" not found at D:\\qixer\\@core\\app\\GalleryCategory.php:9)
[stacktrace]
#0 {main}
"} 
[2025-02-25 18:01:21] local.ERROR: Trait "Spatie\Translatable\HasTranslations" not found {"exception":"[object] (Symfony\\Component\\ErrorHandler\\Error\\FatalError(code: 0): Trait \"Spatie\\Translatable\\HasTranslations\" not found at D:\\qixer\\@core\\app\\GalleryCategory.php:9)
[stacktrace]
#0 {main}
"} 
[2025-02-25 18:02:20] local.ERROR: Trait "Spatie\Translatable\HasTranslations" not found {"exception":"[object] (Symfony\\Component\\ErrorHandler\\Error\\FatalError(code: 0): Trait \"Spatie\\Translatable\\HasTranslations\" not found at D:\\qixer\\@core\\app\\GalleryCategory.php:9)
[stacktrace]
#0 {main}
"} 
[2025-02-25 18:03:20] local.ERROR: Trait "Spatie\Translatable\HasTranslations" not found {"exception":"[object] (Symfony\\Component\\ErrorHandler\\Error\\FatalError(code: 0): Trait \"Spatie\\Translatable\\HasTranslations\" not found at D:\\qixer\\@core\\app\\GalleryCategory.php:9)
[stacktrace]
#0 {main}
"} 
[2025-02-25 18:04:20] local.ERROR: Trait "Spatie\Translatable\HasTranslations" not found {"exception":"[object] (Symfony\\Component\\ErrorHandler\\Error\\FatalError(code: 0): Trait \"Spatie\\Translatable\\HasTranslations\" not found at D:\\qixer\\@core\\app\\GalleryCategory.php:9)
[stacktrace]
#0 {main}
"} 
[2025-02-25 18:05:20] local.ERROR: Trait "Spatie\Translatable\HasTranslations" not found {"exception":"[object] (Symfony\\Component\\ErrorHandler\\Error\\FatalError(code: 0): Trait \"Spatie\\Translatable\\HasTranslations\" not found at D:\\qixer\\@core\\app\\GalleryCategory.php:9)
[stacktrace]
#0 {main}
"} 
[2025-02-25 18:06:21] local.ERROR: Trait "Spatie\Translatable\HasTranslations" not found {"exception":"[object] (Symfony\\Component\\ErrorHandler\\Error\\FatalError(code: 0): Trait \"Spatie\\Translatable\\HasTranslations\" not found at D:\\qixer\\@core\\app\\GalleryCategory.php:9)
[stacktrace]
#0 {main}
"} 
[2025-02-25 18:07:20] local.ERROR: Trait "Spatie\Translatable\HasTranslations" not found {"exception":"[object] (Symfony\\Component\\ErrorHandler\\Error\\FatalError(code: 0): Trait \"Spatie\\Translatable\\HasTranslations\" not found at D:\\qixer\\@core\\app\\GalleryCategory.php:9)
[stacktrace]
#0 {main}
"} 
[2025-02-25 18:08:20] local.ERROR: Trait "Spatie\Translatable\HasTranslations" not found {"exception":"[object] (Symfony\\Component\\ErrorHandler\\Error\\FatalError(code: 0): Trait \"Spatie\\Translatable\\HasTranslations\" not found at D:\\qixer\\@core\\app\\GalleryCategory.php:9)
[stacktrace]
#0 {main}
"} 
[2025-02-25 18:09:20] local.ERROR: Trait "Spatie\Translatable\HasTranslations" not found {"exception":"[object] (Symfony\\Component\\ErrorHandler\\Error\\FatalError(code: 0): Trait \"Spatie\\Translatable\\HasTranslations\" not found at D:\\qixer\\@core\\app\\GalleryCategory.php:9)
[stacktrace]
#0 {main}
"} 
[2025-02-25 18:10:20] local.ERROR: Trait "Spatie\Translatable\HasTranslations" not found {"exception":"[object] (Symfony\\Component\\ErrorHandler\\Error\\FatalError(code: 0): Trait \"Spatie\\Translatable\\HasTranslations\" not found at D:\\qixer\\@core\\app\\GalleryCategory.php:9)
[stacktrace]
#0 {main}
"} 
[2025-02-25 18:11:22] local.ERROR: Trait "Spatie\Translatable\HasTranslations" not found {"exception":"[object] (Symfony\\Component\\ErrorHandler\\Error\\FatalError(code: 0): Trait \"Spatie\\Translatable\\HasTranslations\" not found at D:\\qixer\\@core\\app\\GalleryCategory.php:9)
[stacktrace]
#0 {main}
"} 
[2025-02-25 18:12:21] local.ERROR: Trait "Spatie\Translatable\HasTranslations" not found {"exception":"[object] (Symfony\\Component\\ErrorHandler\\Error\\FatalError(code: 0): Trait \"Spatie\\Translatable\\HasTranslations\" not found at D:\\qixer\\@core\\app\\GalleryCategory.php:9)
[stacktrace]
#0 {main}
"} 
[2025-02-25 18:13:20] local.ERROR: Trait "Spatie\Translatable\HasTranslations" not found {"exception":"[object] (Symfony\\Component\\ErrorHandler\\Error\\FatalError(code: 0): Trait \"Spatie\\Translatable\\HasTranslations\" not found at D:\\qixer\\@core\\app\\GalleryCategory.php:9)
[stacktrace]
#0 {main}
"} 
[2025-02-25 18:13:35] local.ERROR: View [frontend.frontend-home-new] not found. {"exception":"[object] (InvalidArgumentException(code: 0): View [frontend.frontend-home-new] not found. at D:\\qixer\\@core\\vendor\\laravel\\framework\\src\\Illuminate\\View\\FileViewFinder.php:137)
[stacktrace]
#0 D:\\qixer\\@core\\vendor\\laravel\\framework\\src\\Illuminate\\View\\FileViewFinder.php(79): Illuminate\\View\\FileViewFinder->findInPaths('frontend.fronte...', Array)
#1 D:\\qixer\\@core\\vendor\\laravel\\framework\\src\\Illuminate\\View\\Factory.php(137): Illuminate\\View\\FileViewFinder->find('frontend.fronte...')
#2 D:\\qixer\\@core\\vendor\\laravel\\framework\\src\\Illuminate\\Foundation\\helpers.php(1020): Illuminate\\View\\Factory->make('frontend.fronte...', Array, Array)
#3 D:\\qixer\\@core\\app\\Http\\Controllers\\FrontendController.php(46): view('frontend.fronte...')
#4 D:\\qixer\\@core\\vendor\\laravel\\framework\\src\\Illuminate\\Routing\\Controller.php(54): App\\Http\\Controllers\\FrontendController->index()
#5 D:\\qixer\\@core\\vendor\\laravel\\framework\\src\\Illuminate\\Routing\\ControllerDispatcher.php(43): Illuminate\\Routing\\Controller->callAction('index', Array)
#6 D:\\qixer\\@core\\vendor\\laravel\\framework\\src\\Illuminate\\Routing\\Route.php(259): Illuminate\\Routing\\ControllerDispatcher->dispatch(Object(Illuminate\\Routing\\Route), Object(App\\Http\\Controllers\\FrontendController), 'index')
#7 D:\\qixer\\@core\\vendor\\laravel\\framework\\src\\Illuminate\\Routing\\Route.php(205): Illuminate\\Routing\\Route->runController()
#8 D:\\qixer\\@core\\vendor\\laravel\\framework\\src\\Illuminate\\Routing\\Router.php(806): Illuminate\\Routing\\Route->run()
#9 D:\\qixer\\@core\\vendor\\laravel\\framework\\src\\Illuminate\\Pipeline\\Pipeline.php(144): Illuminate\\Routing\\Router->Illuminate\\Routing\\{closure}(Object(Illuminate\\Http\\Request))
#10 D:\\qixer\\@core\\app\\Http\\Middleware\\SetLang.php(29): Illuminate\\Pipeline\\Pipeline->Illuminate\\Pipeline\\{closure}(Object(Illuminate\\Http\\Request))
#11 D:\\qixer\\@core\\vendor\\laravel\\framework\\src\\Illuminate\\Pipeline\\Pipeline.php(183): App\\Http\\Middleware\\SetLang->handle(Object(Illuminate\\Http\\Request), Object(Closure))
#12 D:\\qixer\\@core\\app\\Http\\Middleware\\MaintainsMode.php(22): Illuminate\\Pipeline\\Pipeline->Illuminate\\Pipeline\\{closure}(Object(Illuminate\\Http\\Request))
#13 D:\\qixer\\@core\\vendor\\laravel\\framework\\src\\Illuminate\\Pipeline\\Pipeline.php(183): App\\Http\\Middleware\\MaintainsMode->handle(Object(Illuminate\\Http\\Request), Object(Closure))
#14 D:\\qixer\\@core\\app\\Http\\Middleware\\GlobalVariableMiddleware.php(92): Illuminate\\Pipeline\\Pipeline->Illuminate\\Pipeline\\{closure}(Object(Illuminate\\Http\\Request))
#15 D:\\qixer\\@core\\vendor\\laravel\\framework\\src\\Illuminate\\Pipeline\\Pipeline.php(183): App\\Http\\Middleware\\GlobalVariableMiddleware->handle(Object(Illuminate\\Http\\Request), Object(Closure))
#16 D:\\qixer\\@core\\app\\Http\\Middleware\\ActivityByUser.php(29): Illuminate\\Pipeline\\Pipeline->Illuminate\\Pipeline\\{closure}(Object(Illuminate\\Http\\Request))
#17 D:\\qixer\\@core\\vendor\\laravel\\framework\\src\\Illuminate\\Pipeline\\Pipeline.php(183): App\\Http\\Middleware\\ActivityByUser->handle(Object(Illuminate\\Http\\Request), Object(Closure))
#18 D:\\qixer\\@core\\vendor\\laravel\\framework\\src\\Illuminate\\Routing\\Middleware\\SubstituteBindings.php(50): Illuminate\\Pipeline\\Pipeline->Illuminate\\Pipeline\\{closure}(Object(Illuminate\\Http\\Request))
#19 D:\\qixer\\@core\\vendor\\laravel\\framework\\src\\Illuminate\\Pipeline\\Pipeline.php(183): Illuminate\\Routing\\Middleware\\SubstituteBindings->handle(Object(Illuminate\\Http\\Request), Object(Closure))
#20 D:\\qixer\\@core\\vendor\\laravel\\framework\\src\\Illuminate\\Foundation\\Http\\Middleware\\VerifyCsrfToken.php(78): Illuminate\\Pipeline\\Pipeline->Illuminate\\Pipeline\\{closure}(Object(Illuminate\\Http\\Request))
#21 D:\\qixer\\@core\\vendor\\laravel\\framework\\src\\Illuminate\\Pipeline\\Pipeline.php(183): Illuminate\\Foundation\\Http\\Middleware\\VerifyCsrfToken->handle(Object(Illuminate\\Http\\Request), Object(Closure))
#22 D:\\qixer\\@core\\vendor\\laravel\\framework\\src\\Illuminate\\View\\Middleware\\ShareErrorsFromSession.php(49): Illuminate\\Pipeline\\Pipeline->Illuminate\\Pipeline\\{closure}(Object(Illuminate\\Http\\Request))
#23 D:\\qixer\\@core\\vendor\\laravel\\framework\\src\\Illuminate\\Pipeline\\Pipeline.php(183): Illuminate\\View\\Middleware\\ShareErrorsFromSession->handle(Object(Illuminate\\Http\\Request), Object(Closure))
#24 D:\\qixer\\@core\\vendor\\laravel\\framework\\src\\Illuminate\\Session\\Middleware\\StartSession.php(121): Illuminate\\Pipeline\\Pipeline->Illuminate\\Pipeline\\{closure}(Object(Illuminate\\Http\\Request))
#25 D:\\qixer\\@core\\vendor\\laravel\\framework\\src\\Illuminate\\Session\\Middleware\\StartSession.php(64): Illuminate\\Session\\Middleware\\StartSession->handleStatefulRequest(Object(Illuminate\\Http\\Request), Object(Illuminate\\Session\\Store), Object(Closure))
#26 D:\\qixer\\@core\\vendor\\laravel\\framework\\src\\Illuminate\\Pipeline\\Pipeline.php(183): Illuminate\\Session\\Middleware\\StartSession->handle(Object(Illuminate\\Http\\Request), Object(Closure))
#27 D:\\qixer\\@core\\vendor\\laravel\\framework\\src\\Illuminate\\Cookie\\Middleware\\AddQueuedCookiesToResponse.php(37): Illuminate\\Pipeline\\Pipeline->Illuminate\\Pipeline\\{closure}(Object(Illuminate\\Http\\Request))
#28 D:\\qixer\\@core\\vendor\\laravel\\framework\\src\\Illuminate\\Pipeline\\Pipeline.php(183): Illuminate\\Cookie\\Middleware\\AddQueuedCookiesToResponse->handle(Object(Illuminate\\Http\\Request), Object(Closure))
#29 D:\\qixer\\@core\\vendor\\laravel\\framework\\src\\Illuminate\\Cookie\\Middleware\\EncryptCookies.php(67): Illuminate\\Pipeline\\Pipeline->Illuminate\\Pipeline\\{closure}(Object(Illuminate\\Http\\Request))
#30 D:\\qixer\\@core\\vendor\\laravel\\framework\\src\\Illuminate\\Pipeline\\Pipeline.php(183): Illuminate\\Cookie\\Middleware\\EncryptCookies->handle(Object(Illuminate\\Http\\Request), Object(Closure))
#31 D:\\qixer\\@core\\vendor\\laravel\\framework\\src\\Illuminate\\Pipeline\\Pipeline.php(119): Illuminate\\Pipeline\\Pipeline->Illuminate\\Pipeline\\{closure}(Object(Illuminate\\Http\\Request))
#32 D:\\qixer\\@core\\vendor\\laravel\\framework\\src\\Illuminate\\Routing\\Router.php(805): Illuminate\\Pipeline\\Pipeline->then(Object(Closure))
#33 D:\\qixer\\@core\\vendor\\laravel\\framework\\src\\Illuminate\\Routing\\Router.php(784): Illuminate\\Routing\\Router->runRouteWithinStack(Object(Illuminate\\Routing\\Route), Object(Illuminate\\Http\\Request))
#34 D:\\qixer\\@core\\vendor\\laravel\\framework\\src\\Illuminate\\Routing\\Router.php(748): Illuminate\\Routing\\Router->runRoute(Object(Illuminate\\Http\\Request), Object(Illuminate\\Routing\\Route))
#35 D:\\qixer\\@core\\vendor\\laravel\\framework\\src\\Illuminate\\Routing\\Router.php(737): Illuminate\\Routing\\Router->dispatchToRoute(Object(Illuminate\\Http\\Request))
#36 D:\\qixer\\@core\\vendor\\laravel\\framework\\src\\Illuminate\\Foundation\\Http\\Kernel.php(200): Illuminate\\Routing\\Router->dispatch(Object(Illuminate\\Http\\Request))
#37 D:\\qixer\\@core\\vendor\\laravel\\framework\\src\\Illuminate\\Pipeline\\Pipeline.php(144): Illuminate\\Foundation\\Http\\Kernel->Illuminate\\Foundation\\Http\\{closure}(Object(Illuminate\\Http\\Request))
#38 D:\\qixer\\@core\\vendor\\livewire\\livewire\\src\\DisableBrowserCache.php(19): Illuminate\\Pipeline\\Pipeline->Illuminate\\Pipeline\\{closure}(Object(Illuminate\\Http\\Request))
#39 D:\\qixer\\@core\\vendor\\laravel\\framework\\src\\Illuminate\\Pipeline\\Pipeline.php(183): Livewire\\DisableBrowserCache->handle(Object(Illuminate\\Http\\Request), Object(Closure))
#40 D:\\qixer\\@core\\vendor\\xgenious\\installer\\src\\Http\\Middleware\\InstallerMiddleware.php(18): Illuminate\\Pipeline\\Pipeline->Illuminate\\Pipeline\\{closure}(Object(Illuminate\\Http\\Request))
#41 D:\\qixer\\@core\\vendor\\laravel\\framework\\src\\Illuminate\\Pipeline\\Pipeline.php(183): Xgenious\\Installer\\Http\\Middleware\\InstallerMiddleware->handle(Object(Illuminate\\Http\\Request), Object(Closure))
#42 D:\\qixer\\@core\\vendor\\laravel\\framework\\src\\Illuminate\\Foundation\\Http\\Middleware\\TransformsRequest.php(21): Illuminate\\Pipeline\\Pipeline->Illuminate\\Pipeline\\{closure}(Object(Illuminate\\Http\\Request))
#43 D:\\qixer\\@core\\vendor\\laravel\\framework\\src\\Illuminate\\Foundation\\Http\\Middleware\\ConvertEmptyStringsToNull.php(31): Illuminate\\Foundation\\Http\\Middleware\\TransformsRequest->handle(Object(Illuminate\\Http\\Request), Object(Closure))
#44 D:\\qixer\\@core\\vendor\\laravel\\framework\\src\\Illuminate\\Pipeline\\Pipeline.php(183): Illuminate\\Foundation\\Http\\Middleware\\ConvertEmptyStringsToNull->handle(Object(Illuminate\\Http\\Request), Object(Closure))
#45 D:\\qixer\\@core\\vendor\\laravel\\framework\\src\\Illuminate\\Foundation\\Http\\Middleware\\TransformsRequest.php(21): Illuminate\\Pipeline\\Pipeline->Illuminate\\Pipeline\\{closure}(Object(Illuminate\\Http\\Request))
#46 D:\\qixer\\@core\\vendor\\laravel\\framework\\src\\Illuminate\\Foundation\\Http\\Middleware\\TrimStrings.php(40): Illuminate\\Foundation\\Http\\Middleware\\TransformsRequest->handle(Object(Illuminate\\Http\\Request), Object(Closure))
#47 D:\\qixer\\@core\\vendor\\laravel\\framework\\src\\Illuminate\\Pipeline\\Pipeline.php(183): Illuminate\\Foundation\\Http\\Middleware\\TrimStrings->handle(Object(Illuminate\\Http\\Request), Object(Closure))
#48 D:\\qixer\\@core\\vendor\\laravel\\framework\\src\\Illuminate\\Foundation\\Http\\Middleware\\ValidatePostSize.php(27): Illuminate\\Pipeline\\Pipeline->Illuminate\\Pipeline\\{closure}(Object(Illuminate\\Http\\Request))
#49 D:\\qixer\\@core\\vendor\\laravel\\framework\\src\\Illuminate\\Pipeline\\Pipeline.php(183): Illuminate\\Foundation\\Http\\Middleware\\ValidatePostSize->handle(Object(Illuminate\\Http\\Request), Object(Closure))
#50 D:\\qixer\\@core\\vendor\\laravel\\framework\\src\\Illuminate\\Foundation\\Http\\Middleware\\PreventRequestsDuringMaintenance.php(99): Illuminate\\Pipeline\\Pipeline->Illuminate\\Pipeline\\{closure}(Object(Illuminate\\Http\\Request))
#51 D:\\qixer\\@core\\vendor\\laravel\\framework\\src\\Illuminate\\Pipeline\\Pipeline.php(183): Illuminate\\Foundation\\Http\\Middleware\\PreventRequestsDuringMaintenance->handle(Object(Illuminate\\Http\\Request), Object(Closure))
#52 D:\\qixer\\@core\\vendor\\laravel\\framework\\src\\Illuminate\\Http\\Middleware\\TrustProxies.php(39): Illuminate\\Pipeline\\Pipeline->Illuminate\\Pipeline\\{closure}(Object(Illuminate\\Http\\Request))
#53 D:\\qixer\\@core\\vendor\\laravel\\framework\\src\\Illuminate\\Pipeline\\Pipeline.php(183): Illuminate\\Http\\Middleware\\TrustProxies->handle(Object(Illuminate\\Http\\Request), Object(Closure))
#54 D:\\qixer\\@core\\vendor\\laravel\\framework\\src\\Illuminate\\Pipeline\\Pipeline.php(119): Illuminate\\Pipeline\\Pipeline->Illuminate\\Pipeline\\{closure}(Object(Illuminate\\Http\\Request))
#55 D:\\qixer\\@core\\vendor\\laravel\\framework\\src\\Illuminate\\Foundation\\Http\\Kernel.php(175): Illuminate\\Pipeline\\Pipeline->then(Object(Closure))
#56 D:\\qixer\\@core\\vendor\\laravel\\framework\\src\\Illuminate\\Foundation\\Http\\Kernel.php(144): Illuminate\\Foundation\\Http\\Kernel->sendRequestThroughRouter(Object(Illuminate\\Http\\Request))
#57 D:\\qixer\\index.php(54): Illuminate\\Foundation\\Http\\Kernel->handle(Object(Illuminate\\Http\\Request))
#58 {main}
"} 
[2025-02-25 18:14:20] local.ERROR: Trait "Spatie\Translatable\HasTranslations" not found {"exception":"[object] (Symfony\\Component\\ErrorHandler\\Error\\FatalError(code: 0): Trait \"Spatie\\Translatable\\HasTranslations\" not found at D:\\qixer\\@core\\app\\GalleryCategory.php:9)
[stacktrace]
#0 {main}
"} 
[2025-02-25 18:15:20] local.ERROR: Trait "Spatie\Translatable\HasTranslations" not found {"exception":"[object] (Symfony\\Component\\ErrorHandler\\Error\\FatalError(code: 0): Trait \"Spatie\\Translatable\\HasTranslations\" not found at D:\\qixer\\@core\\app\\GalleryCategory.php:9)
[stacktrace]
#0 {main}
"} 
[2025-02-25 18:16:20] local.ERROR: Trait "Spatie\Translatable\HasTranslations" not found {"exception":"[object] (Symfony\\Component\\ErrorHandler\\Error\\FatalError(code: 0): Trait \"Spatie\\Translatable\\HasTranslations\" not found at D:\\qixer\\@core\\app\\GalleryCategory.php:9)
[stacktrace]
#0 {main}
"} 
[2025-02-25 18:16:40] local.ERROR: Undefined variable $home_page {"view":{"view":"D:\\qixer\\@core\\resources\\views\\frontend\\frontend-home-new.blade.php","data":{"errors":"<pre class=sf-dump id=sf-dump-1173202956 data-indent-pad=\"  \"><span class=sf-dump-note>Illuminate\\Support\\ViewErrorBag</span> {<a class=sf-dump-ref>#1843</a><samp data-depth=1 class=sf-dump-expanded>
  #<span class=sf-dump-protected title=\"Protected property\">bags</span>: []
</samp>}
</pre><script>Sfdump(\"sf-dump-1173202956\", {\"maxDepth\":3,\"maxStringLength\":160})</script>
","global_static_field_data":"<pre class=sf-dump id=sf-dump-37721985 data-indent-pad=\"  \"><span class=sf-dump-note>array:3</span> [<samp data-depth=1 class=sf-dump-expanded>
  \"<span class=sf-dump-key>site_secondary_color</span>\" => <span class=sf-dump-const>null</span>
  \"<span class=sf-dump-key>site_white_logo</span>\" => \"<span class=sf-dump-str>2</span>\"
  \"<span class=sf-dump-key>site_favicon</span>\" => <span class=sf-dump-const>null</span>
</samp>]
</pre><script>Sfdump(\"sf-dump-37721985\", {\"maxDepth\":3,\"maxStringLength\":160})</script>
","all_language":"<pre class=sf-dump id=sf-dump-661041266 data-indent-pad=\"  \"><span class=sf-dump-note>Illuminate\\Database\\Eloquent\\Collection</span> {<a class=sf-dump-ref>#1868</a><samp data-depth=1 class=sf-dump-expanded>
  #<span class=sf-dump-protected title=\"Protected property\">items</span>: <span class=sf-dump-note>array:1</span> [<samp data-depth=2 class=sf-dump-compact>
    <span class=sf-dump-index>0</span> => <span class=\"sf-dump-note sf-dump-ellipsization\" title=\"App\\Language
\"><span class=\"sf-dump-ellipsis sf-dump-ellipsis-note\">App</span><span class=\"sf-dump-ellipsis sf-dump-ellipsis-note\">\\</span><span class=\"sf-dump-ellipsis-tail\">Language</span></span> {<a class=sf-dump-ref>#1867</a><samp data-depth=3 class=sf-dump-compact>
      #<span class=sf-dump-protected title=\"Protected property\">connection</span>: \"<span class=sf-dump-str title=\"5 characters\">mysql</span>\"
      #<span class=sf-dump-protected title=\"Protected property\">table</span>: \"<span class=sf-dump-str title=\"9 characters\">languages</span>\"
      #<span class=sf-dump-protected title=\"Protected property\">primaryKey</span>: \"<span class=sf-dump-str title=\"2 characters\">id</span>\"
      #<span class=sf-dump-protected title=\"Protected property\">keyType</span>: \"<span class=sf-dump-str title=\"3 characters\">int</span>\"
      +<span class=sf-dump-public title=\"Public property\">incrementing</span>: <span class=sf-dump-const>true</span>
      #<span class=sf-dump-protected title=\"Protected property\">with</span>: []
      #<span class=sf-dump-protected title=\"Protected property\">withCount</span>: []
      +<span class=sf-dump-public title=\"Public property\">preventsLazyLoading</span>: <span class=sf-dump-const>false</span>
      #<span class=sf-dump-protected title=\"Protected property\">perPage</span>: <span class=sf-dump-num>15</span>
      +<span class=sf-dump-public title=\"Public property\">exists</span>: <span class=sf-dump-const>true</span>
      +<span class=sf-dump-public title=\"Public property\">wasRecentlyCreated</span>: <span class=sf-dump-const>false</span>
      #<span class=sf-dump-protected title=\"Protected property\">escapeWhenCastingToString</span>: <span class=sf-dump-const>false</span>
      #<span class=sf-dump-protected title=\"Protected property\">attributes</span>: <span class=sf-dump-note>array:8</span> [ &#8230;8]
      #<span class=sf-dump-protected title=\"Protected property\">original</span>: <span class=sf-dump-note>array:8</span> [ &#8230;8]
      #<span class=sf-dump-protected title=\"Protected property\">changes</span>: []
      #<span class=sf-dump-protected title=\"Protected property\">casts</span>: []
      #<span class=sf-dump-protected title=\"Protected property\">classCastCache</span>: []
      #<span class=sf-dump-protected title=\"Protected property\">attributeCastCache</span>: []
      #<span class=sf-dump-protected title=\"Protected property\">dateFormat</span>: <span class=sf-dump-const>null</span>
      #<span class=sf-dump-protected title=\"Protected property\">appends</span>: []
      #<span class=sf-dump-protected title=\"Protected property\">dispatchesEvents</span>: []
      #<span class=sf-dump-protected title=\"Protected property\">observables</span>: []
      #<span class=sf-dump-protected title=\"Protected property\">relations</span>: []
      #<span class=sf-dump-protected title=\"Protected property\">touches</span>: []
      +<span class=sf-dump-public title=\"Public property\">timestamps</span>: <span class=sf-dump-const>true</span>
      +<span class=sf-dump-public title=\"Public property\">usesUniqueIds</span>: <span class=sf-dump-const>false</span>
      #<span class=sf-dump-protected title=\"Protected property\">hidden</span>: []
      #<span class=sf-dump-protected title=\"Protected property\">visible</span>: []
      #<span class=sf-dump-protected title=\"Protected property\">fillable</span>: <span class=sf-dump-note>array:5</span> [ &#8230;5]
      #<span class=sf-dump-protected title=\"Protected property\">guarded</span>: <span class=sf-dump-note>array:1</span> [ &#8230;1]
    </samp>}
  </samp>]
  #<span class=sf-dump-protected title=\"Protected property\">escapeWhenCastingToString</span>: <span class=sf-dump-const>false</span>
</samp>}
</pre><script>Sfdump(\"sf-dump-661041266\", {\"maxDepth\":3,\"maxStringLength\":160})</script>
","user_select_lang_slug":"<pre class=sf-dump id=sf-dump-201020688 data-indent-pad=\"  \">\"<span class=sf-dump-str title=\"7 characters\">english</span>\"
</pre><script>Sfdump(\"sf-dump-201020688\", {\"maxDepth\":3,\"maxStringLength\":160})</script>
","home_variant_number":"<pre class=sf-dump id=sf-dump-1654449467 data-indent-pad=\"  \"><span class=sf-dump-const>null</span>
</pre><script>Sfdump(\"sf-dump-1654449467\", {\"maxDepth\":3,\"maxStringLength\":160})</script>
","primary_menu":"<pre class=sf-dump id=sf-dump-2147038528 data-indent-pad=\"  \"><span class=sf-dump-const>null</span>
</pre><script>Sfdump(\"sf-dump-2147038528\", {\"maxDepth\":3,\"maxStringLength\":160})</script>
","all_social_icons":"<pre class=sf-dump id=sf-dump-1147752469 data-indent-pad=\"  \"><span class=sf-dump-note>Illuminate\\Database\\Eloquent\\Collection</span> {<a class=sf-dump-ref>#1869</a><samp data-depth=1 class=sf-dump-expanded>
  #<span class=sf-dump-protected title=\"Protected property\">items</span>: []
  #<span class=sf-dump-protected title=\"Protected property\">escapeWhenCastingToString</span>: <span class=sf-dump-const>false</span>
</samp>}
</pre><script>Sfdump(\"sf-dump-1147752469\", {\"maxDepth\":3,\"maxStringLength\":160})</script>
","navbar_number":"<pre class=sf-dump id=sf-dump-1703992356 data-indent-pad=\"  \"><span class=sf-dump-const>null</span>
</pre><script>Sfdump(\"sf-dump-1703992356\", {\"maxDepth\":3,\"maxStringLength\":160})</script>
","commissionGlobal":"<pre class=sf-dump id=sf-dump-1499404979 data-indent-pad=\"  \"><span class=sf-dump-note>App\\AdminCommission</span> {<a class=sf-dump-ref>#1861</a><samp data-depth=1 class=sf-dump-expanded>
  #<span class=sf-dump-protected title=\"Protected property\">connection</span>: \"<span class=sf-dump-str title=\"5 characters\">mysql</span>\"
  #<span class=sf-dump-protected title=\"Protected property\">table</span>: \"<span class=sf-dump-str title=\"17 characters\">admin_commissions</span>\"
  #<span class=sf-dump-protected title=\"Protected property\">primaryKey</span>: \"<span class=sf-dump-str title=\"2 characters\">id</span>\"
  #<span class=sf-dump-protected title=\"Protected property\">keyType</span>: \"<span class=sf-dump-str title=\"3 characters\">int</span>\"
  +<span class=sf-dump-public title=\"Public property\">incrementing</span>: <span class=sf-dump-const>true</span>
  #<span class=sf-dump-protected title=\"Protected property\">with</span>: []
  #<span class=sf-dump-protected title=\"Protected property\">withCount</span>: []
  +<span class=sf-dump-public title=\"Public property\">preventsLazyLoading</span>: <span class=sf-dump-const>false</span>
  #<span class=sf-dump-protected title=\"Protected property\">perPage</span>: <span class=sf-dump-num>15</span>
  +<span class=sf-dump-public title=\"Public property\">exists</span>: <span class=sf-dump-const>true</span>
  +<span class=sf-dump-public title=\"Public property\">wasRecentlyCreated</span>: <span class=sf-dump-const>false</span>
  #<span class=sf-dump-protected title=\"Protected property\">escapeWhenCastingToString</span>: <span class=sf-dump-const>false</span>
  #<span class=sf-dump-protected title=\"Protected property\">attributes</span>: <span class=sf-dump-note>array:7</span> [<samp data-depth=2 class=sf-dump-compact>
    \"<span class=sf-dump-key>id</span>\" => <span class=sf-dump-num>1</span>
    \"<span class=sf-dump-key>system_type</span>\" => \"<span class=sf-dump-str title=\"12 characters\">subscription</span>\"
    \"<span class=sf-dump-key>commission_charge_from</span>\" => <span class=sf-dump-const>null</span>
    \"<span class=sf-dump-key>commission_charge_type</span>\" => <span class=sf-dump-const>null</span>
    \"<span class=sf-dump-key>commission_charge</span>\" => <span class=sf-dump-const>null</span>
    \"<span class=sf-dump-key>created_at</span>\" => \"<span class=sf-dump-str title=\"19 characters\">2025-02-14 10:59:37</span>\"
    \"<span class=sf-dump-key>updated_at</span>\" => \"<span class=sf-dump-str title=\"19 characters\">2025-02-14 10:59:37</span>\"
  </samp>]
  #<span class=sf-dump-protected title=\"Protected property\">original</span>: <span class=sf-dump-note>array:7</span> [<samp data-depth=2 class=sf-dump-compact>
    \"<span class=sf-dump-key>id</span>\" => <span class=sf-dump-num>1</span>
    \"<span class=sf-dump-key>system_type</span>\" => \"<span class=sf-dump-str title=\"12 characters\">subscription</span>\"
    \"<span class=sf-dump-key>commission_charge_from</span>\" => <span class=sf-dump-const>null</span>
    \"<span class=sf-dump-key>commission_charge_type</span>\" => <span class=sf-dump-const>null</span>
    \"<span class=sf-dump-key>commission_charge</span>\" => <span class=sf-dump-const>null</span>
    \"<span class=sf-dump-key>created_at</span>\" => \"<span class=sf-dump-str title=\"19 characters\">2025-02-14 10:59:37</span>\"
    \"<span class=sf-dump-key>updated_at</span>\" => \"<span class=sf-dump-str title=\"19 characters\">2025-02-14 10:59:37</span>\"
  </samp>]
  #<span class=sf-dump-protected title=\"Protected property\">changes</span>: []
  #<span class=sf-dump-protected title=\"Protected property\">casts</span>: []
  #<span class=sf-dump-protected title=\"Protected property\">classCastCache</span>: []
  #<span class=sf-dump-protected title=\"Protected property\">attributeCastCache</span>: []
  #<span class=sf-dump-protected title=\"Protected property\">dateFormat</span>: <span class=sf-dump-const>null</span>
  #<span class=sf-dump-protected title=\"Protected property\">appends</span>: []
  #<span class=sf-dump-protected title=\"Protected property\">dispatchesEvents</span>: []
  #<span class=sf-dump-protected title=\"Protected property\">observables</span>: []
  #<span class=sf-dump-protected title=\"Protected property\">relations</span>: []
  #<span class=sf-dump-protected title=\"Protected property\">touches</span>: []
  +<span class=sf-dump-public title=\"Public property\">timestamps</span>: <span class=sf-dump-const>true</span>
  +<span class=sf-dump-public title=\"Public property\">usesUniqueIds</span>: <span class=sf-dump-const>false</span>
  #<span class=sf-dump-protected title=\"Protected property\">hidden</span>: []
  #<span class=sf-dump-protected title=\"Protected property\">visible</span>: []
  #<span class=sf-dump-protected title=\"Protected property\">fillable</span>: <span class=sf-dump-note>array:4</span> [<samp data-depth=2 class=sf-dump-compact>
    <span class=sf-dump-index>0</span> => \"<span class=sf-dump-str title=\"11 characters\">system_type</span>\"
    <span class=sf-dump-index>1</span> => \"<span class=sf-dump-str title=\"22 characters\">commission_charge_from</span>\"
    <span class=sf-dump-index>2</span> => \"<span class=sf-dump-str title=\"22 characters\">commission_charge_type</span>\"
    <span class=sf-dump-index>3</span> => \"<span class=sf-dump-str title=\"17 characters\">commission_charge</span>\"
  </samp>]
  #<span class=sf-dump-protected title=\"Protected property\">guarded</span>: <span class=sf-dump-note>array:1</span> [<samp data-depth=2 class=sf-dump-compact>
    <span class=sf-dump-index>0</span> => \"<span class=sf-dump-str>*</span>\"
  </samp>]
</samp>}
</pre><script>Sfdump(\"sf-dump-1499404979\", {\"maxDepth\":3,\"maxStringLength\":160})</script>
","page_details":"<pre class=sf-dump id=sf-dump-662451144 data-indent-pad=\"  \"><span class=sf-dump-note>App\\Page</span> {<a class=sf-dump-ref>#2886</a><samp data-depth=1 class=sf-dump-expanded>
  #<span class=sf-dump-protected title=\"Protected property\">connection</span>: \"<span class=sf-dump-str title=\"5 characters\">mysql</span>\"
  #<span class=sf-dump-protected title=\"Protected property\">table</span>: \"<span class=sf-dump-str title=\"5 characters\">pages</span>\"
  #<span class=sf-dump-protected title=\"Protected property\">primaryKey</span>: \"<span class=sf-dump-str title=\"2 characters\">id</span>\"
  #<span class=sf-dump-protected title=\"Protected property\">keyType</span>: \"<span class=sf-dump-str title=\"3 characters\">int</span>\"
  +<span class=sf-dump-public title=\"Public property\">incrementing</span>: <span class=sf-dump-const>true</span>
  #<span class=sf-dump-protected title=\"Protected property\">with</span>: []
  #<span class=sf-dump-protected title=\"Protected property\">withCount</span>: []
  +<span class=sf-dump-public title=\"Public property\">preventsLazyLoading</span>: <span class=sf-dump-const>false</span>
  #<span class=sf-dump-protected title=\"Protected property\">perPage</span>: <span class=sf-dump-num>15</span>
  +<span class=sf-dump-public title=\"Public property\">exists</span>: <span class=sf-dump-const>true</span>
  +<span class=sf-dump-public title=\"Public property\">wasRecentlyCreated</span>: <span class=sf-dump-const>false</span>
  #<span class=sf-dump-protected title=\"Protected property\">escapeWhenCastingToString</span>: <span class=sf-dump-const>false</span>
  #<span class=sf-dump-protected title=\"Protected property\">attributes</span>: <span class=sf-dump-note>array:19</span> [<samp data-depth=2 class=sf-dump-compact>
    \"<span class=sf-dump-key>id</span>\" => <span class=sf-dump-num>1</span>
    \"<span class=sf-dump-key>title</span>\" => \"<span class=sf-dump-str title=\"5 characters\">Index</span>\"
    \"<span class=sf-dump-key>slug</span>\" => \"<span class=sf-dump-str title=\"5 characters\">index</span>\"
    \"<span class=sf-dump-key>page_content</span>\" => <span class=sf-dump-const>null</span>
    \"<span class=sf-dump-key>visibility</span>\" => \"<span class=sf-dump-str title=\"3 characters\">all</span>\"
    \"<span class=sf-dump-key>status</span>\" => \"<span class=sf-dump-str title=\"7 characters\">publish</span>\"
    \"<span class=sf-dump-key>back_to_top</span>\" => <span class=sf-dump-const>null</span>
    \"<span class=sf-dump-key>created_at</span>\" => \"<span class=sf-dump-str title=\"19 characters\">2025-02-18 13:51:49</span>\"
    \"<span class=sf-dump-key>updated_at</span>\" => \"<span class=sf-dump-str title=\"19 characters\">2025-02-24 20:11:03</span>\"
    \"<span class=sf-dump-key>page_builder_status</span>\" => \"<span class=sf-dump-str title=\"2 characters\">on</span>\"
    \"<span class=sf-dump-key>layout</span>\" => \"<span class=sf-dump-str title=\"20 characters\">home_page_layout_two</span>\"
    \"<span class=sf-dump-key>sidebar_layout</span>\" => <span class=sf-dump-const>null</span>
    \"<span class=sf-dump-key>navbar_variant</span>\" => \"<span class=sf-dump-str title=\"2 characters\">01</span>\"
    \"<span class=sf-dump-key>page_class</span>\" => <span class=sf-dump-const>null</span>
    \"<span class=sf-dump-key>breadcrumb_status</span>\" => \"<span class=sf-dump-str title=\"2 characters\">on</span>\"
    \"<span class=sf-dump-key>footer_variant</span>\" => \"<span class=sf-dump-str title=\"2 characters\">02</span>\"
    \"<span class=sf-dump-key>widget_style</span>\" => <span class=sf-dump-const>null</span>
    \"<span class=sf-dump-key>left_column</span>\" => <span class=sf-dump-const>null</span>
    \"<span class=sf-dump-key>right_column</span>\" => <span class=sf-dump-const>null</span>
  </samp>]
  #<span class=sf-dump-protected title=\"Protected property\">original</span>: <span class=sf-dump-note>array:19</span> [<samp data-depth=2 class=sf-dump-compact>
    \"<span class=sf-dump-key>id</span>\" => <span class=sf-dump-num>1</span>
    \"<span class=sf-dump-key>title</span>\" => \"<span class=sf-dump-str title=\"5 characters\">Index</span>\"
    \"<span class=sf-dump-key>slug</span>\" => \"<span class=sf-dump-str title=\"5 characters\">index</span>\"
    \"<span class=sf-dump-key>page_content</span>\" => <span class=sf-dump-const>null</span>
    \"<span class=sf-dump-key>visibility</span>\" => \"<span class=sf-dump-str title=\"3 characters\">all</span>\"
    \"<span class=sf-dump-key>status</span>\" => \"<span class=sf-dump-str title=\"7 characters\">publish</span>\"
    \"<span class=sf-dump-key>back_to_top</span>\" => <span class=sf-dump-const>null</span>
    \"<span class=sf-dump-key>created_at</span>\" => \"<span class=sf-dump-str title=\"19 characters\">2025-02-18 13:51:49</span>\"
    \"<span class=sf-dump-key>updated_at</span>\" => \"<span class=sf-dump-str title=\"19 characters\">2025-02-24 20:11:03</span>\"
    \"<span class=sf-dump-key>page_builder_status</span>\" => \"<span class=sf-dump-str title=\"2 characters\">on</span>\"
    \"<span class=sf-dump-key>layout</span>\" => \"<span class=sf-dump-str title=\"20 characters\">home_page_layout_two</span>\"
    \"<span class=sf-dump-key>sidebar_layout</span>\" => <span class=sf-dump-const>null</span>
    \"<span class=sf-dump-key>navbar_variant</span>\" => \"<span class=sf-dump-str title=\"2 characters\">01</span>\"
    \"<span class=sf-dump-key>page_class</span>\" => <span class=sf-dump-const>null</span>
    \"<span class=sf-dump-key>breadcrumb_status</span>\" => \"<span class=sf-dump-str title=\"2 characters\">on</span>\"
    \"<span class=sf-dump-key>footer_variant</span>\" => \"<span class=sf-dump-str title=\"2 characters\">02</span>\"
    \"<span class=sf-dump-key>widget_style</span>\" => <span class=sf-dump-const>null</span>
    \"<span class=sf-dump-key>left_column</span>\" => <span class=sf-dump-const>null</span>
    \"<span class=sf-dump-key>right_column</span>\" => <span class=sf-dump-const>null</span>
  </samp>]
  #<span class=sf-dump-protected title=\"Protected property\">changes</span>: []
  #<span class=sf-dump-protected title=\"Protected property\">casts</span>: []
  #<span class=sf-dump-protected title=\"Protected property\">classCastCache</span>: []
  #<span class=sf-dump-protected title=\"Protected property\">attributeCastCache</span>: []
  #<span class=sf-dump-protected title=\"Protected property\">dateFormat</span>: <span class=sf-dump-const>null</span>
  #<span class=sf-dump-protected title=\"Protected property\">appends</span>: []
  #<span class=sf-dump-protected title=\"Protected property\">dispatchesEvents</span>: []
  #<span class=sf-dump-protected title=\"Protected property\">observables</span>: []
  #<span class=sf-dump-protected title=\"Protected property\">relations</span>: []
  #<span class=sf-dump-protected title=\"Protected property\">touches</span>: []
  +<span class=sf-dump-public title=\"Public property\">timestamps</span>: <span class=sf-dump-const>true</span>
  +<span class=sf-dump-public title=\"Public property\">usesUniqueIds</span>: <span class=sf-dump-const>false</span>
  #<span class=sf-dump-protected title=\"Protected property\">hidden</span>: []
  #<span class=sf-dump-protected title=\"Protected property\">visible</span>: []
  #<span class=sf-dump-protected title=\"Protected property\">fillable</span>: <span class=sf-dump-note>array:16</span> [<samp data-depth=2 class=sf-dump-compact>
    <span class=sf-dump-index>0</span> => \"<span class=sf-dump-str title=\"5 characters\">title</span>\"
    <span class=sf-dump-index>1</span> => \"<span class=sf-dump-str title=\"4 characters\">slug</span>\"
    <span class=sf-dump-index>2</span> => \"<span class=sf-dump-str title=\"12 characters\">page_content</span>\"
    <span class=sf-dump-index>3</span> => \"<span class=sf-dump-str title=\"6 characters\">status</span>\"
    <span class=sf-dump-index>4</span> => \"<span class=sf-dump-str title=\"10 characters\">visibility</span>\"
    <span class=sf-dump-index>5</span> => \"<span class=sf-dump-str title=\"19 characters\">page_builder_status</span>\"
    <span class=sf-dump-index>6</span> => \"<span class=sf-dump-str title=\"6 characters\">layout</span>\"
    <span class=sf-dump-index>7</span> => \"<span class=sf-dump-str title=\"14 characters\">sidebar_layout</span>\"
    <span class=sf-dump-index>8</span> => \"<span class=sf-dump-str title=\"14 characters\">navbar_variant</span>\"
    <span class=sf-dump-index>9</span> => \"<span class=sf-dump-str title=\"10 characters\">page_class</span>\"
    <span class=sf-dump-index>10</span> => \"<span class=sf-dump-str title=\"11 characters\">back_to_top</span>\"
    <span class=sf-dump-index>11</span> => \"<span class=sf-dump-str title=\"17 characters\">breadcrumb_status</span>\"
    <span class=sf-dump-index>12</span> => \"<span class=sf-dump-str title=\"14 characters\">footer_variant</span>\"
    <span class=sf-dump-index>13</span> => \"<span class=sf-dump-str title=\"12 characters\">widget_style</span>\"
    <span class=sf-dump-index>14</span> => \"<span class=sf-dump-str title=\"11 characters\">left_column</span>\"
    <span class=sf-dump-index>15</span> => \"<span class=sf-dump-str title=\"12 characters\">right_column</span>\"
  </samp>]
  #<span class=sf-dump-protected title=\"Protected property\">guarded</span>: <span class=sf-dump-note>array:1</span> [<samp data-depth=2 class=sf-dump-compact>
    <span class=sf-dump-index>0</span> => \"<span class=sf-dump-str>*</span>\"
  </samp>]
</samp>}
</pre><script>Sfdump(\"sf-dump-662451144\", {\"maxDepth\":3,\"maxStringLength\":160})</script>
"}},"exception":"[object] (Spatie\\LaravelIgnition\\Exceptions\\ViewException(code: 0): Undefined variable $home_page at D:\\qixer\\@core\\resources\\views\\frontend\\frontend-home-new.blade.php:2)
[stacktrace]
#0 D:\\qixer\\@core\\vendor\\laravel\\framework\\src\\Illuminate\\Foundation\\Bootstrap\\HandleExceptions.php(255): Illuminate\\Foundation\\Bootstrap\\HandleExceptions->handleError(2, 'Undefined varia...', 'D:\\\\qixer\\\\@core\\\\...', 2)
#1 D:\\qixer\\@core\\resources\\views\\frontend\\frontend-home-new.blade.php(2): Illuminate\\Foundation\\Bootstrap\\HandleExceptions->Illuminate\\Foundation\\Bootstrap\\{closure}(2, 'Undefined varia...', 'D:\\\\qixer\\\\@core\\\\...', 2)
#2 D:\\qixer\\@core\\vendor\\laravel\\framework\\src\\Illuminate\\Filesystem\\Filesystem.php(123): require('D:\\\\qixer\\\\@core\\\\...')
#3 D:\\qixer\\@core\\vendor\\laravel\\framework\\src\\Illuminate\\Filesystem\\Filesystem.php(124): Illuminate\\Filesystem\\Filesystem::Illuminate\\Filesystem\\{closure}()
#4 D:\\qixer\\@core\\vendor\\laravel\\framework\\src\\Illuminate\\View\\Engines\\PhpEngine.php(58): Illuminate\\Filesystem\\Filesystem->getRequire('D:\\\\qixer\\\\@core\\\\...', Array)
#5 D:\\qixer\\@core\\vendor\\livewire\\livewire\\src\\ComponentConcerns\\RendersLivewireComponents.php(69): Illuminate\\View\\Engines\\PhpEngine->evaluatePath('D:\\\\qixer\\\\@core\\\\...', Array)
#6 D:\\qixer\\@core\\vendor\\laravel\\framework\\src\\Illuminate\\View\\Engines\\CompilerEngine.php(72): Livewire\\LivewireViewCompilerEngine->evaluatePath('D:\\\\qixer\\\\@core\\\\...', Array)
#7 D:\\qixer\\@core\\vendor\\livewire\\livewire\\src\\ComponentConcerns\\RendersLivewireComponents.php(35): Illuminate\\View\\Engines\\CompilerEngine->get('D:\\\\qixer\\\\@core\\\\...', Array)
#8 D:\\qixer\\@core\\vendor\\laravel\\framework\\src\\Illuminate\\View\\View.php(207): Livewire\\LivewireViewCompilerEngine->get('D:\\\\qixer\\\\@core\\\\...', Array)
#9 D:\\qixer\\@core\\vendor\\laravel\\framework\\src\\Illuminate\\View\\View.php(190): Illuminate\\View\\View->getContents()
#10 D:\\qixer\\@core\\vendor\\laravel\\framework\\src\\Illuminate\\View\\View.php(159): Illuminate\\View\\View->renderContents()
#11 D:\\qixer\\@core\\vendor\\laravel\\framework\\src\\Illuminate\\Http\\Response.php(69): Illuminate\\View\\View->render()
#12 D:\\qixer\\@core\\vendor\\laravel\\framework\\src\\Illuminate\\Http\\Response.php(35): Illuminate\\Http\\Response->setContent(Object(Illuminate\\View\\View))
#13 D:\\qixer\\@core\\vendor\\laravel\\framework\\src\\Illuminate\\Routing\\Router.php(918): Illuminate\\Http\\Response->__construct(Object(Illuminate\\View\\View), 200, Array)
#14 D:\\qixer\\@core\\vendor\\laravel\\framework\\src\\Illuminate\\Routing\\Router.php(885): Illuminate\\Routing\\Router::toResponse(Object(Illuminate\\Http\\Request), Object(Illuminate\\View\\View))
#15 D:\\qixer\\@core\\vendor\\laravel\\framework\\src\\Illuminate\\Routing\\Router.php(805): Illuminate\\Routing\\Router->prepareResponse(Object(Illuminate\\Http\\Request), Object(Illuminate\\View\\View))
#16 D:\\qixer\\@core\\vendor\\laravel\\framework\\src\\Illuminate\\Pipeline\\Pipeline.php(144): Illuminate\\Routing\\Router->Illuminate\\Routing\\{closure}(Object(Illuminate\\Http\\Request))
#17 D:\\qixer\\@core\\app\\Http\\Middleware\\SetLang.php(29): Illuminate\\Pipeline\\Pipeline->Illuminate\\Pipeline\\{closure}(Object(Illuminate\\Http\\Request))
#18 D:\\qixer\\@core\\vendor\\laravel\\framework\\src\\Illuminate\\Pipeline\\Pipeline.php(183): App\\Http\\Middleware\\SetLang->handle(Object(Illuminate\\Http\\Request), Object(Closure))
#19 D:\\qixer\\@core\\app\\Http\\Middleware\\MaintainsMode.php(22): Illuminate\\Pipeline\\Pipeline->Illuminate\\Pipeline\\{closure}(Object(Illuminate\\Http\\Request))
#20 D:\\qixer\\@core\\vendor\\laravel\\framework\\src\\Illuminate\\Pipeline\\Pipeline.php(183): App\\Http\\Middleware\\MaintainsMode->handle(Object(Illuminate\\Http\\Request), Object(Closure))
#21 D:\\qixer\\@core\\app\\Http\\Middleware\\GlobalVariableMiddleware.php(92): Illuminate\\Pipeline\\Pipeline->Illuminate\\Pipeline\\{closure}(Object(Illuminate\\Http\\Request))
#22 D:\\qixer\\@core\\vendor\\laravel\\framework\\src\\Illuminate\\Pipeline\\Pipeline.php(183): App\\Http\\Middleware\\GlobalVariableMiddleware->handle(Object(Illuminate\\Http\\Request), Object(Closure))
#23 D:\\qixer\\@core\\app\\Http\\Middleware\\ActivityByUser.php(29): Illuminate\\Pipeline\\Pipeline->Illuminate\\Pipeline\\{closure}(Object(Illuminate\\Http\\Request))
#24 D:\\qixer\\@core\\vendor\\laravel\\framework\\src\\Illuminate\\Pipeline\\Pipeline.php(183): App\\Http\\Middleware\\ActivityByUser->handle(Object(Illuminate\\Http\\Request), Object(Closure))
#25 D:\\qixer\\@core\\vendor\\laravel\\framework\\src\\Illuminate\\Routing\\Middleware\\SubstituteBindings.php(50): Illuminate\\Pipeline\\Pipeline->Illuminate\\Pipeline\\{closure}(Object(Illuminate\\Http\\Request))
#26 D:\\qixer\\@core\\vendor\\laravel\\framework\\src\\Illuminate\\Pipeline\\Pipeline.php(183): Illuminate\\Routing\\Middleware\\SubstituteBindings->handle(Object(Illuminate\\Http\\Request), Object(Closure))
#27 D:\\qixer\\@core\\vendor\\laravel\\framework\\src\\Illuminate\\Foundation\\Http\\Middleware\\VerifyCsrfToken.php(78): Illuminate\\Pipeline\\Pipeline->Illuminate\\Pipeline\\{closure}(Object(Illuminate\\Http\\Request))
#28 D:\\qixer\\@core\\vendor\\laravel\\framework\\src\\Illuminate\\Pipeline\\Pipeline.php(183): Illuminate\\Foundation\\Http\\Middleware\\VerifyCsrfToken->handle(Object(Illuminate\\Http\\Request), Object(Closure))
#29 D:\\qixer\\@core\\vendor\\laravel\\framework\\src\\Illuminate\\View\\Middleware\\ShareErrorsFromSession.php(49): Illuminate\\Pipeline\\Pipeline->Illuminate\\Pipeline\\{closure}(Object(Illuminate\\Http\\Request))
#30 D:\\qixer\\@core\\vendor\\laravel\\framework\\src\\Illuminate\\Pipeline\\Pipeline.php(183): Illuminate\\View\\Middleware\\ShareErrorsFromSession->handle(Object(Illuminate\\Http\\Request), Object(Closure))
#31 D:\\qixer\\@core\\vendor\\laravel\\framework\\src\\Illuminate\\Session\\Middleware\\StartSession.php(121): Illuminate\\Pipeline\\Pipeline->Illuminate\\Pipeline\\{closure}(Object(Illuminate\\Http\\Request))
#32 D:\\qixer\\@core\\vendor\\laravel\\framework\\src\\Illuminate\\Session\\Middleware\\StartSession.php(64): Illuminate\\Session\\Middleware\\StartSession->handleStatefulRequest(Object(Illuminate\\Http\\Request), Object(Illuminate\\Session\\Store), Object(Closure))
#33 D:\\qixer\\@core\\vendor\\laravel\\framework\\src\\Illuminate\\Pipeline\\Pipeline.php(183): Illuminate\\Session\\Middleware\\StartSession->handle(Object(Illuminate\\Http\\Request), Object(Closure))
#34 D:\\qixer\\@core\\vendor\\laravel\\framework\\src\\Illuminate\\Cookie\\Middleware\\AddQueuedCookiesToResponse.php(37): Illuminate\\Pipeline\\Pipeline->Illuminate\\Pipeline\\{closure}(Object(Illuminate\\Http\\Request))
#35 D:\\qixer\\@core\\vendor\\laravel\\framework\\src\\Illuminate\\Pipeline\\Pipeline.php(183): Illuminate\\Cookie\\Middleware\\AddQueuedCookiesToResponse->handle(Object(Illuminate\\Http\\Request), Object(Closure))
#36 D:\\qixer\\@core\\vendor\\laravel\\framework\\src\\Illuminate\\Cookie\\Middleware\\EncryptCookies.php(67): Illuminate\\Pipeline\\Pipeline->Illuminate\\Pipeline\\{closure}(Object(Illuminate\\Http\\Request))
#37 D:\\qixer\\@core\\vendor\\laravel\\framework\\src\\Illuminate\\Pipeline\\Pipeline.php(183): Illuminate\\Cookie\\Middleware\\EncryptCookies->handle(Object(Illuminate\\Http\\Request), Object(Closure))
#38 D:\\qixer\\@core\\vendor\\laravel\\framework\\src\\Illuminate\\Pipeline\\Pipeline.php(119): Illuminate\\Pipeline\\Pipeline->Illuminate\\Pipeline\\{closure}(Object(Illuminate\\Http\\Request))
#39 D:\\qixer\\@core\\vendor\\laravel\\framework\\src\\Illuminate\\Routing\\Router.php(805): Illuminate\\Pipeline\\Pipeline->then(Object(Closure))
#40 D:\\qixer\\@core\\vendor\\laravel\\framework\\src\\Illuminate\\Routing\\Router.php(784): Illuminate\\Routing\\Router->runRouteWithinStack(Object(Illuminate\\Routing\\Route), Object(Illuminate\\Http\\Request))
#41 D:\\qixer\\@core\\vendor\\laravel\\framework\\src\\Illuminate\\Routing\\Router.php(748): Illuminate\\Routing\\Router->runRoute(Object(Illuminate\\Http\\Request), Object(Illuminate\\Routing\\Route))
#42 D:\\qixer\\@core\\vendor\\laravel\\framework\\src\\Illuminate\\Routing\\Router.php(737): Illuminate\\Routing\\Router->dispatchToRoute(Object(Illuminate\\Http\\Request))
#43 D:\\qixer\\@core\\vendor\\laravel\\framework\\src\\Illuminate\\Foundation\\Http\\Kernel.php(200): Illuminate\\Routing\\Router->dispatch(Object(Illuminate\\Http\\Request))
#44 D:\\qixer\\@core\\vendor\\laravel\\framework\\src\\Illuminate\\Pipeline\\Pipeline.php(144): Illuminate\\Foundation\\Http\\Kernel->Illuminate\\Foundation\\Http\\{closure}(Object(Illuminate\\Http\\Request))
#45 D:\\qixer\\@core\\vendor\\livewire\\livewire\\src\\DisableBrowserCache.php(19): Illuminate\\Pipeline\\Pipeline->Illuminate\\Pipeline\\{closure}(Object(Illuminate\\Http\\Request))
#46 D:\\qixer\\@core\\vendor\\laravel\\framework\\src\\Illuminate\\Pipeline\\Pipeline.php(183): Livewire\\DisableBrowserCache->handle(Object(Illuminate\\Http\\Request), Object(Closure))
#47 D:\\qixer\\@core\\vendor\\xgenious\\installer\\src\\Http\\Middleware\\InstallerMiddleware.php(18): Illuminate\\Pipeline\\Pipeline->Illuminate\\Pipeline\\{closure}(Object(Illuminate\\Http\\Request))
#48 D:\\qixer\\@core\\vendor\\laravel\\framework\\src\\Illuminate\\Pipeline\\Pipeline.php(183): Xgenious\\Installer\\Http\\Middleware\\InstallerMiddleware->handle(Object(Illuminate\\Http\\Request), Object(Closure))
#49 D:\\qixer\\@core\\vendor\\laravel\\framework\\src\\Illuminate\\Foundation\\Http\\Middleware\\TransformsRequest.php(21): Illuminate\\Pipeline\\Pipeline->Illuminate\\Pipeline\\{closure}(Object(Illuminate\\Http\\Request))
#50 D:\\qixer\\@core\\vendor\\laravel\\framework\\src\\Illuminate\\Foundation\\Http\\Middleware\\ConvertEmptyStringsToNull.php(31): Illuminate\\Foundation\\Http\\Middleware\\TransformsRequest->handle(Object(Illuminate\\Http\\Request), Object(Closure))
#51 D:\\qixer\\@core\\vendor\\laravel\\framework\\src\\Illuminate\\Pipeline\\Pipeline.php(183): Illuminate\\Foundation\\Http\\Middleware\\ConvertEmptyStringsToNull->handle(Object(Illuminate\\Http\\Request), Object(Closure))
#52 D:\\qixer\\@core\\vendor\\laravel\\framework\\src\\Illuminate\\Foundation\\Http\\Middleware\\TransformsRequest.php(21): Illuminate\\Pipeline\\Pipeline->Illuminate\\Pipeline\\{closure}(Object(Illuminate\\Http\\Request))
#53 D:\\qixer\\@core\\vendor\\laravel\\framework\\src\\Illuminate\\Foundation\\Http\\Middleware\\TrimStrings.php(40): Illuminate\\Foundation\\Http\\Middleware\\TransformsRequest->handle(Object(Illuminate\\Http\\Request), Object(Closure))
#54 D:\\qixer\\@core\\vendor\\laravel\\framework\\src\\Illuminate\\Pipeline\\Pipeline.php(183): Illuminate\\Foundation\\Http\\Middleware\\TrimStrings->handle(Object(Illuminate\\Http\\Request), Object(Closure))
#55 D:\\qixer\\@core\\vendor\\laravel\\framework\\src\\Illuminate\\Foundation\\Http\\Middleware\\ValidatePostSize.php(27): Illuminate\\Pipeline\\Pipeline->Illuminate\\Pipeline\\{closure}(Object(Illuminate\\Http\\Request))
#56 D:\\qixer\\@core\\vendor\\laravel\\framework\\src\\Illuminate\\Pipeline\\Pipeline.php(183): Illuminate\\Foundation\\Http\\Middleware\\ValidatePostSize->handle(Object(Illuminate\\Http\\Request), Object(Closure))
#57 D:\\qixer\\@core\\vendor\\laravel\\framework\\src\\Illuminate\\Foundation\\Http\\Middleware\\PreventRequestsDuringMaintenance.php(99): Illuminate\\Pipeline\\Pipeline->Illuminate\\Pipeline\\{closure}(Object(Illuminate\\Http\\Request))
#58 D:\\qixer\\@core\\vendor\\laravel\\framework\\src\\Illuminate\\Pipeline\\Pipeline.php(183): Illuminate\\Foundation\\Http\\Middleware\\PreventRequestsDuringMaintenance->handle(Object(Illuminate\\Http\\Request), Object(Closure))
#59 D:\\qixer\\@core\\vendor\\laravel\\framework\\src\\Illuminate\\Http\\Middleware\\TrustProxies.php(39): Illuminate\\Pipeline\\Pipeline->Illuminate\\Pipeline\\{closure}(Object(Illuminate\\Http\\Request))
#60 D:\\qixer\\@core\\vendor\\laravel\\framework\\src\\Illuminate\\Pipeline\\Pipeline.php(183): Illuminate\\Http\\Middleware\\TrustProxies->handle(Object(Illuminate\\Http\\Request), Object(Closure))
#61 D:\\qixer\\@core\\vendor\\laravel\\framework\\src\\Illuminate\\Pipeline\\Pipeline.php(119): Illuminate\\Pipeline\\Pipeline->Illuminate\\Pipeline\\{closure}(Object(Illuminate\\Http\\Request))
#62 D:\\qixer\\@core\\vendor\\laravel\\framework\\src\\Illuminate\\Foundation\\Http\\Kernel.php(175): Illuminate\\Pipeline\\Pipeline->then(Object(Closure))
#63 D:\\qixer\\@core\\vendor\\laravel\\framework\\src\\Illuminate\\Foundation\\Http\\Kernel.php(144): Illuminate\\Foundation\\Http\\Kernel->sendRequestThroughRouter(Object(Illuminate\\Http\\Request))
#64 D:\\qixer\\index.php(54): Illuminate\\Foundation\\Http\\Kernel->handle(Object(Illuminate\\Http\\Request))
#65 {main}

[previous exception] [object] (ErrorException(code: 0): Undefined variable $home_page at D:\\qixer\\@core\\storage\\framework\\views\\f01f082d448e4a10405b1d296753a553.php:2)
[stacktrace]
#0 D:\\qixer\\@core\\vendor\\laravel\\framework\\src\\Illuminate\\Foundation\\Bootstrap\\HandleExceptions.php(255): Illuminate\\Foundation\\Bootstrap\\HandleExceptions->handleError(2, 'Undefined varia...', 'D:\\\\qixer\\\\@core\\\\...', 2)
#1 D:\\qixer\\@core\\storage\\framework\\views\\f01f082d448e4a10405b1d296753a553.php(2): Illuminate\\Foundation\\Bootstrap\\HandleExceptions->Illuminate\\Foundation\\Bootstrap\\{closure}(2, 'Undefined varia...', 'D:\\\\qixer\\\\@core\\\\...', 2)
#2 D:\\qixer\\@core\\vendor\\laravel\\framework\\src\\Illuminate\\Filesystem\\Filesystem.php(123): require('D:\\\\qixer\\\\@core\\\\...')
#3 D:\\qixer\\@core\\vendor\\laravel\\framework\\src\\Illuminate\\Filesystem\\Filesystem.php(124): Illuminate\\Filesystem\\Filesystem::Illuminate\\Filesystem\\{closure}()
#4 D:\\qixer\\@core\\vendor\\laravel\\framework\\src\\Illuminate\\View\\Engines\\PhpEngine.php(58): Illuminate\\Filesystem\\Filesystem->getRequire('D:\\\\qixer\\\\@core\\\\...', Array)
#5 D:\\qixer\\@core\\vendor\\livewire\\livewire\\src\\ComponentConcerns\\RendersLivewireComponents.php(69): Illuminate\\View\\Engines\\PhpEngine->evaluatePath('D:\\\\qixer\\\\@core\\\\...', Array)
#6 D:\\qixer\\@core\\vendor\\laravel\\framework\\src\\Illuminate\\View\\Engines\\CompilerEngine.php(72): Livewire\\LivewireViewCompilerEngine->evaluatePath('D:\\\\qixer\\\\@core\\\\...', Array)
#7 D:\\qixer\\@core\\vendor\\livewire\\livewire\\src\\ComponentConcerns\\RendersLivewireComponents.php(35): Illuminate\\View\\Engines\\CompilerEngine->get('D:\\\\qixer\\\\@core\\\\...', Array)
#8 D:\\qixer\\@core\\vendor\\laravel\\framework\\src\\Illuminate\\View\\View.php(207): Livewire\\LivewireViewCompilerEngine->get('D:\\\\qixer\\\\@core\\\\...', Array)
#9 D:\\qixer\\@core\\vendor\\laravel\\framework\\src\\Illuminate\\View\\View.php(190): Illuminate\\View\\View->getContents()
#10 D:\\qixer\\@core\\vendor\\laravel\\framework\\src\\Illuminate\\View\\View.php(159): Illuminate\\View\\View->renderContents()
#11 D:\\qixer\\@core\\vendor\\laravel\\framework\\src\\Illuminate\\Http\\Response.php(69): Illuminate\\View\\View->render()
#12 D:\\qixer\\@core\\vendor\\laravel\\framework\\src\\Illuminate\\Http\\Response.php(35): Illuminate\\Http\\Response->setContent(Object(Illuminate\\View\\View))
#13 D:\\qixer\\@core\\vendor\\laravel\\framework\\src\\Illuminate\\Routing\\Router.php(918): Illuminate\\Http\\Response->__construct(Object(Illuminate\\View\\View), 200, Array)
#14 D:\\qixer\\@core\\vendor\\laravel\\framework\\src\\Illuminate\\Routing\\Router.php(885): Illuminate\\Routing\\Router::toResponse(Object(Illuminate\\Http\\Request), Object(Illuminate\\View\\View))
#15 D:\\qixer\\@core\\vendor\\laravel\\framework\\src\\Illuminate\\Routing\\Router.php(805): Illuminate\\Routing\\Router->prepareResponse(Object(Illuminate\\Http\\Request), Object(Illuminate\\View\\View))
#16 D:\\qixer\\@core\\vendor\\laravel\\framework\\src\\Illuminate\\Pipeline\\Pipeline.php(144): Illuminate\\Routing\\Router->Illuminate\\Routing\\{closure}(Object(Illuminate\\Http\\Request))
#17 D:\\qixer\\@core\\app\\Http\\Middleware\\SetLang.php(29): Illuminate\\Pipeline\\Pipeline->Illuminate\\Pipeline\\{closure}(Object(Illuminate\\Http\\Request))
#18 D:\\qixer\\@core\\vendor\\laravel\\framework\\src\\Illuminate\\Pipeline\\Pipeline.php(183): App\\Http\\Middleware\\SetLang->handle(Object(Illuminate\\Http\\Request), Object(Closure))
#19 D:\\qixer\\@core\\app\\Http\\Middleware\\MaintainsMode.php(22): Illuminate\\Pipeline\\Pipeline->Illuminate\\Pipeline\\{closure}(Object(Illuminate\\Http\\Request))
#20 D:\\qixer\\@core\\vendor\\laravel\\framework\\src\\Illuminate\\Pipeline\\Pipeline.php(183): App\\Http\\Middleware\\MaintainsMode->handle(Object(Illuminate\\Http\\Request), Object(Closure))
#21 D:\\qixer\\@core\\app\\Http\\Middleware\\GlobalVariableMiddleware.php(92): Illuminate\\Pipeline\\Pipeline->Illuminate\\Pipeline\\{closure}(Object(Illuminate\\Http\\Request))
#22 D:\\qixer\\@core\\vendor\\laravel\\framework\\src\\Illuminate\\Pipeline\\Pipeline.php(183): App\\Http\\Middleware\\GlobalVariableMiddleware->handle(Object(Illuminate\\Http\\Request), Object(Closure))
#23 D:\\qixer\\@core\\app\\Http\\Middleware\\ActivityByUser.php(29): Illuminate\\Pipeline\\Pipeline->Illuminate\\Pipeline\\{closure}(Object(Illuminate\\Http\\Request))
#24 D:\\qixer\\@core\\vendor\\laravel\\framework\\src\\Illuminate\\Pipeline\\Pipeline.php(183): App\\Http\\Middleware\\ActivityByUser->handle(Object(Illuminate\\Http\\Request), Object(Closure))
#25 D:\\qixer\\@core\\vendor\\laravel\\framework\\src\\Illuminate\\Routing\\Middleware\\SubstituteBindings.php(50): Illuminate\\Pipeline\\Pipeline->Illuminate\\Pipeline\\{closure}(Object(Illuminate\\Http\\Request))
#26 D:\\qixer\\@core\\vendor\\laravel\\framework\\src\\Illuminate\\Pipeline\\Pipeline.php(183): Illuminate\\Routing\\Middleware\\SubstituteBindings->handle(Object(Illuminate\\Http\\Request), Object(Closure))
#27 D:\\qixer\\@core\\vendor\\laravel\\framework\\src\\Illuminate\\Foundation\\Http\\Middleware\\VerifyCsrfToken.php(78): Illuminate\\Pipeline\\Pipeline->Illuminate\\Pipeline\\{closure}(Object(Illuminate\\Http\\Request))
#28 D:\\qixer\\@core\\vendor\\laravel\\framework\\src\\Illuminate\\Pipeline\\Pipeline.php(183): Illuminate\\Foundation\\Http\\Middleware\\VerifyCsrfToken->handle(Object(Illuminate\\Http\\Request), Object(Closure))
#29 D:\\qixer\\@core\\vendor\\laravel\\framework\\src\\Illuminate\\View\\Middleware\\ShareErrorsFromSession.php(49): Illuminate\\Pipeline\\Pipeline->Illuminate\\Pipeline\\{closure}(Object(Illuminate\\Http\\Request))
#30 D:\\qixer\\@core\\vendor\\laravel\\framework\\src\\Illuminate\\Pipeline\\Pipeline.php(183): Illuminate\\View\\Middleware\\ShareErrorsFromSession->handle(Object(Illuminate\\Http\\Request), Object(Closure))
#31 D:\\qixer\\@core\\vendor\\laravel\\framework\\src\\Illuminate\\Session\\Middleware\\StartSession.php(121): Illuminate\\Pipeline\\Pipeline->Illuminate\\Pipeline\\{closure}(Object(Illuminate\\Http\\Request))
#32 D:\\qixer\\@core\\vendor\\laravel\\framework\\src\\Illuminate\\Session\\Middleware\\StartSession.php(64): Illuminate\\Session\\Middleware\\StartSession->handleStatefulRequest(Object(Illuminate\\Http\\Request), Object(Illuminate\\Session\\Store), Object(Closure))
#33 D:\\qixer\\@core\\vendor\\laravel\\framework\\src\\Illuminate\\Pipeline\\Pipeline.php(183): Illuminate\\Session\\Middleware\\StartSession->handle(Object(Illuminate\\Http\\Request), Object(Closure))
#34 D:\\qixer\\@core\\vendor\\laravel\\framework\\src\\Illuminate\\Cookie\\Middleware\\AddQueuedCookiesToResponse.php(37): Illuminate\\Pipeline\\Pipeline->Illuminate\\Pipeline\\{closure}(Object(Illuminate\\Http\\Request))
#35 D:\\qixer\\@core\\vendor\\laravel\\framework\\src\\Illuminate\\Pipeline\\Pipeline.php(183): Illuminate\\Cookie\\Middleware\\AddQueuedCookiesToResponse->handle(Object(Illuminate\\Http\\Request), Object(Closure))
#36 D:\\qixer\\@core\\vendor\\laravel\\framework\\src\\Illuminate\\Cookie\\Middleware\\EncryptCookies.php(67): Illuminate\\Pipeline\\Pipeline->Illuminate\\Pipeline\\{closure}(Object(Illuminate\\Http\\Request))
#37 D:\\qixer\\@core\\vendor\\laravel\\framework\\src\\Illuminate\\Pipeline\\Pipeline.php(183): Illuminate\\Cookie\\Middleware\\EncryptCookies->handle(Object(Illuminate\\Http\\Request), Object(Closure))
#38 D:\\qixer\\@core\\vendor\\laravel\\framework\\src\\Illuminate\\Pipeline\\Pipeline.php(119): Illuminate\\Pipeline\\Pipeline->Illuminate\\Pipeline\\{closure}(Object(Illuminate\\Http\\Request))
#39 D:\\qixer\\@core\\vendor\\laravel\\framework\\src\\Illuminate\\Routing\\Router.php(805): Illuminate\\Pipeline\\Pipeline->then(Object(Closure))
#40 D:\\qixer\\@core\\vendor\\laravel\\framework\\src\\Illuminate\\Routing\\Router.php(784): Illuminate\\Routing\\Router->runRouteWithinStack(Object(Illuminate\\Routing\\Route), Object(Illuminate\\Http\\Request))
#41 D:\\qixer\\@core\\vendor\\laravel\\framework\\src\\Illuminate\\Routing\\Router.php(748): Illuminate\\Routing\\Router->runRoute(Object(Illuminate\\Http\\Request), Object(Illuminate\\Routing\\Route))
#42 D:\\qixer\\@core\\vendor\\laravel\\framework\\src\\Illuminate\\Routing\\Router.php(737): Illuminate\\Routing\\Router->dispatchToRoute(Object(Illuminate\\Http\\Request))
#43 D:\\qixer\\@core\\vendor\\laravel\\framework\\src\\Illuminate\\Foundation\\Http\\Kernel.php(200): Illuminate\\Routing\\Router->dispatch(Object(Illuminate\\Http\\Request))
#44 D:\\qixer\\@core\\vendor\\laravel\\framework\\src\\Illuminate\\Pipeline\\Pipeline.php(144): Illuminate\\Foundation\\Http\\Kernel->Illuminate\\Foundation\\Http\\{closure}(Object(Illuminate\\Http\\Request))
#45 D:\\qixer\\@core\\vendor\\livewire\\livewire\\src\\DisableBrowserCache.php(19): Illuminate\\Pipeline\\Pipeline->Illuminate\\Pipeline\\{closure}(Object(Illuminate\\Http\\Request))
#46 D:\\qixer\\@core\\vendor\\laravel\\framework\\src\\Illuminate\\Pipeline\\Pipeline.php(183): Livewire\\DisableBrowserCache->handle(Object(Illuminate\\Http\\Request), Object(Closure))
#47 D:\\qixer\\@core\\vendor\\xgenious\\installer\\src\\Http\\Middleware\\InstallerMiddleware.php(18): Illuminate\\Pipeline\\Pipeline->Illuminate\\Pipeline\\{closure}(Object(Illuminate\\Http\\Request))
#48 D:\\qixer\\@core\\vendor\\laravel\\framework\\src\\Illuminate\\Pipeline\\Pipeline.php(183): Xgenious\\Installer\\Http\\Middleware\\InstallerMiddleware->handle(Object(Illuminate\\Http\\Request), Object(Closure))
#49 D:\\qixer\\@core\\vendor\\laravel\\framework\\src\\Illuminate\\Foundation\\Http\\Middleware\\TransformsRequest.php(21): Illuminate\\Pipeline\\Pipeline->Illuminate\\Pipeline\\{closure}(Object(Illuminate\\Http\\Request))
#50 D:\\qixer\\@core\\vendor\\laravel\\framework\\src\\Illuminate\\Foundation\\Http\\Middleware\\ConvertEmptyStringsToNull.php(31): Illuminate\\Foundation\\Http\\Middleware\\TransformsRequest->handle(Object(Illuminate\\Http\\Request), Object(Closure))
#51 D:\\qixer\\@core\\vendor\\laravel\\framework\\src\\Illuminate\\Pipeline\\Pipeline.php(183): Illuminate\\Foundation\\Http\\Middleware\\ConvertEmptyStringsToNull->handle(Object(Illuminate\\Http\\Request), Object(Closure))
#52 D:\\qixer\\@core\\vendor\\laravel\\framework\\src\\Illuminate\\Foundation\\Http\\Middleware\\TransformsRequest.php(21): Illuminate\\Pipeline\\Pipeline->Illuminate\\Pipeline\\{closure}(Object(Illuminate\\Http\\Request))
#53 D:\\qixer\\@core\\vendor\\laravel\\framework\\src\\Illuminate\\Foundation\\Http\\Middleware\\TrimStrings.php(40): Illuminate\\Foundation\\Http\\Middleware\\TransformsRequest->handle(Object(Illuminate\\Http\\Request), Object(Closure))
#54 D:\\qixer\\@core\\vendor\\laravel\\framework\\src\\Illuminate\\Pipeline\\Pipeline.php(183): Illuminate\\Foundation\\Http\\Middleware\\TrimStrings->handle(Object(Illuminate\\Http\\Request), Object(Closure))
#55 D:\\qixer\\@core\\vendor\\laravel\\framework\\src\\Illuminate\\Foundation\\Http\\Middleware\\ValidatePostSize.php(27): Illuminate\\Pipeline\\Pipeline->Illuminate\\Pipeline\\{closure}(Object(Illuminate\\Http\\Request))
#56 D:\\qixer\\@core\\vendor\\laravel\\framework\\src\\Illuminate\\Pipeline\\Pipeline.php(183): Illuminate\\Foundation\\Http\\Middleware\\ValidatePostSize->handle(Object(Illuminate\\Http\\Request), Object(Closure))
#57 D:\\qixer\\@core\\vendor\\laravel\\framework\\src\\Illuminate\\Foundation\\Http\\Middleware\\PreventRequestsDuringMaintenance.php(99): Illuminate\\Pipeline\\Pipeline->Illuminate\\Pipeline\\{closure}(Object(Illuminate\\Http\\Request))
#58 D:\\qixer\\@core\\vendor\\laravel\\framework\\src\\Illuminate\\Pipeline\\Pipeline.php(183): Illuminate\\Foundation\\Http\\Middleware\\PreventRequestsDuringMaintenance->handle(Object(Illuminate\\Http\\Request), Object(Closure))
#59 D:\\qixer\\@core\\vendor\\laravel\\framework\\src\\Illuminate\\Http\\Middleware\\TrustProxies.php(39): Illuminate\\Pipeline\\Pipeline->Illuminate\\Pipeline\\{closure}(Object(Illuminate\\Http\\Request))
#60 D:\\qixer\\@core\\vendor\\laravel\\framework\\src\\Illuminate\\Pipeline\\Pipeline.php(183): Illuminate\\Http\\Middleware\\TrustProxies->handle(Object(Illuminate\\Http\\Request), Object(Closure))
#61 D:\\qixer\\@core\\vendor\\laravel\\framework\\src\\Illuminate\\Pipeline\\Pipeline.php(119): Illuminate\\Pipeline\\Pipeline->Illuminate\\Pipeline\\{closure}(Object(Illuminate\\Http\\Request))
#62 D:\\qixer\\@core\\vendor\\laravel\\framework\\src\\Illuminate\\Foundation\\Http\\Kernel.php(175): Illuminate\\Pipeline\\Pipeline->then(Object(Closure))
#63 D:\\qixer\\@core\\vendor\\laravel\\framework\\src\\Illuminate\\Foundation\\Http\\Kernel.php(144): Illuminate\\Foundation\\Http\\Kernel->sendRequestThroughRouter(Object(Illuminate\\Http\\Request))
#64 D:\\qixer\\index.php(54): Illuminate\\Foundation\\Http\\Kernel->handle(Object(Illuminate\\Http\\Request))
#65 {main}
"} 
[2025-02-25 18:17:22] local.ERROR: Trait "Spatie\Translatable\HasTranslations" not found {"exception":"[object] (Symfony\\Component\\ErrorHandler\\Error\\FatalError(code: 0): Trait \"Spatie\\Translatable\\HasTranslations\" not found at D:\\qixer\\@core\\app\\GalleryCategory.php:9)
[stacktrace]
#0 {main}
"} 
[2025-02-25 18:18:20] local.ERROR: Trait "Spatie\Translatable\HasTranslations" not found {"exception":"[object] (Symfony\\Component\\ErrorHandler\\Error\\FatalError(code: 0): Trait \"Spatie\\Translatable\\HasTranslations\" not found at D:\\qixer\\@core\\app\\GalleryCategory.php:9)
[stacktrace]
#0 {main}
"} 
[2025-02-25 18:19:21] local.ERROR: Trait "Spatie\Translatable\HasTranslations" not found {"exception":"[object] (Symfony\\Component\\ErrorHandler\\Error\\FatalError(code: 0): Trait \"Spatie\\Translatable\\HasTranslations\" not found at D:\\qixer\\@core\\app\\GalleryCategory.php:9)
[stacktrace]
#0 {main}
"} 
[2025-02-25 18:20:20] local.ERROR: Trait "Spatie\Translatable\HasTranslations" not found {"exception":"[object] (Symfony\\Component\\ErrorHandler\\Error\\FatalError(code: 0): Trait \"Spatie\\Translatable\\HasTranslations\" not found at D:\\qixer\\@core\\app\\GalleryCategory.php:9)
[stacktrace]
#0 {main}
"} 
[2025-02-25 18:21:21] local.ERROR: Trait "Spatie\Translatable\HasTranslations" not found {"exception":"[object] (Symfony\\Component\\ErrorHandler\\Error\\FatalError(code: 0): Trait \"Spatie\\Translatable\\HasTranslations\" not found at D:\\qixer\\@core\\app\\GalleryCategory.php:9)
[stacktrace]
#0 {main}
"} 
[2025-02-25 18:22:21] local.ERROR: Trait "Spatie\Translatable\HasTranslations" not found {"exception":"[object] (Symfony\\Component\\ErrorHandler\\Error\\FatalError(code: 0): Trait \"Spatie\\Translatable\\HasTranslations\" not found at D:\\qixer\\@core\\app\\GalleryCategory.php:9)
[stacktrace]
#0 {main}
"} 
[2025-02-25 18:23:21] local.ERROR: Trait "Spatie\Translatable\HasTranslations" not found {"exception":"[object] (Symfony\\Component\\ErrorHandler\\Error\\FatalError(code: 0): Trait \"Spatie\\Translatable\\HasTranslations\" not found at D:\\qixer\\@core\\app\\GalleryCategory.php:9)
[stacktrace]
#0 {main}
"} 
[2025-02-25 18:24:21] local.ERROR: Trait "Spatie\Translatable\HasTranslations" not found {"exception":"[object] (Symfony\\Component\\ErrorHandler\\Error\\FatalError(code: 0): Trait \"Spatie\\Translatable\\HasTranslations\" not found at D:\\qixer\\@core\\app\\GalleryCategory.php:9)
[stacktrace]
#0 {main}
"} 
[2025-02-25 18:25:20] local.ERROR: Trait "Spatie\Translatable\HasTranslations" not found {"exception":"[object] (Symfony\\Component\\ErrorHandler\\Error\\FatalError(code: 0): Trait \"Spatie\\Translatable\\HasTranslations\" not found at D:\\qixer\\@core\\app\\GalleryCategory.php:9)
[stacktrace]
#0 {main}
"} 
[2025-02-25 18:26:20] local.ERROR: Trait "Spatie\Translatable\HasTranslations" not found {"exception":"[object] (Symfony\\Component\\ErrorHandler\\Error\\FatalError(code: 0): Trait \"Spatie\\Translatable\\HasTranslations\" not found at D:\\qixer\\@core\\app\\GalleryCategory.php:9)
[stacktrace]
#0 {main}
"} 
[2025-02-25 18:27:21] local.ERROR: Trait "Spatie\Translatable\HasTranslations" not found {"exception":"[object] (Symfony\\Component\\ErrorHandler\\Error\\FatalError(code: 0): Trait \"Spatie\\Translatable\\HasTranslations\" not found at D:\\qixer\\@core\\app\\GalleryCategory.php:9)
[stacktrace]
#0 {main}
"} 
[2025-02-25 18:28:20] local.ERROR: Trait "Spatie\Translatable\HasTranslations" not found {"exception":"[object] (Symfony\\Component\\ErrorHandler\\Error\\FatalError(code: 0): Trait \"Spatie\\Translatable\\HasTranslations\" not found at D:\\qixer\\@core\\app\\GalleryCategory.php:9)
[stacktrace]
#0 {main}
"} 
[2025-02-25 18:29:20] local.ERROR: Trait "Spatie\Translatable\HasTranslations" not found {"exception":"[object] (Symfony\\Component\\ErrorHandler\\Error\\FatalError(code: 0): Trait \"Spatie\\Translatable\\HasTranslations\" not found at D:\\qixer\\@core\\app\\GalleryCategory.php:9)
[stacktrace]
#0 {main}
"} 
[2025-02-25 18:30:20] local.ERROR: Trait "Spatie\Translatable\HasTranslations" not found {"exception":"[object] (Symfony\\Component\\ErrorHandler\\Error\\FatalError(code: 0): Trait \"Spatie\\Translatable\\HasTranslations\" not found at D:\\qixer\\@core\\app\\GalleryCategory.php:9)
[stacktrace]
#0 {main}
"} 
[2025-02-25 18:31:21] local.ERROR: Trait "Spatie\Translatable\HasTranslations" not found {"exception":"[object] (Symfony\\Component\\ErrorHandler\\Error\\FatalError(code: 0): Trait \"Spatie\\Translatable\\HasTranslations\" not found at D:\\qixer\\@core\\app\\GalleryCategory.php:9)
[stacktrace]
#0 {main}
"} 
[2025-02-25 18:32:21] local.ERROR: Trait "Spatie\Translatable\HasTranslations" not found {"exception":"[object] (Symfony\\Component\\ErrorHandler\\Error\\FatalError(code: 0): Trait \"Spatie\\Translatable\\HasTranslations\" not found at D:\\qixer\\@core\\app\\GalleryCategory.php:9)
[stacktrace]
#0 {main}
"} 
[2025-02-25 18:33:20] local.ERROR: Trait "Spatie\Translatable\HasTranslations" not found {"exception":"[object] (Symfony\\Component\\ErrorHandler\\Error\\FatalError(code: 0): Trait \"Spatie\\Translatable\\HasTranslations\" not found at D:\\qixer\\@core\\app\\GalleryCategory.php:9)
[stacktrace]
#0 {main}
"} 
[2025-02-25 18:34:20] local.ERROR: Trait "Spatie\Translatable\HasTranslations" not found {"exception":"[object] (Symfony\\Component\\ErrorHandler\\Error\\FatalError(code: 0): Trait \"Spatie\\Translatable\\HasTranslations\" not found at D:\\qixer\\@core\\app\\GalleryCategory.php:9)
[stacktrace]
#0 {main}
"} 
[2025-02-25 18:35:20] local.ERROR: Trait "Spatie\Translatable\HasTranslations" not found {"exception":"[object] (Symfony\\Component\\ErrorHandler\\Error\\FatalError(code: 0): Trait \"Spatie\\Translatable\\HasTranslations\" not found at D:\\qixer\\@core\\app\\GalleryCategory.php:9)
[stacktrace]
#0 {main}
"} 
[2025-02-25 18:36:20] local.ERROR: Trait "Spatie\Translatable\HasTranslations" not found {"exception":"[object] (Symfony\\Component\\ErrorHandler\\Error\\FatalError(code: 0): Trait \"Spatie\\Translatable\\HasTranslations\" not found at D:\\qixer\\@core\\app\\GalleryCategory.php:9)
[stacktrace]
#0 {main}
"} 
[2025-02-25 18:37:20] local.ERROR: Trait "Spatie\Translatable\HasTranslations" not found {"exception":"[object] (Symfony\\Component\\ErrorHandler\\Error\\FatalError(code: 0): Trait \"Spatie\\Translatable\\HasTranslations\" not found at D:\\qixer\\@core\\app\\GalleryCategory.php:9)
[stacktrace]
#0 {main}
"} 
[2025-02-25 18:38:21] local.ERROR: Trait "Spatie\Translatable\HasTranslations" not found {"exception":"[object] (Symfony\\Component\\ErrorHandler\\Error\\FatalError(code: 0): Trait \"Spatie\\Translatable\\HasTranslations\" not found at D:\\qixer\\@core\\app\\GalleryCategory.php:9)
[stacktrace]
#0 {main}
"} 
[2025-02-25 18:39:20] local.ERROR: Trait "Spatie\Translatable\HasTranslations" not found {"exception":"[object] (Symfony\\Component\\ErrorHandler\\Error\\FatalError(code: 0): Trait \"Spatie\\Translatable\\HasTranslations\" not found at D:\\qixer\\@core\\app\\GalleryCategory.php:9)
[stacktrace]
#0 {main}
"} 
[2025-02-25 18:40:20] local.ERROR: Trait "Spatie\Translatable\HasTranslations" not found {"exception":"[object] (Symfony\\Component\\ErrorHandler\\Error\\FatalError(code: 0): Trait \"Spatie\\Translatable\\HasTranslations\" not found at D:\\qixer\\@core\\app\\GalleryCategory.php:9)
[stacktrace]
#0 {main}
"} 
[2025-02-25 18:41:21] local.ERROR: Trait "Spatie\Translatable\HasTranslations" not found {"exception":"[object] (Symfony\\Component\\ErrorHandler\\Error\\FatalError(code: 0): Trait \"Spatie\\Translatable\\HasTranslations\" not found at D:\\qixer\\@core\\app\\GalleryCategory.php:9)
[stacktrace]
#0 {main}
"} 
[2025-02-25 18:42:20] local.ERROR: Trait "Spatie\Translatable\HasTranslations" not found {"exception":"[object] (Symfony\\Component\\ErrorHandler\\Error\\FatalError(code: 0): Trait \"Spatie\\Translatable\\HasTranslations\" not found at D:\\qixer\\@core\\app\\GalleryCategory.php:9)
[stacktrace]
#0 {main}
"} 
[2025-02-25 18:43:20] local.ERROR: Trait "Spatie\Translatable\HasTranslations" not found {"exception":"[object] (Symfony\\Component\\ErrorHandler\\Error\\FatalError(code: 0): Trait \"Spatie\\Translatable\\HasTranslations\" not found at D:\\qixer\\@core\\app\\GalleryCategory.php:9)
[stacktrace]
#0 {main}
"} 
[2025-02-25 18:44:20] local.ERROR: Trait "Spatie\Translatable\HasTranslations" not found {"exception":"[object] (Symfony\\Component\\ErrorHandler\\Error\\FatalError(code: 0): Trait \"Spatie\\Translatable\\HasTranslations\" not found at D:\\qixer\\@core\\app\\GalleryCategory.php:9)
[stacktrace]
#0 {main}
"} 
[2025-02-25 18:45:20] local.ERROR: Trait "Spatie\Translatable\HasTranslations" not found {"exception":"[object] (Symfony\\Component\\ErrorHandler\\Error\\FatalError(code: 0): Trait \"Spatie\\Translatable\\HasTranslations\" not found at D:\\qixer\\@core\\app\\GalleryCategory.php:9)
[stacktrace]
#0 {main}
"} 
[2025-02-25 18:46:21] local.ERROR: Trait "Spatie\Translatable\HasTranslations" not found {"exception":"[object] (Symfony\\Component\\ErrorHandler\\Error\\FatalError(code: 0): Trait \"Spatie\\Translatable\\HasTranslations\" not found at D:\\qixer\\@core\\app\\GalleryCategory.php:9)
[stacktrace]
#0 {main}
"} 
[2025-02-25 18:47:21] local.ERROR: Trait "Spatie\Translatable\HasTranslations" not found {"exception":"[object] (Symfony\\Component\\ErrorHandler\\Error\\FatalError(code: 0): Trait \"Spatie\\Translatable\\HasTranslations\" not found at D:\\qixer\\@core\\app\\GalleryCategory.php:9)
[stacktrace]
#0 {main}
"} 
[2025-02-25 18:48:21] local.ERROR: Trait "Spatie\Translatable\HasTranslations" not found {"exception":"[object] (Symfony\\Component\\ErrorHandler\\Error\\FatalError(code: 0): Trait \"Spatie\\Translatable\\HasTranslations\" not found at D:\\qixer\\@core\\app\\GalleryCategory.php:9)
[stacktrace]
#0 {main}
"} 
[2025-02-25 18:49:20] local.ERROR: Trait "Spatie\Translatable\HasTranslations" not found {"exception":"[object] (Symfony\\Component\\ErrorHandler\\Error\\FatalError(code: 0): Trait \"Spatie\\Translatable\\HasTranslations\" not found at D:\\qixer\\@core\\app\\GalleryCategory.php:9)
[stacktrace]
#0 {main}
"} 
[2025-02-25 18:50:20] local.ERROR: Trait "Spatie\Translatable\HasTranslations" not found {"exception":"[object] (Symfony\\Component\\ErrorHandler\\Error\\FatalError(code: 0): Trait \"Spatie\\Translatable\\HasTranslations\" not found at D:\\qixer\\@core\\app\\GalleryCategory.php:9)
[stacktrace]
#0 {main}
"} 
[2025-02-25 18:51:21] local.ERROR: Trait "Spatie\Translatable\HasTranslations" not found {"exception":"[object] (Symfony\\Component\\ErrorHandler\\Error\\FatalError(code: 0): Trait \"Spatie\\Translatable\\HasTranslations\" not found at D:\\qixer\\@core\\app\\GalleryCategory.php:9)
[stacktrace]
#0 {main}
"} 
[2025-02-25 18:52:21] local.ERROR: Trait "Spatie\Translatable\HasTranslations" not found {"exception":"[object] (Symfony\\Component\\ErrorHandler\\Error\\FatalError(code: 0): Trait \"Spatie\\Translatable\\HasTranslations\" not found at D:\\qixer\\@core\\app\\GalleryCategory.php:9)
[stacktrace]
#0 {main}
"} 
[2025-02-25 18:53:21] local.ERROR: Trait "Spatie\Translatable\HasTranslations" not found {"exception":"[object] (Symfony\\Component\\ErrorHandler\\Error\\FatalError(code: 0): Trait \"Spatie\\Translatable\\HasTranslations\" not found at D:\\qixer\\@core\\app\\GalleryCategory.php:9)
[stacktrace]
#0 {main}
"} 
[2025-02-25 18:54:21] local.ERROR: Trait "Spatie\Translatable\HasTranslations" not found {"exception":"[object] (Symfony\\Component\\ErrorHandler\\Error\\FatalError(code: 0): Trait \"Spatie\\Translatable\\HasTranslations\" not found at D:\\qixer\\@core\\app\\GalleryCategory.php:9)
[stacktrace]
#0 {main}
"} 
[2025-02-25 18:55:21] local.ERROR: Trait "Spatie\Translatable\HasTranslations" not found {"exception":"[object] (Symfony\\Component\\ErrorHandler\\Error\\FatalError(code: 0): Trait \"Spatie\\Translatable\\HasTranslations\" not found at D:\\qixer\\@core\\app\\GalleryCategory.php:9)
[stacktrace]
#0 {main}
"} 
[2025-02-25 18:56:21] local.ERROR: Trait "Spatie\Translatable\HasTranslations" not found {"exception":"[object] (Symfony\\Component\\ErrorHandler\\Error\\FatalError(code: 0): Trait \"Spatie\\Translatable\\HasTranslations\" not found at D:\\qixer\\@core\\app\\GalleryCategory.php:9)
[stacktrace]
#0 {main}
"} 
[2025-02-25 18:57:21] local.ERROR: Trait "Spatie\Translatable\HasTranslations" not found {"exception":"[object] (Symfony\\Component\\ErrorHandler\\Error\\FatalError(code: 0): Trait \"Spatie\\Translatable\\HasTranslations\" not found at D:\\qixer\\@core\\app\\GalleryCategory.php:9)
[stacktrace]
#0 {main}
"} 
[2025-02-25 18:58:21] local.ERROR: Trait "Spatie\Translatable\HasTranslations" not found {"exception":"[object] (Symfony\\Component\\ErrorHandler\\Error\\FatalError(code: 0): Trait \"Spatie\\Translatable\\HasTranslations\" not found at D:\\qixer\\@core\\app\\GalleryCategory.php:9)
[stacktrace]
#0 {main}
"} 
[2025-02-25 18:59:21] local.ERROR: Trait "Spatie\Translatable\HasTranslations" not found {"exception":"[object] (Symfony\\Component\\ErrorHandler\\Error\\FatalError(code: 0): Trait \"Spatie\\Translatable\\HasTranslations\" not found at D:\\qixer\\@core\\app\\GalleryCategory.php:9)
[stacktrace]
#0 {main}
"} 
[2025-02-25 19:00:21] local.ERROR: Trait "Spatie\Translatable\HasTranslations" not found {"exception":"[object] (Symfony\\Component\\ErrorHandler\\Error\\FatalError(code: 0): Trait \"Spatie\\Translatable\\HasTranslations\" not found at D:\\qixer\\@core\\app\\GalleryCategory.php:9)
[stacktrace]
#0 {main}
"} 
[2025-02-25 19:01:21] local.ERROR: Trait "Spatie\Translatable\HasTranslations" not found {"exception":"[object] (Symfony\\Component\\ErrorHandler\\Error\\FatalError(code: 0): Trait \"Spatie\\Translatable\\HasTranslations\" not found at D:\\qixer\\@core\\app\\GalleryCategory.php:9)
[stacktrace]
#0 {main}
"} 
[2025-02-25 19:02:21] local.ERROR: Trait "Spatie\Translatable\HasTranslations" not found {"exception":"[object] (Symfony\\Component\\ErrorHandler\\Error\\FatalError(code: 0): Trait \"Spatie\\Translatable\\HasTranslations\" not found at D:\\qixer\\@core\\app\\GalleryCategory.php:9)
[stacktrace]
#0 {main}
"} 
[2025-02-25 19:03:21] local.ERROR: Trait "Spatie\Translatable\HasTranslations" not found {"exception":"[object] (Symfony\\Component\\ErrorHandler\\Error\\FatalError(code: 0): Trait \"Spatie\\Translatable\\HasTranslations\" not found at D:\\qixer\\@core\\app\\GalleryCategory.php:9)
[stacktrace]
#0 {main}
"} 
[2025-02-25 19:04:21] local.ERROR: Trait "Spatie\Translatable\HasTranslations" not found {"exception":"[object] (Symfony\\Component\\ErrorHandler\\Error\\FatalError(code: 0): Trait \"Spatie\\Translatable\\HasTranslations\" not found at D:\\qixer\\@core\\app\\GalleryCategory.php:9)
[stacktrace]
#0 {main}
"} 
[2025-02-25 19:05:21] local.ERROR: Trait "Spatie\Translatable\HasTranslations" not found {"exception":"[object] (Symfony\\Component\\ErrorHandler\\Error\\FatalError(code: 0): Trait \"Spatie\\Translatable\\HasTranslations\" not found at D:\\qixer\\@core\\app\\GalleryCategory.php:9)
[stacktrace]
#0 {main}
"} 
