[2025-02-20 12:53:35] local.ERROR: Trait "Spatie\Translatable\HasTranslations" not found {"exception":"[object] (Symfony\\Component\\ErrorHandler\\Error\\FatalError(code: 0): Trait \"Spatie\\Translatable\\HasTranslations\" not found at D:\\qixer\\@core\\app\\GalleryCategory.php:9)
[stacktrace]
#0 {main}
"} 
[2025-02-20 12:53:35] local.ERROR: Trait "Spatie\Translatable\HasTranslations" not found {"exception":"[object] (Symfony\\Component\\ErrorHandler\\Error\\FatalError(code: 0): Trait \"Spatie\\Translatable\\HasTranslations\" not found at D:\\qixer\\@core\\app\\GalleryCategory.php:9)
[stacktrace]
#0 {main}
"} 
[2025-02-20 12:54:26] local.ERROR: Trait "Spatie\Translatable\HasTranslations" not found {"exception":"[object] (Symfony\\Component\\ErrorHandler\\Error\\FatalError(code: 0): Trait \"Spatie\\Translatable\\HasTranslations\" not found at D:\\qixer\\@core\\app\\GalleryCategory.php:9)
[stacktrace]
#0 {main}
"} 
[2025-02-20 12:55:31] local.ERROR: Trait "Spatie\Translatable\HasTranslations" not found {"exception":"[object] (Symfony\\Component\\ErrorHandler\\Error\\FatalError(code: 0): Trait \"Spatie\\Translatable\\HasTranslations\" not found at D:\\qixer\\@core\\app\\GalleryCategory.php:9)
[stacktrace]
#0 {main}
"} 
[2025-02-20 12:56:27] local.ERROR: Trait "Spatie\Translatable\HasTranslations" not found {"exception":"[object] (Symfony\\Component\\ErrorHandler\\Error\\FatalError(code: 0): Trait \"Spatie\\Translatable\\HasTranslations\" not found at D:\\qixer\\@core\\app\\GalleryCategory.php:9)
[stacktrace]
#0 {main}
"} 
[2025-02-20 12:57:29] local.ERROR: Trait "Spatie\Translatable\HasTranslations" not found {"exception":"[object] (Symfony\\Component\\ErrorHandler\\Error\\FatalError(code: 0): Trait \"Spatie\\Translatable\\HasTranslations\" not found at D:\\qixer\\@core\\app\\GalleryCategory.php:9)
[stacktrace]
#0 {main}
"} 
[2025-02-20 12:58:23] local.ERROR: Trait "Spatie\Translatable\HasTranslations" not found {"exception":"[object] (Symfony\\Component\\ErrorHandler\\Error\\FatalError(code: 0): Trait \"Spatie\\Translatable\\HasTranslations\" not found at D:\\qixer\\@core\\app\\GalleryCategory.php:9)
[stacktrace]
#0 {main}
"} 
[2025-02-20 12:59:22] local.ERROR: Trait "Spatie\Translatable\HasTranslations" not found {"exception":"[object] (Symfony\\Component\\ErrorHandler\\Error\\FatalError(code: 0): Trait \"Spatie\\Translatable\\HasTranslations\" not found at D:\\qixer\\@core\\app\\GalleryCategory.php:9)
[stacktrace]
#0 {main}
"} 
[2025-02-20 13:00:22] local.ERROR: Trait "Spatie\Translatable\HasTranslations" not found {"exception":"[object] (Symfony\\Component\\ErrorHandler\\Error\\FatalError(code: 0): Trait \"Spatie\\Translatable\\HasTranslations\" not found at D:\\qixer\\@core\\app\\GalleryCategory.php:9)
[stacktrace]
#0 {main}
"} 
[2025-02-20 13:01:22] local.ERROR: Trait "Spatie\Translatable\HasTranslations" not found {"exception":"[object] (Symfony\\Component\\ErrorHandler\\Error\\FatalError(code: 0): Trait \"Spatie\\Translatable\\HasTranslations\" not found at D:\\qixer\\@core\\app\\GalleryCategory.php:9)
[stacktrace]
#0 {main}
"} 
[2025-02-20 13:02:22] local.ERROR: Trait "Spatie\Translatable\HasTranslations" not found {"exception":"[object] (Symfony\\Component\\ErrorHandler\\Error\\FatalError(code: 0): Trait \"Spatie\\Translatable\\HasTranslations\" not found at D:\\qixer\\@core\\app\\GalleryCategory.php:9)
[stacktrace]
#0 {main}
"} 
[2025-02-20 13:03:22] local.ERROR: Trait "Spatie\Translatable\HasTranslations" not found {"exception":"[object] (Symfony\\Component\\ErrorHandler\\Error\\FatalError(code: 0): Trait \"Spatie\\Translatable\\HasTranslations\" not found at D:\\qixer\\@core\\app\\GalleryCategory.php:9)
[stacktrace]
#0 {main}
"} 
[2025-02-20 13:04:22] local.ERROR: Trait "Spatie\Translatable\HasTranslations" not found {"exception":"[object] (Symfony\\Component\\ErrorHandler\\Error\\FatalError(code: 0): Trait \"Spatie\\Translatable\\HasTranslations\" not found at D:\\qixer\\@core\\app\\GalleryCategory.php:9)
[stacktrace]
#0 {main}
"} 
[2025-02-20 13:05:22] local.ERROR: Trait "Spatie\Translatable\HasTranslations" not found {"exception":"[object] (Symfony\\Component\\ErrorHandler\\Error\\FatalError(code: 0): Trait \"Spatie\\Translatable\\HasTranslations\" not found at D:\\qixer\\@core\\app\\GalleryCategory.php:9)
[stacktrace]
#0 {main}
"} 
[2025-02-20 13:06:22] local.ERROR: Trait "Spatie\Translatable\HasTranslations" not found {"exception":"[object] (Symfony\\Component\\ErrorHandler\\Error\\FatalError(code: 0): Trait \"Spatie\\Translatable\\HasTranslations\" not found at D:\\qixer\\@core\\app\\GalleryCategory.php:9)
[stacktrace]
#0 {main}
"} 
[2025-02-20 13:07:22] local.ERROR: Trait "Spatie\Translatable\HasTranslations" not found {"exception":"[object] (Symfony\\Component\\ErrorHandler\\Error\\FatalError(code: 0): Trait \"Spatie\\Translatable\\HasTranslations\" not found at D:\\qixer\\@core\\app\\GalleryCategory.php:9)
[stacktrace]
#0 {main}
"} 
[2025-02-20 13:08:22] local.ERROR: Trait "Spatie\Translatable\HasTranslations" not found {"exception":"[object] (Symfony\\Component\\ErrorHandler\\Error\\FatalError(code: 0): Trait \"Spatie\\Translatable\\HasTranslations\" not found at D:\\qixer\\@core\\app\\GalleryCategory.php:9)
[stacktrace]
#0 {main}
"} 
[2025-02-20 13:09:22] local.ERROR: Trait "Spatie\Translatable\HasTranslations" not found {"exception":"[object] (Symfony\\Component\\ErrorHandler\\Error\\FatalError(code: 0): Trait \"Spatie\\Translatable\\HasTranslations\" not found at D:\\qixer\\@core\\app\\GalleryCategory.php:9)
[stacktrace]
#0 {main}
"} 
[2025-02-20 13:10:22] local.ERROR: Trait "Spatie\Translatable\HasTranslations" not found {"exception":"[object] (Symfony\\Component\\ErrorHandler\\Error\\FatalError(code: 0): Trait \"Spatie\\Translatable\\HasTranslations\" not found at D:\\qixer\\@core\\app\\GalleryCategory.php:9)
[stacktrace]
#0 {main}
"} 
[2025-02-20 13:11:22] local.ERROR: Trait "Spatie\Translatable\HasTranslations" not found {"exception":"[object] (Symfony\\Component\\ErrorHandler\\Error\\FatalError(code: 0): Trait \"Spatie\\Translatable\\HasTranslations\" not found at D:\\qixer\\@core\\app\\GalleryCategory.php:9)
[stacktrace]
#0 {main}
"} 
[2025-02-20 13:12:22] local.ERROR: Trait "Spatie\Translatable\HasTranslations" not found {"exception":"[object] (Symfony\\Component\\ErrorHandler\\Error\\FatalError(code: 0): Trait \"Spatie\\Translatable\\HasTranslations\" not found at D:\\qixer\\@core\\app\\GalleryCategory.php:9)
[stacktrace]
#0 {main}
"} 
[2025-02-20 13:13:22] local.ERROR: Trait "Spatie\Translatable\HasTranslations" not found {"exception":"[object] (Symfony\\Component\\ErrorHandler\\Error\\FatalError(code: 0): Trait \"Spatie\\Translatable\\HasTranslations\" not found at D:\\qixer\\@core\\app\\GalleryCategory.php:9)
[stacktrace]
#0 {main}
"} 
[2025-02-20 13:14:22] local.ERROR: Trait "Spatie\Translatable\HasTranslations" not found {"exception":"[object] (Symfony\\Component\\ErrorHandler\\Error\\FatalError(code: 0): Trait \"Spatie\\Translatable\\HasTranslations\" not found at D:\\qixer\\@core\\app\\GalleryCategory.php:9)
[stacktrace]
#0 {main}
"} 
[2025-02-20 13:15:22] local.ERROR: Trait "Spatie\Translatable\HasTranslations" not found {"exception":"[object] (Symfony\\Component\\ErrorHandler\\Error\\FatalError(code: 0): Trait \"Spatie\\Translatable\\HasTranslations\" not found at D:\\qixer\\@core\\app\\GalleryCategory.php:9)
[stacktrace]
#0 {main}
"} 
[2025-02-20 13:16:22] local.ERROR: Trait "Spatie\Translatable\HasTranslations" not found {"exception":"[object] (Symfony\\Component\\ErrorHandler\\Error\\FatalError(code: 0): Trait \"Spatie\\Translatable\\HasTranslations\" not found at D:\\qixer\\@core\\app\\GalleryCategory.php:9)
[stacktrace]
#0 {main}
"} 
[2025-02-20 13:17:22] local.ERROR: Trait "Spatie\Translatable\HasTranslations" not found {"exception":"[object] (Symfony\\Component\\ErrorHandler\\Error\\FatalError(code: 0): Trait \"Spatie\\Translatable\\HasTranslations\" not found at D:\\qixer\\@core\\app\\GalleryCategory.php:9)
[stacktrace]
#0 {main}
"} 
[2025-02-20 13:18:22] local.ERROR: Trait "Spatie\Translatable\HasTranslations" not found {"exception":"[object] (Symfony\\Component\\ErrorHandler\\Error\\FatalError(code: 0): Trait \"Spatie\\Translatable\\HasTranslations\" not found at D:\\qixer\\@core\\app\\GalleryCategory.php:9)
[stacktrace]
#0 {main}
"} 
[2025-02-20 13:19:22] local.ERROR: Trait "Spatie\Translatable\HasTranslations" not found {"exception":"[object] (Symfony\\Component\\ErrorHandler\\Error\\FatalError(code: 0): Trait \"Spatie\\Translatable\\HasTranslations\" not found at D:\\qixer\\@core\\app\\GalleryCategory.php:9)
[stacktrace]
#0 {main}
"} 
[2025-02-20 13:20:22] local.ERROR: Trait "Spatie\Translatable\HasTranslations" not found {"exception":"[object] (Symfony\\Component\\ErrorHandler\\Error\\FatalError(code: 0): Trait \"Spatie\\Translatable\\HasTranslations\" not found at D:\\qixer\\@core\\app\\GalleryCategory.php:9)
[stacktrace]
#0 {main}
"} 
[2025-02-20 13:21:22] local.ERROR: Trait "Spatie\Translatable\HasTranslations" not found {"exception":"[object] (Symfony\\Component\\ErrorHandler\\Error\\FatalError(code: 0): Trait \"Spatie\\Translatable\\HasTranslations\" not found at D:\\qixer\\@core\\app\\GalleryCategory.php:9)
[stacktrace]
#0 {main}
"} 
[2025-02-20 13:22:22] local.ERROR: Trait "Spatie\Translatable\HasTranslations" not found {"exception":"[object] (Symfony\\Component\\ErrorHandler\\Error\\FatalError(code: 0): Trait \"Spatie\\Translatable\\HasTranslations\" not found at D:\\qixer\\@core\\app\\GalleryCategory.php:9)
[stacktrace]
#0 {main}
"} 
[2025-02-20 13:23:22] local.ERROR: Trait "Spatie\Translatable\HasTranslations" not found {"exception":"[object] (Symfony\\Component\\ErrorHandler\\Error\\FatalError(code: 0): Trait \"Spatie\\Translatable\\HasTranslations\" not found at D:\\qixer\\@core\\app\\GalleryCategory.php:9)
[stacktrace]
#0 {main}
"} 
[2025-02-20 13:24:22] local.ERROR: Trait "Spatie\Translatable\HasTranslations" not found {"exception":"[object] (Symfony\\Component\\ErrorHandler\\Error\\FatalError(code: 0): Trait \"Spatie\\Translatable\\HasTranslations\" not found at D:\\qixer\\@core\\app\\GalleryCategory.php:9)
[stacktrace]
#0 {main}
"} 
[2025-02-20 13:25:22] local.ERROR: Trait "Spatie\Translatable\HasTranslations" not found {"exception":"[object] (Symfony\\Component\\ErrorHandler\\Error\\FatalError(code: 0): Trait \"Spatie\\Translatable\\HasTranslations\" not found at D:\\qixer\\@core\\app\\GalleryCategory.php:9)
[stacktrace]
#0 {main}
"} 
[2025-02-20 13:26:22] local.ERROR: Trait "Spatie\Translatable\HasTranslations" not found {"exception":"[object] (Symfony\\Component\\ErrorHandler\\Error\\FatalError(code: 0): Trait \"Spatie\\Translatable\\HasTranslations\" not found at D:\\qixer\\@core\\app\\GalleryCategory.php:9)
[stacktrace]
#0 {main}
"} 
[2025-02-20 13:27:22] local.ERROR: Trait "Spatie\Translatable\HasTranslations" not found {"exception":"[object] (Symfony\\Component\\ErrorHandler\\Error\\FatalError(code: 0): Trait \"Spatie\\Translatable\\HasTranslations\" not found at D:\\qixer\\@core\\app\\GalleryCategory.php:9)
[stacktrace]
#0 {main}
"} 
[2025-02-20 13:28:22] local.ERROR: Trait "Spatie\Translatable\HasTranslations" not found {"exception":"[object] (Symfony\\Component\\ErrorHandler\\Error\\FatalError(code: 0): Trait \"Spatie\\Translatable\\HasTranslations\" not found at D:\\qixer\\@core\\app\\GalleryCategory.php:9)
[stacktrace]
#0 {main}
"} 
[2025-02-20 13:29:22] local.ERROR: Trait "Spatie\Translatable\HasTranslations" not found {"exception":"[object] (Symfony\\Component\\ErrorHandler\\Error\\FatalError(code: 0): Trait \"Spatie\\Translatable\\HasTranslations\" not found at D:\\qixer\\@core\\app\\GalleryCategory.php:9)
[stacktrace]
#0 {main}
"} 
[2025-02-20 13:30:22] local.ERROR: Trait "Spatie\Translatable\HasTranslations" not found {"exception":"[object] (Symfony\\Component\\ErrorHandler\\Error\\FatalError(code: 0): Trait \"Spatie\\Translatable\\HasTranslations\" not found at D:\\qixer\\@core\\app\\GalleryCategory.php:9)
[stacktrace]
#0 {main}
"} 
[2025-02-20 13:31:22] local.ERROR: Trait "Spatie\Translatable\HasTranslations" not found {"exception":"[object] (Symfony\\Component\\ErrorHandler\\Error\\FatalError(code: 0): Trait \"Spatie\\Translatable\\HasTranslations\" not found at D:\\qixer\\@core\\app\\GalleryCategory.php:9)
[stacktrace]
#0 {main}
"} 
[2025-02-20 13:32:22] local.ERROR: Trait "Spatie\Translatable\HasTranslations" not found {"exception":"[object] (Symfony\\Component\\ErrorHandler\\Error\\FatalError(code: 0): Trait \"Spatie\\Translatable\\HasTranslations\" not found at D:\\qixer\\@core\\app\\GalleryCategory.php:9)
[stacktrace]
#0 {main}
"} 
[2025-02-20 13:33:22] local.ERROR: Trait "Spatie\Translatable\HasTranslations" not found {"exception":"[object] (Symfony\\Component\\ErrorHandler\\Error\\FatalError(code: 0): Trait \"Spatie\\Translatable\\HasTranslations\" not found at D:\\qixer\\@core\\app\\GalleryCategory.php:9)
[stacktrace]
#0 {main}
"} 
[2025-02-20 13:34:22] local.ERROR: Trait "Spatie\Translatable\HasTranslations" not found {"exception":"[object] (Symfony\\Component\\ErrorHandler\\Error\\FatalError(code: 0): Trait \"Spatie\\Translatable\\HasTranslations\" not found at D:\\qixer\\@core\\app\\GalleryCategory.php:9)
[stacktrace]
#0 {main}
"} 
[2025-02-20 13:35:22] local.ERROR: Trait "Spatie\Translatable\HasTranslations" not found {"exception":"[object] (Symfony\\Component\\ErrorHandler\\Error\\FatalError(code: 0): Trait \"Spatie\\Translatable\\HasTranslations\" not found at D:\\qixer\\@core\\app\\GalleryCategory.php:9)
[stacktrace]
#0 {main}
"} 
[2025-02-20 13:36:22] local.ERROR: Trait "Spatie\Translatable\HasTranslations" not found {"exception":"[object] (Symfony\\Component\\ErrorHandler\\Error\\FatalError(code: 0): Trait \"Spatie\\Translatable\\HasTranslations\" not found at D:\\qixer\\@core\\app\\GalleryCategory.php:9)
[stacktrace]
#0 {main}
"} 
[2025-02-20 13:37:22] local.ERROR: Trait "Spatie\Translatable\HasTranslations" not found {"exception":"[object] (Symfony\\Component\\ErrorHandler\\Error\\FatalError(code: 0): Trait \"Spatie\\Translatable\\HasTranslations\" not found at D:\\qixer\\@core\\app\\GalleryCategory.php:9)
[stacktrace]
#0 {main}
"} 
[2025-02-20 13:38:22] local.ERROR: Trait "Spatie\Translatable\HasTranslations" not found {"exception":"[object] (Symfony\\Component\\ErrorHandler\\Error\\FatalError(code: 0): Trait \"Spatie\\Translatable\\HasTranslations\" not found at D:\\qixer\\@core\\app\\GalleryCategory.php:9)
[stacktrace]
#0 {main}
"} 
[2025-02-20 13:39:22] local.ERROR: Trait "Spatie\Translatable\HasTranslations" not found {"exception":"[object] (Symfony\\Component\\ErrorHandler\\Error\\FatalError(code: 0): Trait \"Spatie\\Translatable\\HasTranslations\" not found at D:\\qixer\\@core\\app\\GalleryCategory.php:9)
[stacktrace]
#0 {main}
"} 
[2025-02-20 13:40:22] local.ERROR: Trait "Spatie\Translatable\HasTranslations" not found {"exception":"[object] (Symfony\\Component\\ErrorHandler\\Error\\FatalError(code: 0): Trait \"Spatie\\Translatable\\HasTranslations\" not found at D:\\qixer\\@core\\app\\GalleryCategory.php:9)
[stacktrace]
#0 {main}
"} 
[2025-02-20 13:41:22] local.ERROR: Trait "Spatie\Translatable\HasTranslations" not found {"exception":"[object] (Symfony\\Component\\ErrorHandler\\Error\\FatalError(code: 0): Trait \"Spatie\\Translatable\\HasTranslations\" not found at D:\\qixer\\@core\\app\\GalleryCategory.php:9)
[stacktrace]
#0 {main}
"} 
[2025-02-20 13:42:22] local.ERROR: Trait "Spatie\Translatable\HasTranslations" not found {"exception":"[object] (Symfony\\Component\\ErrorHandler\\Error\\FatalError(code: 0): Trait \"Spatie\\Translatable\\HasTranslations\" not found at D:\\qixer\\@core\\app\\GalleryCategory.php:9)
[stacktrace]
#0 {main}
"} 
[2025-02-20 13:43:22] local.ERROR: Trait "Spatie\Translatable\HasTranslations" not found {"exception":"[object] (Symfony\\Component\\ErrorHandler\\Error\\FatalError(code: 0): Trait \"Spatie\\Translatable\\HasTranslations\" not found at D:\\qixer\\@core\\app\\GalleryCategory.php:9)
[stacktrace]
#0 {main}
"} 
[2025-02-20 13:44:22] local.ERROR: Trait "Spatie\Translatable\HasTranslations" not found {"exception":"[object] (Symfony\\Component\\ErrorHandler\\Error\\FatalError(code: 0): Trait \"Spatie\\Translatable\\HasTranslations\" not found at D:\\qixer\\@core\\app\\GalleryCategory.php:9)
[stacktrace]
#0 {main}
"} 
[2025-02-20 13:45:22] local.ERROR: Trait "Spatie\Translatable\HasTranslations" not found {"exception":"[object] (Symfony\\Component\\ErrorHandler\\Error\\FatalError(code: 0): Trait \"Spatie\\Translatable\\HasTranslations\" not found at D:\\qixer\\@core\\app\\GalleryCategory.php:9)
[stacktrace]
#0 {main}
"} 
[2025-02-20 13:46:22] local.ERROR: Trait "Spatie\Translatable\HasTranslations" not found {"exception":"[object] (Symfony\\Component\\ErrorHandler\\Error\\FatalError(code: 0): Trait \"Spatie\\Translatable\\HasTranslations\" not found at D:\\qixer\\@core\\app\\GalleryCategory.php:9)
[stacktrace]
#0 {main}
"} 
[2025-02-20 13:47:22] local.ERROR: Trait "Spatie\Translatable\HasTranslations" not found {"exception":"[object] (Symfony\\Component\\ErrorHandler\\Error\\FatalError(code: 0): Trait \"Spatie\\Translatable\\HasTranslations\" not found at D:\\qixer\\@core\\app\\GalleryCategory.php:9)
[stacktrace]
#0 {main}
"} 
[2025-02-20 13:48:22] local.ERROR: Trait "Spatie\Translatable\HasTranslations" not found {"exception":"[object] (Symfony\\Component\\ErrorHandler\\Error\\FatalError(code: 0): Trait \"Spatie\\Translatable\\HasTranslations\" not found at D:\\qixer\\@core\\app\\GalleryCategory.php:9)
[stacktrace]
#0 {main}
"} 
[2025-02-20 13:49:22] local.ERROR: Trait "Spatie\Translatable\HasTranslations" not found {"exception":"[object] (Symfony\\Component\\ErrorHandler\\Error\\FatalError(code: 0): Trait \"Spatie\\Translatable\\HasTranslations\" not found at D:\\qixer\\@core\\app\\GalleryCategory.php:9)
[stacktrace]
#0 {main}
"} 
[2025-02-20 13:50:22] local.ERROR: Trait "Spatie\Translatable\HasTranslations" not found {"exception":"[object] (Symfony\\Component\\ErrorHandler\\Error\\FatalError(code: 0): Trait \"Spatie\\Translatable\\HasTranslations\" not found at D:\\qixer\\@core\\app\\GalleryCategory.php:9)
[stacktrace]
#0 {main}
"} 
[2025-02-20 13:51:22] local.ERROR: Trait "Spatie\Translatable\HasTranslations" not found {"exception":"[object] (Symfony\\Component\\ErrorHandler\\Error\\FatalError(code: 0): Trait \"Spatie\\Translatable\\HasTranslations\" not found at D:\\qixer\\@core\\app\\GalleryCategory.php:9)
[stacktrace]
#0 {main}
"} 
[2025-02-20 13:52:23] local.ERROR: Trait "Spatie\Translatable\HasTranslations" not found {"exception":"[object] (Symfony\\Component\\ErrorHandler\\Error\\FatalError(code: 0): Trait \"Spatie\\Translatable\\HasTranslations\" not found at D:\\qixer\\@core\\app\\GalleryCategory.php:9)
[stacktrace]
#0 {main}
"} 
[2025-02-20 13:53:22] local.ERROR: Trait "Spatie\Translatable\HasTranslations" not found {"exception":"[object] (Symfony\\Component\\ErrorHandler\\Error\\FatalError(code: 0): Trait \"Spatie\\Translatable\\HasTranslations\" not found at D:\\qixer\\@core\\app\\GalleryCategory.php:9)
[stacktrace]
#0 {main}
"} 
[2025-02-20 13:54:22] local.ERROR: Trait "Spatie\Translatable\HasTranslations" not found {"exception":"[object] (Symfony\\Component\\ErrorHandler\\Error\\FatalError(code: 0): Trait \"Spatie\\Translatable\\HasTranslations\" not found at D:\\qixer\\@core\\app\\GalleryCategory.php:9)
[stacktrace]
#0 {main}
"} 
[2025-02-20 13:55:22] local.ERROR: Trait "Spatie\Translatable\HasTranslations" not found {"exception":"[object] (Symfony\\Component\\ErrorHandler\\Error\\FatalError(code: 0): Trait \"Spatie\\Translatable\\HasTranslations\" not found at D:\\qixer\\@core\\app\\GalleryCategory.php:9)
[stacktrace]
#0 {main}
"} 
[2025-02-20 13:56:22] local.ERROR: Trait "Spatie\Translatable\HasTranslations" not found {"exception":"[object] (Symfony\\Component\\ErrorHandler\\Error\\FatalError(code: 0): Trait \"Spatie\\Translatable\\HasTranslations\" not found at D:\\qixer\\@core\\app\\GalleryCategory.php:9)
[stacktrace]
#0 {main}
"} 
[2025-02-20 13:57:22] local.ERROR: Trait "Spatie\Translatable\HasTranslations" not found {"exception":"[object] (Symfony\\Component\\ErrorHandler\\Error\\FatalError(code: 0): Trait \"Spatie\\Translatable\\HasTranslations\" not found at D:\\qixer\\@core\\app\\GalleryCategory.php:9)
[stacktrace]
#0 {main}
"} 
[2025-02-20 13:58:22] local.ERROR: Trait "Spatie\Translatable\HasTranslations" not found {"exception":"[object] (Symfony\\Component\\ErrorHandler\\Error\\FatalError(code: 0): Trait \"Spatie\\Translatable\\HasTranslations\" not found at D:\\qixer\\@core\\app\\GalleryCategory.php:9)
[stacktrace]
#0 {main}
"} 
[2025-02-20 13:59:22] local.ERROR: Trait "Spatie\Translatable\HasTranslations" not found {"exception":"[object] (Symfony\\Component\\ErrorHandler\\Error\\FatalError(code: 0): Trait \"Spatie\\Translatable\\HasTranslations\" not found at D:\\qixer\\@core\\app\\GalleryCategory.php:9)
[stacktrace]
#0 {main}
"} 
[2025-02-20 14:00:22] local.ERROR: Trait "Spatie\Translatable\HasTranslations" not found {"exception":"[object] (Symfony\\Component\\ErrorHandler\\Error\\FatalError(code: 0): Trait \"Spatie\\Translatable\\HasTranslations\" not found at D:\\qixer\\@core\\app\\GalleryCategory.php:9)
[stacktrace]
#0 {main}
"} 
[2025-02-20 14:01:22] local.ERROR: Trait "Spatie\Translatable\HasTranslations" not found {"exception":"[object] (Symfony\\Component\\ErrorHandler\\Error\\FatalError(code: 0): Trait \"Spatie\\Translatable\\HasTranslations\" not found at D:\\qixer\\@core\\app\\GalleryCategory.php:9)
[stacktrace]
#0 {main}
"} 
[2025-02-20 14:02:22] local.ERROR: Trait "Spatie\Translatable\HasTranslations" not found {"exception":"[object] (Symfony\\Component\\ErrorHandler\\Error\\FatalError(code: 0): Trait \"Spatie\\Translatable\\HasTranslations\" not found at D:\\qixer\\@core\\app\\GalleryCategory.php:9)
[stacktrace]
#0 {main}
"} 
[2025-02-20 14:03:23] local.ERROR: Trait "Spatie\Translatable\HasTranslations" not found {"exception":"[object] (Symfony\\Component\\ErrorHandler\\Error\\FatalError(code: 0): Trait \"Spatie\\Translatable\\HasTranslations\" not found at D:\\qixer\\@core\\app\\GalleryCategory.php:9)
[stacktrace]
#0 {main}
"} 
[2025-02-20 14:04:22] local.ERROR: Trait "Spatie\Translatable\HasTranslations" not found {"exception":"[object] (Symfony\\Component\\ErrorHandler\\Error\\FatalError(code: 0): Trait \"Spatie\\Translatable\\HasTranslations\" not found at D:\\qixer\\@core\\app\\GalleryCategory.php:9)
[stacktrace]
#0 {main}
"} 
[2025-02-20 14:05:22] local.ERROR: Trait "Spatie\Translatable\HasTranslations" not found {"exception":"[object] (Symfony\\Component\\ErrorHandler\\Error\\FatalError(code: 0): Trait \"Spatie\\Translatable\\HasTranslations\" not found at D:\\qixer\\@core\\app\\GalleryCategory.php:9)
[stacktrace]
#0 {main}
"} 
[2025-02-20 14:06:23] local.ERROR: Trait "Spatie\Translatable\HasTranslations" not found {"exception":"[object] (Symfony\\Component\\ErrorHandler\\Error\\FatalError(code: 0): Trait \"Spatie\\Translatable\\HasTranslations\" not found at D:\\qixer\\@core\\app\\GalleryCategory.php:9)
[stacktrace]
#0 {main}
"} 
[2025-02-20 14:07:22] local.ERROR: Trait "Spatie\Translatable\HasTranslations" not found {"exception":"[object] (Symfony\\Component\\ErrorHandler\\Error\\FatalError(code: 0): Trait \"Spatie\\Translatable\\HasTranslations\" not found at D:\\qixer\\@core\\app\\GalleryCategory.php:9)
[stacktrace]
#0 {main}
"} 
[2025-02-20 14:08:23] local.ERROR: Trait "Spatie\Translatable\HasTranslations" not found {"exception":"[object] (Symfony\\Component\\ErrorHandler\\Error\\FatalError(code: 0): Trait \"Spatie\\Translatable\\HasTranslations\" not found at D:\\qixer\\@core\\app\\GalleryCategory.php:9)
[stacktrace]
#0 {main}
"} 
[2025-02-20 14:09:23] local.ERROR: Trait "Spatie\Translatable\HasTranslations" not found {"exception":"[object] (Symfony\\Component\\ErrorHandler\\Error\\FatalError(code: 0): Trait \"Spatie\\Translatable\\HasTranslations\" not found at D:\\qixer\\@core\\app\\GalleryCategory.php:9)
[stacktrace]
#0 {main}
"} 
[2025-02-20 14:10:22] local.ERROR: Trait "Spatie\Translatable\HasTranslations" not found {"exception":"[object] (Symfony\\Component\\ErrorHandler\\Error\\FatalError(code: 0): Trait \"Spatie\\Translatable\\HasTranslations\" not found at D:\\qixer\\@core\\app\\GalleryCategory.php:9)
[stacktrace]
#0 {main}
"} 
[2025-02-20 14:11:22] local.ERROR: Trait "Spatie\Translatable\HasTranslations" not found {"exception":"[object] (Symfony\\Component\\ErrorHandler\\Error\\FatalError(code: 0): Trait \"Spatie\\Translatable\\HasTranslations\" not found at D:\\qixer\\@core\\app\\GalleryCategory.php:9)
[stacktrace]
#0 {main}
"} 
[2025-02-20 14:12:22] local.ERROR: Trait "Spatie\Translatable\HasTranslations" not found {"exception":"[object] (Symfony\\Component\\ErrorHandler\\Error\\FatalError(code: 0): Trait \"Spatie\\Translatable\\HasTranslations\" not found at D:\\qixer\\@core\\app\\GalleryCategory.php:9)
[stacktrace]
#0 {main}
"} 
[2025-02-20 14:13:22] local.ERROR: Trait "Spatie\Translatable\HasTranslations" not found {"exception":"[object] (Symfony\\Component\\ErrorHandler\\Error\\FatalError(code: 0): Trait \"Spatie\\Translatable\\HasTranslations\" not found at D:\\qixer\\@core\\app\\GalleryCategory.php:9)
[stacktrace]
#0 {main}
"} 
[2025-02-20 14:14:23] local.ERROR: Trait "Spatie\Translatable\HasTranslations" not found {"exception":"[object] (Symfony\\Component\\ErrorHandler\\Error\\FatalError(code: 0): Trait \"Spatie\\Translatable\\HasTranslations\" not found at D:\\qixer\\@core\\app\\GalleryCategory.php:9)
[stacktrace]
#0 {main}
"} 
[2025-02-20 14:15:23] local.ERROR: Trait "Spatie\Translatable\HasTranslations" not found {"exception":"[object] (Symfony\\Component\\ErrorHandler\\Error\\FatalError(code: 0): Trait \"Spatie\\Translatable\\HasTranslations\" not found at D:\\qixer\\@core\\app\\GalleryCategory.php:9)
[stacktrace]
#0 {main}
"} 
[2025-02-20 14:16:22] local.ERROR: Trait "Spatie\Translatable\HasTranslations" not found {"exception":"[object] (Symfony\\Component\\ErrorHandler\\Error\\FatalError(code: 0): Trait \"Spatie\\Translatable\\HasTranslations\" not found at D:\\qixer\\@core\\app\\GalleryCategory.php:9)
[stacktrace]
#0 {main}
"} 
[2025-02-20 14:17:22] local.ERROR: Trait "Spatie\Translatable\HasTranslations" not found {"exception":"[object] (Symfony\\Component\\ErrorHandler\\Error\\FatalError(code: 0): Trait \"Spatie\\Translatable\\HasTranslations\" not found at D:\\qixer\\@core\\app\\GalleryCategory.php:9)
[stacktrace]
#0 {main}
"} 
[2025-02-20 14:18:23] local.ERROR: Trait "Spatie\Translatable\HasTranslations" not found {"exception":"[object] (Symfony\\Component\\ErrorHandler\\Error\\FatalError(code: 0): Trait \"Spatie\\Translatable\\HasTranslations\" not found at D:\\qixer\\@core\\app\\GalleryCategory.php:9)
[stacktrace]
#0 {main}
"} 
[2025-02-20 14:19:23] local.ERROR: Trait "Spatie\Translatable\HasTranslations" not found {"exception":"[object] (Symfony\\Component\\ErrorHandler\\Error\\FatalError(code: 0): Trait \"Spatie\\Translatable\\HasTranslations\" not found at D:\\qixer\\@core\\app\\GalleryCategory.php:9)
[stacktrace]
#0 {main}
"} 
[2025-02-20 14:20:23] local.ERROR: Trait "Spatie\Translatable\HasTranslations" not found {"exception":"[object] (Symfony\\Component\\ErrorHandler\\Error\\FatalError(code: 0): Trait \"Spatie\\Translatable\\HasTranslations\" not found at D:\\qixer\\@core\\app\\GalleryCategory.php:9)
[stacktrace]
#0 {main}
"} 
[2025-02-20 14:21:23] local.ERROR: Trait "Spatie\Translatable\HasTranslations" not found {"exception":"[object] (Symfony\\Component\\ErrorHandler\\Error\\FatalError(code: 0): Trait \"Spatie\\Translatable\\HasTranslations\" not found at D:\\qixer\\@core\\app\\GalleryCategory.php:9)
[stacktrace]
#0 {main}
"} 
[2025-02-20 14:22:23] local.ERROR: Trait "Spatie\Translatable\HasTranslations" not found {"exception":"[object] (Symfony\\Component\\ErrorHandler\\Error\\FatalError(code: 0): Trait \"Spatie\\Translatable\\HasTranslations\" not found at D:\\qixer\\@core\\app\\GalleryCategory.php:9)
[stacktrace]
#0 {main}
"} 
[2025-02-20 14:23:23] local.ERROR: Trait "Spatie\Translatable\HasTranslations" not found {"exception":"[object] (Symfony\\Component\\ErrorHandler\\Error\\FatalError(code: 0): Trait \"Spatie\\Translatable\\HasTranslations\" not found at D:\\qixer\\@core\\app\\GalleryCategory.php:9)
[stacktrace]
#0 {main}
"} 
[2025-02-20 14:24:23] local.ERROR: Trait "Spatie\Translatable\HasTranslations" not found {"exception":"[object] (Symfony\\Component\\ErrorHandler\\Error\\FatalError(code: 0): Trait \"Spatie\\Translatable\\HasTranslations\" not found at D:\\qixer\\@core\\app\\GalleryCategory.php:9)
[stacktrace]
#0 {main}
"} 
[2025-02-20 14:25:22] local.ERROR: Trait "Spatie\Translatable\HasTranslations" not found {"exception":"[object] (Symfony\\Component\\ErrorHandler\\Error\\FatalError(code: 0): Trait \"Spatie\\Translatable\\HasTranslations\" not found at D:\\qixer\\@core\\app\\GalleryCategory.php:9)
[stacktrace]
#0 {main}
"} 
[2025-02-20 14:26:22] local.ERROR: Trait "Spatie\Translatable\HasTranslations" not found {"exception":"[object] (Symfony\\Component\\ErrorHandler\\Error\\FatalError(code: 0): Trait \"Spatie\\Translatable\\HasTranslations\" not found at D:\\qixer\\@core\\app\\GalleryCategory.php:9)
[stacktrace]
#0 {main}
"} 
[2025-02-20 14:27:22] local.ERROR: Trait "Spatie\Translatable\HasTranslations" not found {"exception":"[object] (Symfony\\Component\\ErrorHandler\\Error\\FatalError(code: 0): Trait \"Spatie\\Translatable\\HasTranslations\" not found at D:\\qixer\\@core\\app\\GalleryCategory.php:9)
[stacktrace]
#0 {main}
"} 
[2025-02-20 14:28:22] local.ERROR: Trait "Spatie\Translatable\HasTranslations" not found {"exception":"[object] (Symfony\\Component\\ErrorHandler\\Error\\FatalError(code: 0): Trait \"Spatie\\Translatable\\HasTranslations\" not found at D:\\qixer\\@core\\app\\GalleryCategory.php:9)
[stacktrace]
#0 {main}
"} 
[2025-02-20 14:29:22] local.ERROR: Trait "Spatie\Translatable\HasTranslations" not found {"exception":"[object] (Symfony\\Component\\ErrorHandler\\Error\\FatalError(code: 0): Trait \"Spatie\\Translatable\\HasTranslations\" not found at D:\\qixer\\@core\\app\\GalleryCategory.php:9)
[stacktrace]
#0 {main}
"} 
[2025-02-20 14:30:22] local.ERROR: Trait "Spatie\Translatable\HasTranslations" not found {"exception":"[object] (Symfony\\Component\\ErrorHandler\\Error\\FatalError(code: 0): Trait \"Spatie\\Translatable\\HasTranslations\" not found at D:\\qixer\\@core\\app\\GalleryCategory.php:9)
[stacktrace]
#0 {main}
"} 
[2025-02-20 14:31:22] local.ERROR: Trait "Spatie\Translatable\HasTranslations" not found {"exception":"[object] (Symfony\\Component\\ErrorHandler\\Error\\FatalError(code: 0): Trait \"Spatie\\Translatable\\HasTranslations\" not found at D:\\qixer\\@core\\app\\GalleryCategory.php:9)
[stacktrace]
#0 {main}
"} 
[2025-02-20 14:32:22] local.ERROR: Trait "Spatie\Translatable\HasTranslations" not found {"exception":"[object] (Symfony\\Component\\ErrorHandler\\Error\\FatalError(code: 0): Trait \"Spatie\\Translatable\\HasTranslations\" not found at D:\\qixer\\@core\\app\\GalleryCategory.php:9)
[stacktrace]
#0 {main}
"} 
[2025-02-20 14:33:23] local.ERROR: Trait "Spatie\Translatable\HasTranslations" not found {"exception":"[object] (Symfony\\Component\\ErrorHandler\\Error\\FatalError(code: 0): Trait \"Spatie\\Translatable\\HasTranslations\" not found at D:\\qixer\\@core\\app\\GalleryCategory.php:9)
[stacktrace]
#0 {main}
"} 
[2025-02-20 14:34:22] local.ERROR: Trait "Spatie\Translatable\HasTranslations" not found {"exception":"[object] (Symfony\\Component\\ErrorHandler\\Error\\FatalError(code: 0): Trait \"Spatie\\Translatable\\HasTranslations\" not found at D:\\qixer\\@core\\app\\GalleryCategory.php:9)
[stacktrace]
#0 {main}
"} 
[2025-02-20 14:35:22] local.ERROR: Trait "Spatie\Translatable\HasTranslations" not found {"exception":"[object] (Symfony\\Component\\ErrorHandler\\Error\\FatalError(code: 0): Trait \"Spatie\\Translatable\\HasTranslations\" not found at D:\\qixer\\@core\\app\\GalleryCategory.php:9)
[stacktrace]
#0 {main}
"} 
[2025-02-20 14:36:22] local.ERROR: Trait "Spatie\Translatable\HasTranslations" not found {"exception":"[object] (Symfony\\Component\\ErrorHandler\\Error\\FatalError(code: 0): Trait \"Spatie\\Translatable\\HasTranslations\" not found at D:\\qixer\\@core\\app\\GalleryCategory.php:9)
[stacktrace]
#0 {main}
"} 
[2025-02-20 14:37:22] local.ERROR: Trait "Spatie\Translatable\HasTranslations" not found {"exception":"[object] (Symfony\\Component\\ErrorHandler\\Error\\FatalError(code: 0): Trait \"Spatie\\Translatable\\HasTranslations\" not found at D:\\qixer\\@core\\app\\GalleryCategory.php:9)
[stacktrace]
#0 {main}
"} 
[2025-02-20 14:38:22] local.ERROR: Trait "Spatie\Translatable\HasTranslations" not found {"exception":"[object] (Symfony\\Component\\ErrorHandler\\Error\\FatalError(code: 0): Trait \"Spatie\\Translatable\\HasTranslations\" not found at D:\\qixer\\@core\\app\\GalleryCategory.php:9)
[stacktrace]
#0 {main}
"} 
[2025-02-20 14:39:23] local.ERROR: Trait "Spatie\Translatable\HasTranslations" not found {"exception":"[object] (Symfony\\Component\\ErrorHandler\\Error\\FatalError(code: 0): Trait \"Spatie\\Translatable\\HasTranslations\" not found at D:\\qixer\\@core\\app\\GalleryCategory.php:9)
[stacktrace]
#0 {main}
"} 
[2025-02-20 14:40:22] local.ERROR: Trait "Spatie\Translatable\HasTranslations" not found {"exception":"[object] (Symfony\\Component\\ErrorHandler\\Error\\FatalError(code: 0): Trait \"Spatie\\Translatable\\HasTranslations\" not found at D:\\qixer\\@core\\app\\GalleryCategory.php:9)
[stacktrace]
#0 {main}
"} 
[2025-02-20 14:41:23] local.ERROR: Trait "Spatie\Translatable\HasTranslations" not found {"exception":"[object] (Symfony\\Component\\ErrorHandler\\Error\\FatalError(code: 0): Trait \"Spatie\\Translatable\\HasTranslations\" not found at D:\\qixer\\@core\\app\\GalleryCategory.php:9)
[stacktrace]
#0 {main}
"} 
[2025-02-20 14:42:23] local.ERROR: Trait "Spatie\Translatable\HasTranslations" not found {"exception":"[object] (Symfony\\Component\\ErrorHandler\\Error\\FatalError(code: 0): Trait \"Spatie\\Translatable\\HasTranslations\" not found at D:\\qixer\\@core\\app\\GalleryCategory.php:9)
[stacktrace]
#0 {main}
"} 
[2025-02-20 14:43:23] local.ERROR: Trait "Spatie\Translatable\HasTranslations" not found {"exception":"[object] (Symfony\\Component\\ErrorHandler\\Error\\FatalError(code: 0): Trait \"Spatie\\Translatable\\HasTranslations\" not found at D:\\qixer\\@core\\app\\GalleryCategory.php:9)
[stacktrace]
#0 {main}
"} 
[2025-02-20 14:44:22] local.ERROR: Trait "Spatie\Translatable\HasTranslations" not found {"exception":"[object] (Symfony\\Component\\ErrorHandler\\Error\\FatalError(code: 0): Trait \"Spatie\\Translatable\\HasTranslations\" not found at D:\\qixer\\@core\\app\\GalleryCategory.php:9)
[stacktrace]
#0 {main}
"} 
[2025-02-20 14:45:23] local.ERROR: Trait "Spatie\Translatable\HasTranslations" not found {"exception":"[object] (Symfony\\Component\\ErrorHandler\\Error\\FatalError(code: 0): Trait \"Spatie\\Translatable\\HasTranslations\" not found at D:\\qixer\\@core\\app\\GalleryCategory.php:9)
[stacktrace]
#0 {main}
"} 
[2025-02-20 14:46:23] local.ERROR: Trait "Spatie\Translatable\HasTranslations" not found {"exception":"[object] (Symfony\\Component\\ErrorHandler\\Error\\FatalError(code: 0): Trait \"Spatie\\Translatable\\HasTranslations\" not found at D:\\qixer\\@core\\app\\GalleryCategory.php:9)
[stacktrace]
#0 {main}
"} 
[2025-02-20 14:47:23] local.ERROR: Trait "Spatie\Translatable\HasTranslations" not found {"exception":"[object] (Symfony\\Component\\ErrorHandler\\Error\\FatalError(code: 0): Trait \"Spatie\\Translatable\\HasTranslations\" not found at D:\\qixer\\@core\\app\\GalleryCategory.php:9)
[stacktrace]
#0 {main}
"} 
[2025-02-20 14:48:23] local.ERROR: Trait "Spatie\Translatable\HasTranslations" not found {"exception":"[object] (Symfony\\Component\\ErrorHandler\\Error\\FatalError(code: 0): Trait \"Spatie\\Translatable\\HasTranslations\" not found at D:\\qixer\\@core\\app\\GalleryCategory.php:9)
[stacktrace]
#0 {main}
"} 
[2025-02-20 14:49:23] local.ERROR: Trait "Spatie\Translatable\HasTranslations" not found {"exception":"[object] (Symfony\\Component\\ErrorHandler\\Error\\FatalError(code: 0): Trait \"Spatie\\Translatable\\HasTranslations\" not found at D:\\qixer\\@core\\app\\GalleryCategory.php:9)
[stacktrace]
#0 {main}
"} 
[2025-02-20 14:50:23] local.ERROR: Trait "Spatie\Translatable\HasTranslations" not found {"exception":"[object] (Symfony\\Component\\ErrorHandler\\Error\\FatalError(code: 0): Trait \"Spatie\\Translatable\\HasTranslations\" not found at D:\\qixer\\@core\\app\\GalleryCategory.php:9)
[stacktrace]
#0 {main}
"} 
[2025-02-20 14:51:23] local.ERROR: Trait "Spatie\Translatable\HasTranslations" not found {"exception":"[object] (Symfony\\Component\\ErrorHandler\\Error\\FatalError(code: 0): Trait \"Spatie\\Translatable\\HasTranslations\" not found at D:\\qixer\\@core\\app\\GalleryCategory.php:9)
[stacktrace]
#0 {main}
"} 
[2025-02-20 14:52:23] local.ERROR: Trait "Spatie\Translatable\HasTranslations" not found {"exception":"[object] (Symfony\\Component\\ErrorHandler\\Error\\FatalError(code: 0): Trait \"Spatie\\Translatable\\HasTranslations\" not found at D:\\qixer\\@core\\app\\GalleryCategory.php:9)
[stacktrace]
#0 {main}
"} 
[2025-02-20 14:53:23] local.ERROR: Trait "Spatie\Translatable\HasTranslations" not found {"exception":"[object] (Symfony\\Component\\ErrorHandler\\Error\\FatalError(code: 0): Trait \"Spatie\\Translatable\\HasTranslations\" not found at D:\\qixer\\@core\\app\\GalleryCategory.php:9)
[stacktrace]
#0 {main}
"} 
[2025-02-20 14:54:23] local.ERROR: Trait "Spatie\Translatable\HasTranslations" not found {"exception":"[object] (Symfony\\Component\\ErrorHandler\\Error\\FatalError(code: 0): Trait \"Spatie\\Translatable\\HasTranslations\" not found at D:\\qixer\\@core\\app\\GalleryCategory.php:9)
[stacktrace]
#0 {main}
"} 
[2025-02-20 14:55:23] local.ERROR: Trait "Spatie\Translatable\HasTranslations" not found {"exception":"[object] (Symfony\\Component\\ErrorHandler\\Error\\FatalError(code: 0): Trait \"Spatie\\Translatable\\HasTranslations\" not found at D:\\qixer\\@core\\app\\GalleryCategory.php:9)
[stacktrace]
#0 {main}
"} 
[2025-02-20 14:56:23] local.ERROR: Trait "Spatie\Translatable\HasTranslations" not found {"exception":"[object] (Symfony\\Component\\ErrorHandler\\Error\\FatalError(code: 0): Trait \"Spatie\\Translatable\\HasTranslations\" not found at D:\\qixer\\@core\\app\\GalleryCategory.php:9)
[stacktrace]
#0 {main}
"} 
[2025-02-20 14:57:23] local.ERROR: Trait "Spatie\Translatable\HasTranslations" not found {"exception":"[object] (Symfony\\Component\\ErrorHandler\\Error\\FatalError(code: 0): Trait \"Spatie\\Translatable\\HasTranslations\" not found at D:\\qixer\\@core\\app\\GalleryCategory.php:9)
[stacktrace]
#0 {main}
"} 
[2025-02-20 14:58:23] local.ERROR: Trait "Spatie\Translatable\HasTranslations" not found {"exception":"[object] (Symfony\\Component\\ErrorHandler\\Error\\FatalError(code: 0): Trait \"Spatie\\Translatable\\HasTranslations\" not found at D:\\qixer\\@core\\app\\GalleryCategory.php:9)
[stacktrace]
#0 {main}
"} 
[2025-02-20 14:59:23] local.ERROR: Trait "Spatie\Translatable\HasTranslations" not found {"exception":"[object] (Symfony\\Component\\ErrorHandler\\Error\\FatalError(code: 0): Trait \"Spatie\\Translatable\\HasTranslations\" not found at D:\\qixer\\@core\\app\\GalleryCategory.php:9)
[stacktrace]
#0 {main}
"} 
[2025-02-20 15:00:23] local.ERROR: Trait "Spatie\Translatable\HasTranslations" not found {"exception":"[object] (Symfony\\Component\\ErrorHandler\\Error\\FatalError(code: 0): Trait \"Spatie\\Translatable\\HasTranslations\" not found at D:\\qixer\\@core\\app\\GalleryCategory.php:9)
[stacktrace]
#0 {main}
"} 
[2025-02-20 15:01:23] local.ERROR: Trait "Spatie\Translatable\HasTranslations" not found {"exception":"[object] (Symfony\\Component\\ErrorHandler\\Error\\FatalError(code: 0): Trait \"Spatie\\Translatable\\HasTranslations\" not found at D:\\qixer\\@core\\app\\GalleryCategory.php:9)
[stacktrace]
#0 {main}
"} 
[2025-02-20 15:02:23] local.ERROR: Trait "Spatie\Translatable\HasTranslations" not found {"exception":"[object] (Symfony\\Component\\ErrorHandler\\Error\\FatalError(code: 0): Trait \"Spatie\\Translatable\\HasTranslations\" not found at D:\\qixer\\@core\\app\\GalleryCategory.php:9)
[stacktrace]
#0 {main}
"} 
[2025-02-20 15:03:23] local.ERROR: Trait "Spatie\Translatable\HasTranslations" not found {"exception":"[object] (Symfony\\Component\\ErrorHandler\\Error\\FatalError(code: 0): Trait \"Spatie\\Translatable\\HasTranslations\" not found at D:\\qixer\\@core\\app\\GalleryCategory.php:9)
[stacktrace]
#0 {main}
"} 
[2025-02-20 15:04:23] local.ERROR: Trait "Spatie\Translatable\HasTranslations" not found {"exception":"[object] (Symfony\\Component\\ErrorHandler\\Error\\FatalError(code: 0): Trait \"Spatie\\Translatable\\HasTranslations\" not found at D:\\qixer\\@core\\app\\GalleryCategory.php:9)
[stacktrace]
#0 {main}
"} 
[2025-02-20 15:05:23] local.ERROR: Trait "Spatie\Translatable\HasTranslations" not found {"exception":"[object] (Symfony\\Component\\ErrorHandler\\Error\\FatalError(code: 0): Trait \"Spatie\\Translatable\\HasTranslations\" not found at D:\\qixer\\@core\\app\\GalleryCategory.php:9)
[stacktrace]
#0 {main}
"} 
[2025-02-20 15:06:23] local.ERROR: Trait "Spatie\Translatable\HasTranslations" not found {"exception":"[object] (Symfony\\Component\\ErrorHandler\\Error\\FatalError(code: 0): Trait \"Spatie\\Translatable\\HasTranslations\" not found at D:\\qixer\\@core\\app\\GalleryCategory.php:9)
[stacktrace]
#0 {main}
"} 
[2025-02-20 15:07:23] local.ERROR: Trait "Spatie\Translatable\HasTranslations" not found {"exception":"[object] (Symfony\\Component\\ErrorHandler\\Error\\FatalError(code: 0): Trait \"Spatie\\Translatable\\HasTranslations\" not found at D:\\qixer\\@core\\app\\GalleryCategory.php:9)
[stacktrace]
#0 {main}
"} 
[2025-02-20 15:08:23] local.ERROR: Trait "Spatie\Translatable\HasTranslations" not found {"exception":"[object] (Symfony\\Component\\ErrorHandler\\Error\\FatalError(code: 0): Trait \"Spatie\\Translatable\\HasTranslations\" not found at D:\\qixer\\@core\\app\\GalleryCategory.php:9)
[stacktrace]
#0 {main}
"} 
[2025-02-20 15:09:23] local.ERROR: Trait "Spatie\Translatable\HasTranslations" not found {"exception":"[object] (Symfony\\Component\\ErrorHandler\\Error\\FatalError(code: 0): Trait \"Spatie\\Translatable\\HasTranslations\" not found at D:\\qixer\\@core\\app\\GalleryCategory.php:9)
[stacktrace]
#0 {main}
"} 
[2025-02-20 15:10:23] local.ERROR: Trait "Spatie\Translatable\HasTranslations" not found {"exception":"[object] (Symfony\\Component\\ErrorHandler\\Error\\FatalError(code: 0): Trait \"Spatie\\Translatable\\HasTranslations\" not found at D:\\qixer\\@core\\app\\GalleryCategory.php:9)
[stacktrace]
#0 {main}
"} 
[2025-02-20 15:11:23] local.ERROR: Trait "Spatie\Translatable\HasTranslations" not found {"exception":"[object] (Symfony\\Component\\ErrorHandler\\Error\\FatalError(code: 0): Trait \"Spatie\\Translatable\\HasTranslations\" not found at D:\\qixer\\@core\\app\\GalleryCategory.php:9)
[stacktrace]
#0 {main}
"} 
[2025-02-20 15:12:23] local.ERROR: Trait "Spatie\Translatable\HasTranslations" not found {"exception":"[object] (Symfony\\Component\\ErrorHandler\\Error\\FatalError(code: 0): Trait \"Spatie\\Translatable\\HasTranslations\" not found at D:\\qixer\\@core\\app\\GalleryCategory.php:9)
[stacktrace]
#0 {main}
"} 
[2025-02-20 15:13:23] local.ERROR: Trait "Spatie\Translatable\HasTranslations" not found {"exception":"[object] (Symfony\\Component\\ErrorHandler\\Error\\FatalError(code: 0): Trait \"Spatie\\Translatable\\HasTranslations\" not found at D:\\qixer\\@core\\app\\GalleryCategory.php:9)
[stacktrace]
#0 {main}
"} 
[2025-02-20 15:14:23] local.ERROR: Trait "Spatie\Translatable\HasTranslations" not found {"exception":"[object] (Symfony\\Component\\ErrorHandler\\Error\\FatalError(code: 0): Trait \"Spatie\\Translatable\\HasTranslations\" not found at D:\\qixer\\@core\\app\\GalleryCategory.php:9)
[stacktrace]
#0 {main}
"} 
[2025-02-20 15:15:23] local.ERROR: Trait "Spatie\Translatable\HasTranslations" not found {"exception":"[object] (Symfony\\Component\\ErrorHandler\\Error\\FatalError(code: 0): Trait \"Spatie\\Translatable\\HasTranslations\" not found at D:\\qixer\\@core\\app\\GalleryCategory.php:9)
[stacktrace]
#0 {main}
"} 
[2025-02-20 15:16:23] local.ERROR: Trait "Spatie\Translatable\HasTranslations" not found {"exception":"[object] (Symfony\\Component\\ErrorHandler\\Error\\FatalError(code: 0): Trait \"Spatie\\Translatable\\HasTranslations\" not found at D:\\qixer\\@core\\app\\GalleryCategory.php:9)
[stacktrace]
#0 {main}
"} 
[2025-02-20 15:17:23] local.ERROR: Trait "Spatie\Translatable\HasTranslations" not found {"exception":"[object] (Symfony\\Component\\ErrorHandler\\Error\\FatalError(code: 0): Trait \"Spatie\\Translatable\\HasTranslations\" not found at D:\\qixer\\@core\\app\\GalleryCategory.php:9)
[stacktrace]
#0 {main}
"} 
[2025-02-20 15:18:23] local.ERROR: Trait "Spatie\Translatable\HasTranslations" not found {"exception":"[object] (Symfony\\Component\\ErrorHandler\\Error\\FatalError(code: 0): Trait \"Spatie\\Translatable\\HasTranslations\" not found at D:\\qixer\\@core\\app\\GalleryCategory.php:9)
[stacktrace]
#0 {main}
"} 
[2025-02-20 15:19:23] local.ERROR: Trait "Spatie\Translatable\HasTranslations" not found {"exception":"[object] (Symfony\\Component\\ErrorHandler\\Error\\FatalError(code: 0): Trait \"Spatie\\Translatable\\HasTranslations\" not found at D:\\qixer\\@core\\app\\GalleryCategory.php:9)
[stacktrace]
#0 {main}
"} 
[2025-02-20 15:20:23] local.ERROR: Trait "Spatie\Translatable\HasTranslations" not found {"exception":"[object] (Symfony\\Component\\ErrorHandler\\Error\\FatalError(code: 0): Trait \"Spatie\\Translatable\\HasTranslations\" not found at D:\\qixer\\@core\\app\\GalleryCategory.php:9)
[stacktrace]
#0 {main}
"} 
[2025-02-20 17:40:19] local.ERROR: Trait "Spatie\Translatable\HasTranslations" not found {"exception":"[object] (Symfony\\Component\\ErrorHandler\\Error\\FatalError(code: 0): Trait \"Spatie\\Translatable\\HasTranslations\" not found at D:\\qixer\\@core\\app\\GalleryCategory.php:9)
[stacktrace]
#0 {main}
"} 
[2025-02-20 20:00:47] local.ERROR: Trait "Spatie\Translatable\HasTranslations" not found {"exception":"[object] (Symfony\\Component\\ErrorHandler\\Error\\FatalError(code: 0): Trait \"Spatie\\Translatable\\HasTranslations\" not found at D:\\qixer\\@core\\app\\GalleryCategory.php:9)
[stacktrace]
#0 {main}
"} 
[2025-02-20 20:01:24] local.ERROR: Trait "Spatie\Translatable\HasTranslations" not found {"exception":"[object] (Symfony\\Component\\ErrorHandler\\Error\\FatalError(code: 0): Trait \"Spatie\\Translatable\\HasTranslations\" not found at D:\\qixer\\@core\\app\\GalleryCategory.php:9)
[stacktrace]
#0 {main}
"} 
[2025-02-20 20:02:17] local.ERROR: Trait "Spatie\Translatable\HasTranslations" not found {"exception":"[object] (Symfony\\Component\\ErrorHandler\\Error\\FatalError(code: 0): Trait \"Spatie\\Translatable\\HasTranslations\" not found at D:\\qixer\\@core\\app\\GalleryCategory.php:9)
[stacktrace]
#0 {main}
"} 
[2025-02-20 20:03:15] local.ERROR: Trait "Spatie\Translatable\HasTranslations" not found {"exception":"[object] (Symfony\\Component\\ErrorHandler\\Error\\FatalError(code: 0): Trait \"Spatie\\Translatable\\HasTranslations\" not found at D:\\qixer\\@core\\app\\GalleryCategory.php:9)
[stacktrace]
#0 {main}
"} 
[2025-02-20 20:04:14] local.ERROR: Trait "Spatie\Translatable\HasTranslations" not found {"exception":"[object] (Symfony\\Component\\ErrorHandler\\Error\\FatalError(code: 0): Trait \"Spatie\\Translatable\\HasTranslations\" not found at D:\\qixer\\@core\\app\\GalleryCategory.php:9)
[stacktrace]
#0 {main}
"} 
[2025-02-20 20:05:14] local.ERROR: Trait "Spatie\Translatable\HasTranslations" not found {"exception":"[object] (Symfony\\Component\\ErrorHandler\\Error\\FatalError(code: 0): Trait \"Spatie\\Translatable\\HasTranslations\" not found at D:\\qixer\\@core\\app\\GalleryCategory.php:9)
[stacktrace]
#0 {main}
"} 
[2025-02-20 20:06:15] local.ERROR: Trait "Spatie\Translatable\HasTranslations" not found {"exception":"[object] (Symfony\\Component\\ErrorHandler\\Error\\FatalError(code: 0): Trait \"Spatie\\Translatable\\HasTranslations\" not found at D:\\qixer\\@core\\app\\GalleryCategory.php:9)
[stacktrace]
#0 {main}
"} 
[2025-02-20 20:07:15] local.ERROR: Trait "Spatie\Translatable\HasTranslations" not found {"exception":"[object] (Symfony\\Component\\ErrorHandler\\Error\\FatalError(code: 0): Trait \"Spatie\\Translatable\\HasTranslations\" not found at D:\\qixer\\@core\\app\\GalleryCategory.php:9)
[stacktrace]
#0 {main}
"} 
[2025-02-20 20:08:14] local.ERROR: Trait "Spatie\Translatable\HasTranslations" not found {"exception":"[object] (Symfony\\Component\\ErrorHandler\\Error\\FatalError(code: 0): Trait \"Spatie\\Translatable\\HasTranslations\" not found at D:\\qixer\\@core\\app\\GalleryCategory.php:9)
[stacktrace]
#0 {main}
"} 
[2025-02-20 20:09:15] local.ERROR: Trait "Spatie\Translatable\HasTranslations" not found {"exception":"[object] (Symfony\\Component\\ErrorHandler\\Error\\FatalError(code: 0): Trait \"Spatie\\Translatable\\HasTranslations\" not found at D:\\qixer\\@core\\app\\GalleryCategory.php:9)
[stacktrace]
#0 {main}
"} 
[2025-02-20 20:10:14] local.ERROR: Trait "Spatie\Translatable\HasTranslations" not found {"exception":"[object] (Symfony\\Component\\ErrorHandler\\Error\\FatalError(code: 0): Trait \"Spatie\\Translatable\\HasTranslations\" not found at D:\\qixer\\@core\\app\\GalleryCategory.php:9)
[stacktrace]
#0 {main}
"} 
[2025-02-20 20:11:15] local.ERROR: Trait "Spatie\Translatable\HasTranslations" not found {"exception":"[object] (Symfony\\Component\\ErrorHandler\\Error\\FatalError(code: 0): Trait \"Spatie\\Translatable\\HasTranslations\" not found at D:\\qixer\\@core\\app\\GalleryCategory.php:9)
[stacktrace]
#0 {main}
"} 
[2025-02-20 20:12:15] local.ERROR: Trait "Spatie\Translatable\HasTranslations" not found {"exception":"[object] (Symfony\\Component\\ErrorHandler\\Error\\FatalError(code: 0): Trait \"Spatie\\Translatable\\HasTranslations\" not found at D:\\qixer\\@core\\app\\GalleryCategory.php:9)
[stacktrace]
#0 {main}
"} 
[2025-02-20 20:13:15] local.ERROR: Trait "Spatie\Translatable\HasTranslations" not found {"exception":"[object] (Symfony\\Component\\ErrorHandler\\Error\\FatalError(code: 0): Trait \"Spatie\\Translatable\\HasTranslations\" not found at D:\\qixer\\@core\\app\\GalleryCategory.php:9)
[stacktrace]
#0 {main}
"} 
[2025-02-20 20:14:15] local.ERROR: Trait "Spatie\Translatable\HasTranslations" not found {"exception":"[object] (Symfony\\Component\\ErrorHandler\\Error\\FatalError(code: 0): Trait \"Spatie\\Translatable\\HasTranslations\" not found at D:\\qixer\\@core\\app\\GalleryCategory.php:9)
[stacktrace]
#0 {main}
"} 
[2025-02-20 20:15:15] local.ERROR: Trait "Spatie\Translatable\HasTranslations" not found {"exception":"[object] (Symfony\\Component\\ErrorHandler\\Error\\FatalError(code: 0): Trait \"Spatie\\Translatable\\HasTranslations\" not found at D:\\qixer\\@core\\app\\GalleryCategory.php:9)
[stacktrace]
#0 {main}
"} 
[2025-02-20 20:16:15] local.ERROR: Trait "Spatie\Translatable\HasTranslations" not found {"exception":"[object] (Symfony\\Component\\ErrorHandler\\Error\\FatalError(code: 0): Trait \"Spatie\\Translatable\\HasTranslations\" not found at D:\\qixer\\@core\\app\\GalleryCategory.php:9)
[stacktrace]
#0 {main}
"} 
[2025-02-20 20:17:15] local.ERROR: Trait "Spatie\Translatable\HasTranslations" not found {"exception":"[object] (Symfony\\Component\\ErrorHandler\\Error\\FatalError(code: 0): Trait \"Spatie\\Translatable\\HasTranslations\" not found at D:\\qixer\\@core\\app\\GalleryCategory.php:9)
[stacktrace]
#0 {main}
"} 
[2025-02-20 20:18:15] local.ERROR: Trait "Spatie\Translatable\HasTranslations" not found {"exception":"[object] (Symfony\\Component\\ErrorHandler\\Error\\FatalError(code: 0): Trait \"Spatie\\Translatable\\HasTranslations\" not found at D:\\qixer\\@core\\app\\GalleryCategory.php:9)
[stacktrace]
#0 {main}
"} 
[2025-02-20 20:19:15] local.ERROR: Trait "Spatie\Translatable\HasTranslations" not found {"exception":"[object] (Symfony\\Component\\ErrorHandler\\Error\\FatalError(code: 0): Trait \"Spatie\\Translatable\\HasTranslations\" not found at D:\\qixer\\@core\\app\\GalleryCategory.php:9)
[stacktrace]
#0 {main}
"} 
[2025-02-20 20:20:15] local.ERROR: Trait "Spatie\Translatable\HasTranslations" not found {"exception":"[object] (Symfony\\Component\\ErrorHandler\\Error\\FatalError(code: 0): Trait \"Spatie\\Translatable\\HasTranslations\" not found at D:\\qixer\\@core\\app\\GalleryCategory.php:9)
[stacktrace]
#0 {main}
"} 
[2025-02-20 20:21:56] local.ERROR: Trait "Spatie\Translatable\HasTranslations" not found {"exception":"[object] (Symfony\\Component\\ErrorHandler\\Error\\FatalError(code: 0): Trait \"Spatie\\Translatable\\HasTranslations\" not found at D:\\qixer\\@core\\app\\GalleryCategory.php:9)
[stacktrace]
#0 {main}
"} 
[2025-02-20 20:22:19] local.ERROR: Trait "Spatie\Translatable\HasTranslations" not found {"exception":"[object] (Symfony\\Component\\ErrorHandler\\Error\\FatalError(code: 0): Trait \"Spatie\\Translatable\\HasTranslations\" not found at D:\\qixer\\@core\\app\\GalleryCategory.php:9)
[stacktrace]
#0 {main}
"} 
[2025-02-20 20:23:19] local.ERROR: Trait "Spatie\Translatable\HasTranslations" not found {"exception":"[object] (Symfony\\Component\\ErrorHandler\\Error\\FatalError(code: 0): Trait \"Spatie\\Translatable\\HasTranslations\" not found at D:\\qixer\\@core\\app\\GalleryCategory.php:9)
[stacktrace]
#0 {main}
"} 
[2025-02-20 20:24:18] local.ERROR: Trait "Spatie\Translatable\HasTranslations" not found {"exception":"[object] (Symfony\\Component\\ErrorHandler\\Error\\FatalError(code: 0): Trait \"Spatie\\Translatable\\HasTranslations\" not found at D:\\qixer\\@core\\app\\GalleryCategory.php:9)
[stacktrace]
#0 {main}
"} 
[2025-02-20 20:25:18] local.ERROR: Trait "Spatie\Translatable\HasTranslations" not found {"exception":"[object] (Symfony\\Component\\ErrorHandler\\Error\\FatalError(code: 0): Trait \"Spatie\\Translatable\\HasTranslations\" not found at D:\\qixer\\@core\\app\\GalleryCategory.php:9)
[stacktrace]
#0 {main}
"} 
[2025-02-20 20:26:18] local.ERROR: Trait "Spatie\Translatable\HasTranslations" not found {"exception":"[object] (Symfony\\Component\\ErrorHandler\\Error\\FatalError(code: 0): Trait \"Spatie\\Translatable\\HasTranslations\" not found at D:\\qixer\\@core\\app\\GalleryCategory.php:9)
[stacktrace]
#0 {main}
"} 
[2025-02-20 20:27:18] local.ERROR: Trait "Spatie\Translatable\HasTranslations" not found {"exception":"[object] (Symfony\\Component\\ErrorHandler\\Error\\FatalError(code: 0): Trait \"Spatie\\Translatable\\HasTranslations\" not found at D:\\qixer\\@core\\app\\GalleryCategory.php:9)
[stacktrace]
#0 {main}
"} 
[2025-02-20 20:28:18] local.ERROR: Trait "Spatie\Translatable\HasTranslations" not found {"exception":"[object] (Symfony\\Component\\ErrorHandler\\Error\\FatalError(code: 0): Trait \"Spatie\\Translatable\\HasTranslations\" not found at D:\\qixer\\@core\\app\\GalleryCategory.php:9)
[stacktrace]
#0 {main}
"} 
[2025-02-20 20:29:18] local.ERROR: Trait "Spatie\Translatable\HasTranslations" not found {"exception":"[object] (Symfony\\Component\\ErrorHandler\\Error\\FatalError(code: 0): Trait \"Spatie\\Translatable\\HasTranslations\" not found at D:\\qixer\\@core\\app\\GalleryCategory.php:9)
[stacktrace]
#0 {main}
"} 
[2025-02-20 20:30:18] local.ERROR: Trait "Spatie\Translatable\HasTranslations" not found {"exception":"[object] (Symfony\\Component\\ErrorHandler\\Error\\FatalError(code: 0): Trait \"Spatie\\Translatable\\HasTranslations\" not found at D:\\qixer\\@core\\app\\GalleryCategory.php:9)
[stacktrace]
#0 {main}
"} 
[2025-02-20 20:31:19] local.ERROR: Trait "Spatie\Translatable\HasTranslations" not found {"exception":"[object] (Symfony\\Component\\ErrorHandler\\Error\\FatalError(code: 0): Trait \"Spatie\\Translatable\\HasTranslations\" not found at D:\\qixer\\@core\\app\\GalleryCategory.php:9)
[stacktrace]
#0 {main}
"} 
[2025-02-20 20:32:18] local.ERROR: Trait "Spatie\Translatable\HasTranslations" not found {"exception":"[object] (Symfony\\Component\\ErrorHandler\\Error\\FatalError(code: 0): Trait \"Spatie\\Translatable\\HasTranslations\" not found at D:\\qixer\\@core\\app\\GalleryCategory.php:9)
[stacktrace]
#0 {main}
"} 
[2025-02-20 20:33:18] local.ERROR: Trait "Spatie\Translatable\HasTranslations" not found {"exception":"[object] (Symfony\\Component\\ErrorHandler\\Error\\FatalError(code: 0): Trait \"Spatie\\Translatable\\HasTranslations\" not found at D:\\qixer\\@core\\app\\GalleryCategory.php:9)
[stacktrace]
#0 {main}
"} 
[2025-02-20 20:34:18] local.ERROR: Trait "Spatie\Translatable\HasTranslations" not found {"exception":"[object] (Symfony\\Component\\ErrorHandler\\Error\\FatalError(code: 0): Trait \"Spatie\\Translatable\\HasTranslations\" not found at D:\\qixer\\@core\\app\\GalleryCategory.php:9)
[stacktrace]
#0 {main}
"} 
[2025-02-20 20:35:18] local.ERROR: Trait "Spatie\Translatable\HasTranslations" not found {"exception":"[object] (Symfony\\Component\\ErrorHandler\\Error\\FatalError(code: 0): Trait \"Spatie\\Translatable\\HasTranslations\" not found at D:\\qixer\\@core\\app\\GalleryCategory.php:9)
[stacktrace]
#0 {main}
"} 
[2025-02-20 20:36:18] local.ERROR: Trait "Spatie\Translatable\HasTranslations" not found {"exception":"[object] (Symfony\\Component\\ErrorHandler\\Error\\FatalError(code: 0): Trait \"Spatie\\Translatable\\HasTranslations\" not found at D:\\qixer\\@core\\app\\GalleryCategory.php:9)
[stacktrace]
#0 {main}
"} 
[2025-02-20 20:37:19] local.ERROR: Trait "Spatie\Translatable\HasTranslations" not found {"exception":"[object] (Symfony\\Component\\ErrorHandler\\Error\\FatalError(code: 0): Trait \"Spatie\\Translatable\\HasTranslations\" not found at D:\\qixer\\@core\\app\\GalleryCategory.php:9)
[stacktrace]
#0 {main}
"} 
[2025-02-20 20:38:19] local.ERROR: Trait "Spatie\Translatable\HasTranslations" not found {"exception":"[object] (Symfony\\Component\\ErrorHandler\\Error\\FatalError(code: 0): Trait \"Spatie\\Translatable\\HasTranslations\" not found at D:\\qixer\\@core\\app\\GalleryCategory.php:9)
[stacktrace]
#0 {main}
"} 
[2025-02-20 20:39:19] local.ERROR: Trait "Spatie\Translatable\HasTranslations" not found {"exception":"[object] (Symfony\\Component\\ErrorHandler\\Error\\FatalError(code: 0): Trait \"Spatie\\Translatable\\HasTranslations\" not found at D:\\qixer\\@core\\app\\GalleryCategory.php:9)
[stacktrace]
#0 {main}
"} 
[2025-02-20 20:40:19] local.ERROR: Trait "Spatie\Translatable\HasTranslations" not found {"exception":"[object] (Symfony\\Component\\ErrorHandler\\Error\\FatalError(code: 0): Trait \"Spatie\\Translatable\\HasTranslations\" not found at D:\\qixer\\@core\\app\\GalleryCategory.php:9)
[stacktrace]
#0 {main}
"} 
[2025-02-20 20:41:19] local.ERROR: Trait "Spatie\Translatable\HasTranslations" not found {"exception":"[object] (Symfony\\Component\\ErrorHandler\\Error\\FatalError(code: 0): Trait \"Spatie\\Translatable\\HasTranslations\" not found at D:\\qixer\\@core\\app\\GalleryCategory.php:9)
[stacktrace]
#0 {main}
"} 
[2025-02-20 20:42:19] local.ERROR: Trait "Spatie\Translatable\HasTranslations" not found {"exception":"[object] (Symfony\\Component\\ErrorHandler\\Error\\FatalError(code: 0): Trait \"Spatie\\Translatable\\HasTranslations\" not found at D:\\qixer\\@core\\app\\GalleryCategory.php:9)
[stacktrace]
#0 {main}
"} 
[2025-02-20 20:43:19] local.ERROR: Trait "Spatie\Translatable\HasTranslations" not found {"exception":"[object] (Symfony\\Component\\ErrorHandler\\Error\\FatalError(code: 0): Trait \"Spatie\\Translatable\\HasTranslations\" not found at D:\\qixer\\@core\\app\\GalleryCategory.php:9)
[stacktrace]
#0 {main}
"} 
[2025-02-20 20:44:19] local.ERROR: Trait "Spatie\Translatable\HasTranslations" not found {"exception":"[object] (Symfony\\Component\\ErrorHandler\\Error\\FatalError(code: 0): Trait \"Spatie\\Translatable\\HasTranslations\" not found at D:\\qixer\\@core\\app\\GalleryCategory.php:9)
[stacktrace]
#0 {main}
"} 
[2025-02-20 20:45:19] local.ERROR: Trait "Spatie\Translatable\HasTranslations" not found {"exception":"[object] (Symfony\\Component\\ErrorHandler\\Error\\FatalError(code: 0): Trait \"Spatie\\Translatable\\HasTranslations\" not found at D:\\qixer\\@core\\app\\GalleryCategory.php:9)
[stacktrace]
#0 {main}
"} 
[2025-02-20 20:46:19] local.ERROR: Trait "Spatie\Translatable\HasTranslations" not found {"exception":"[object] (Symfony\\Component\\ErrorHandler\\Error\\FatalError(code: 0): Trait \"Spatie\\Translatable\\HasTranslations\" not found at D:\\qixer\\@core\\app\\GalleryCategory.php:9)
[stacktrace]
#0 {main}
"} 
[2025-02-20 20:47:19] local.ERROR: Trait "Spatie\Translatable\HasTranslations" not found {"exception":"[object] (Symfony\\Component\\ErrorHandler\\Error\\FatalError(code: 0): Trait \"Spatie\\Translatable\\HasTranslations\" not found at D:\\qixer\\@core\\app\\GalleryCategory.php:9)
[stacktrace]
#0 {main}
"} 
[2025-02-20 20:48:19] local.ERROR: Trait "Spatie\Translatable\HasTranslations" not found {"exception":"[object] (Symfony\\Component\\ErrorHandler\\Error\\FatalError(code: 0): Trait \"Spatie\\Translatable\\HasTranslations\" not found at D:\\qixer\\@core\\app\\GalleryCategory.php:9)
[stacktrace]
#0 {main}
"} 
[2025-02-20 20:49:19] local.ERROR: Trait "Spatie\Translatable\HasTranslations" not found {"exception":"[object] (Symfony\\Component\\ErrorHandler\\Error\\FatalError(code: 0): Trait \"Spatie\\Translatable\\HasTranslations\" not found at D:\\qixer\\@core\\app\\GalleryCategory.php:9)
[stacktrace]
#0 {main}
"} 
[2025-02-20 20:50:19] local.ERROR: Trait "Spatie\Translatable\HasTranslations" not found {"exception":"[object] (Symfony\\Component\\ErrorHandler\\Error\\FatalError(code: 0): Trait \"Spatie\\Translatable\\HasTranslations\" not found at D:\\qixer\\@core\\app\\GalleryCategory.php:9)
[stacktrace]
#0 {main}
"} 
[2025-02-20 20:51:19] local.ERROR: Trait "Spatie\Translatable\HasTranslations" not found {"exception":"[object] (Symfony\\Component\\ErrorHandler\\Error\\FatalError(code: 0): Trait \"Spatie\\Translatable\\HasTranslations\" not found at D:\\qixer\\@core\\app\\GalleryCategory.php:9)
[stacktrace]
#0 {main}
"} 
[2025-02-20 20:52:19] local.ERROR: Trait "Spatie\Translatable\HasTranslations" not found {"exception":"[object] (Symfony\\Component\\ErrorHandler\\Error\\FatalError(code: 0): Trait \"Spatie\\Translatable\\HasTranslations\" not found at D:\\qixer\\@core\\app\\GalleryCategory.php:9)
[stacktrace]
#0 {main}
"} 
[2025-02-20 20:53:19] local.ERROR: Trait "Spatie\Translatable\HasTranslations" not found {"exception":"[object] (Symfony\\Component\\ErrorHandler\\Error\\FatalError(code: 0): Trait \"Spatie\\Translatable\\HasTranslations\" not found at D:\\qixer\\@core\\app\\GalleryCategory.php:9)
[stacktrace]
#0 {main}
"} 
[2025-02-20 20:54:19] local.ERROR: Trait "Spatie\Translatable\HasTranslations" not found {"exception":"[object] (Symfony\\Component\\ErrorHandler\\Error\\FatalError(code: 0): Trait \"Spatie\\Translatable\\HasTranslations\" not found at D:\\qixer\\@core\\app\\GalleryCategory.php:9)
[stacktrace]
#0 {main}
"} 
[2025-02-20 20:55:19] local.ERROR: Trait "Spatie\Translatable\HasTranslations" not found {"exception":"[object] (Symfony\\Component\\ErrorHandler\\Error\\FatalError(code: 0): Trait \"Spatie\\Translatable\\HasTranslations\" not found at D:\\qixer\\@core\\app\\GalleryCategory.php:9)
[stacktrace]
#0 {main}
"} 
[2025-02-20 20:56:19] local.ERROR: Trait "Spatie\Translatable\HasTranslations" not found {"exception":"[object] (Symfony\\Component\\ErrorHandler\\Error\\FatalError(code: 0): Trait \"Spatie\\Translatable\\HasTranslations\" not found at D:\\qixer\\@core\\app\\GalleryCategory.php:9)
[stacktrace]
#0 {main}
"} 
[2025-02-20 20:57:19] local.ERROR: Trait "Spatie\Translatable\HasTranslations" not found {"exception":"[object] (Symfony\\Component\\ErrorHandler\\Error\\FatalError(code: 0): Trait \"Spatie\\Translatable\\HasTranslations\" not found at D:\\qixer\\@core\\app\\GalleryCategory.php:9)
[stacktrace]
#0 {main}
"} 
[2025-02-20 20:58:19] local.ERROR: Trait "Spatie\Translatable\HasTranslations" not found {"exception":"[object] (Symfony\\Component\\ErrorHandler\\Error\\FatalError(code: 0): Trait \"Spatie\\Translatable\\HasTranslations\" not found at D:\\qixer\\@core\\app\\GalleryCategory.php:9)
[stacktrace]
#0 {main}
"} 
[2025-02-20 20:59:19] local.ERROR: Trait "Spatie\Translatable\HasTranslations" not found {"exception":"[object] (Symfony\\Component\\ErrorHandler\\Error\\FatalError(code: 0): Trait \"Spatie\\Translatable\\HasTranslations\" not found at D:\\qixer\\@core\\app\\GalleryCategory.php:9)
[stacktrace]
#0 {main}
"} 
[2025-02-20 21:00:19] local.ERROR: Trait "Spatie\Translatable\HasTranslations" not found {"exception":"[object] (Symfony\\Component\\ErrorHandler\\Error\\FatalError(code: 0): Trait \"Spatie\\Translatable\\HasTranslations\" not found at D:\\qixer\\@core\\app\\GalleryCategory.php:9)
[stacktrace]
#0 {main}
"} 
[2025-02-20 21:01:19] local.ERROR: Trait "Spatie\Translatable\HasTranslations" not found {"exception":"[object] (Symfony\\Component\\ErrorHandler\\Error\\FatalError(code: 0): Trait \"Spatie\\Translatable\\HasTranslations\" not found at D:\\qixer\\@core\\app\\GalleryCategory.php:9)
[stacktrace]
#0 {main}
"} 
[2025-02-20 21:02:19] local.ERROR: Trait "Spatie\Translatable\HasTranslations" not found {"exception":"[object] (Symfony\\Component\\ErrorHandler\\Error\\FatalError(code: 0): Trait \"Spatie\\Translatable\\HasTranslations\" not found at D:\\qixer\\@core\\app\\GalleryCategory.php:9)
[stacktrace]
#0 {main}
"} 
[2025-02-20 21:03:19] local.ERROR: Trait "Spatie\Translatable\HasTranslations" not found {"exception":"[object] (Symfony\\Component\\ErrorHandler\\Error\\FatalError(code: 0): Trait \"Spatie\\Translatable\\HasTranslations\" not found at D:\\qixer\\@core\\app\\GalleryCategory.php:9)
[stacktrace]
#0 {main}
"} 
[2025-02-20 21:04:19] local.ERROR: Trait "Spatie\Translatable\HasTranslations" not found {"exception":"[object] (Symfony\\Component\\ErrorHandler\\Error\\FatalError(code: 0): Trait \"Spatie\\Translatable\\HasTranslations\" not found at D:\\qixer\\@core\\app\\GalleryCategory.php:9)
[stacktrace]
#0 {main}
"} 
[2025-02-20 21:05:19] local.ERROR: Trait "Spatie\Translatable\HasTranslations" not found {"exception":"[object] (Symfony\\Component\\ErrorHandler\\Error\\FatalError(code: 0): Trait \"Spatie\\Translatable\\HasTranslations\" not found at D:\\qixer\\@core\\app\\GalleryCategory.php:9)
[stacktrace]
#0 {main}
"} 
[2025-02-20 21:06:19] local.ERROR: Trait "Spatie\Translatable\HasTranslations" not found {"exception":"[object] (Symfony\\Component\\ErrorHandler\\Error\\FatalError(code: 0): Trait \"Spatie\\Translatable\\HasTranslations\" not found at D:\\qixer\\@core\\app\\GalleryCategory.php:9)
[stacktrace]
#0 {main}
"} 
[2025-02-20 21:07:19] local.ERROR: Trait "Spatie\Translatable\HasTranslations" not found {"exception":"[object] (Symfony\\Component\\ErrorHandler\\Error\\FatalError(code: 0): Trait \"Spatie\\Translatable\\HasTranslations\" not found at D:\\qixer\\@core\\app\\GalleryCategory.php:9)
[stacktrace]
#0 {main}
"} 
[2025-02-20 21:08:19] local.ERROR: Trait "Spatie\Translatable\HasTranslations" not found {"exception":"[object] (Symfony\\Component\\ErrorHandler\\Error\\FatalError(code: 0): Trait \"Spatie\\Translatable\\HasTranslations\" not found at D:\\qixer\\@core\\app\\GalleryCategory.php:9)
[stacktrace]
#0 {main}
"} 
[2025-02-20 21:09:19] local.ERROR: Trait "Spatie\Translatable\HasTranslations" not found {"exception":"[object] (Symfony\\Component\\ErrorHandler\\Error\\FatalError(code: 0): Trait \"Spatie\\Translatable\\HasTranslations\" not found at D:\\qixer\\@core\\app\\GalleryCategory.php:9)
[stacktrace]
#0 {main}
"} 
[2025-02-20 21:10:19] local.ERROR: Trait "Spatie\Translatable\HasTranslations" not found {"exception":"[object] (Symfony\\Component\\ErrorHandler\\Error\\FatalError(code: 0): Trait \"Spatie\\Translatable\\HasTranslations\" not found at D:\\qixer\\@core\\app\\GalleryCategory.php:9)
[stacktrace]
#0 {main}
"} 
[2025-02-20 21:11:19] local.ERROR: Trait "Spatie\Translatable\HasTranslations" not found {"exception":"[object] (Symfony\\Component\\ErrorHandler\\Error\\FatalError(code: 0): Trait \"Spatie\\Translatable\\HasTranslations\" not found at D:\\qixer\\@core\\app\\GalleryCategory.php:9)
[stacktrace]
#0 {main}
"} 
[2025-02-20 21:12:19] local.ERROR: Trait "Spatie\Translatable\HasTranslations" not found {"exception":"[object] (Symfony\\Component\\ErrorHandler\\Error\\FatalError(code: 0): Trait \"Spatie\\Translatable\\HasTranslations\" not found at D:\\qixer\\@core\\app\\GalleryCategory.php:9)
[stacktrace]
#0 {main}
"} 
[2025-02-20 21:13:19] local.ERROR: Trait "Spatie\Translatable\HasTranslations" not found {"exception":"[object] (Symfony\\Component\\ErrorHandler\\Error\\FatalError(code: 0): Trait \"Spatie\\Translatable\\HasTranslations\" not found at D:\\qixer\\@core\\app\\GalleryCategory.php:9)
[stacktrace]
#0 {main}
"} 
[2025-02-20 21:14:19] local.ERROR: Trait "Spatie\Translatable\HasTranslations" not found {"exception":"[object] (Symfony\\Component\\ErrorHandler\\Error\\FatalError(code: 0): Trait \"Spatie\\Translatable\\HasTranslations\" not found at D:\\qixer\\@core\\app\\GalleryCategory.php:9)
[stacktrace]
#0 {main}
"} 
[2025-02-20 21:15:19] local.ERROR: Trait "Spatie\Translatable\HasTranslations" not found {"exception":"[object] (Symfony\\Component\\ErrorHandler\\Error\\FatalError(code: 0): Trait \"Spatie\\Translatable\\HasTranslations\" not found at D:\\qixer\\@core\\app\\GalleryCategory.php:9)
[stacktrace]
#0 {main}
"} 
[2025-02-20 21:16:19] local.ERROR: Trait "Spatie\Translatable\HasTranslations" not found {"exception":"[object] (Symfony\\Component\\ErrorHandler\\Error\\FatalError(code: 0): Trait \"Spatie\\Translatable\\HasTranslations\" not found at D:\\qixer\\@core\\app\\GalleryCategory.php:9)
[stacktrace]
#0 {main}
"} 
[2025-02-20 21:17:19] local.ERROR: Trait "Spatie\Translatable\HasTranslations" not found {"exception":"[object] (Symfony\\Component\\ErrorHandler\\Error\\FatalError(code: 0): Trait \"Spatie\\Translatable\\HasTranslations\" not found at D:\\qixer\\@core\\app\\GalleryCategory.php:9)
[stacktrace]
#0 {main}
"} 
[2025-02-20 21:18:19] local.ERROR: Trait "Spatie\Translatable\HasTranslations" not found {"exception":"[object] (Symfony\\Component\\ErrorHandler\\Error\\FatalError(code: 0): Trait \"Spatie\\Translatable\\HasTranslations\" not found at D:\\qixer\\@core\\app\\GalleryCategory.php:9)
[stacktrace]
#0 {main}
"} 
[2025-02-20 21:19:19] local.ERROR: Trait "Spatie\Translatable\HasTranslations" not found {"exception":"[object] (Symfony\\Component\\ErrorHandler\\Error\\FatalError(code: 0): Trait \"Spatie\\Translatable\\HasTranslations\" not found at D:\\qixer\\@core\\app\\GalleryCategory.php:9)
[stacktrace]
#0 {main}
"} 
[2025-02-20 21:20:19] local.ERROR: Trait "Spatie\Translatable\HasTranslations" not found {"exception":"[object] (Symfony\\Component\\ErrorHandler\\Error\\FatalError(code: 0): Trait \"Spatie\\Translatable\\HasTranslations\" not found at D:\\qixer\\@core\\app\\GalleryCategory.php:9)
[stacktrace]
#0 {main}
"} 
[2025-02-20 21:21:19] local.ERROR: Trait "Spatie\Translatable\HasTranslations" not found {"exception":"[object] (Symfony\\Component\\ErrorHandler\\Error\\FatalError(code: 0): Trait \"Spatie\\Translatable\\HasTranslations\" not found at D:\\qixer\\@core\\app\\GalleryCategory.php:9)
[stacktrace]
#0 {main}
"} 
[2025-02-20 21:22:19] local.ERROR: Trait "Spatie\Translatable\HasTranslations" not found {"exception":"[object] (Symfony\\Component\\ErrorHandler\\Error\\FatalError(code: 0): Trait \"Spatie\\Translatable\\HasTranslations\" not found at D:\\qixer\\@core\\app\\GalleryCategory.php:9)
[stacktrace]
#0 {main}
"} 
[2025-02-20 21:23:19] local.ERROR: Trait "Spatie\Translatable\HasTranslations" not found {"exception":"[object] (Symfony\\Component\\ErrorHandler\\Error\\FatalError(code: 0): Trait \"Spatie\\Translatable\\HasTranslations\" not found at D:\\qixer\\@core\\app\\GalleryCategory.php:9)
[stacktrace]
#0 {main}
"} 
[2025-02-20 21:24:19] local.ERROR: Trait "Spatie\Translatable\HasTranslations" not found {"exception":"[object] (Symfony\\Component\\ErrorHandler\\Error\\FatalError(code: 0): Trait \"Spatie\\Translatable\\HasTranslations\" not found at D:\\qixer\\@core\\app\\GalleryCategory.php:9)
[stacktrace]
#0 {main}
"} 
[2025-02-20 21:25:19] local.ERROR: Trait "Spatie\Translatable\HasTranslations" not found {"exception":"[object] (Symfony\\Component\\ErrorHandler\\Error\\FatalError(code: 0): Trait \"Spatie\\Translatable\\HasTranslations\" not found at D:\\qixer\\@core\\app\\GalleryCategory.php:9)
[stacktrace]
#0 {main}
"} 
[2025-02-20 21:26:19] local.ERROR: Trait "Spatie\Translatable\HasTranslations" not found {"exception":"[object] (Symfony\\Component\\ErrorHandler\\Error\\FatalError(code: 0): Trait \"Spatie\\Translatable\\HasTranslations\" not found at D:\\qixer\\@core\\app\\GalleryCategory.php:9)
[stacktrace]
#0 {main}
"} 
[2025-02-20 21:27:19] local.ERROR: Trait "Spatie\Translatable\HasTranslations" not found {"exception":"[object] (Symfony\\Component\\ErrorHandler\\Error\\FatalError(code: 0): Trait \"Spatie\\Translatable\\HasTranslations\" not found at D:\\qixer\\@core\\app\\GalleryCategory.php:9)
[stacktrace]
#0 {main}
"} 
[2025-02-20 21:28:19] local.ERROR: Trait "Spatie\Translatable\HasTranslations" not found {"exception":"[object] (Symfony\\Component\\ErrorHandler\\Error\\FatalError(code: 0): Trait \"Spatie\\Translatable\\HasTranslations\" not found at D:\\qixer\\@core\\app\\GalleryCategory.php:9)
[stacktrace]
#0 {main}
"} 
[2025-02-20 21:29:19] local.ERROR: Trait "Spatie\Translatable\HasTranslations" not found {"exception":"[object] (Symfony\\Component\\ErrorHandler\\Error\\FatalError(code: 0): Trait \"Spatie\\Translatable\\HasTranslations\" not found at D:\\qixer\\@core\\app\\GalleryCategory.php:9)
[stacktrace]
#0 {main}
"} 
[2025-02-20 21:30:19] local.ERROR: Trait "Spatie\Translatable\HasTranslations" not found {"exception":"[object] (Symfony\\Component\\ErrorHandler\\Error\\FatalError(code: 0): Trait \"Spatie\\Translatable\\HasTranslations\" not found at D:\\qixer\\@core\\app\\GalleryCategory.php:9)
[stacktrace]
#0 {main}
"} 
[2025-02-20 21:31:19] local.ERROR: Trait "Spatie\Translatable\HasTranslations" not found {"exception":"[object] (Symfony\\Component\\ErrorHandler\\Error\\FatalError(code: 0): Trait \"Spatie\\Translatable\\HasTranslations\" not found at D:\\qixer\\@core\\app\\GalleryCategory.php:9)
[stacktrace]
#0 {main}
"} 
[2025-02-20 21:32:19] local.ERROR: Trait "Spatie\Translatable\HasTranslations" not found {"exception":"[object] (Symfony\\Component\\ErrorHandler\\Error\\FatalError(code: 0): Trait \"Spatie\\Translatable\\HasTranslations\" not found at D:\\qixer\\@core\\app\\GalleryCategory.php:9)
[stacktrace]
#0 {main}
"} 
[2025-02-20 21:33:19] local.ERROR: Trait "Spatie\Translatable\HasTranslations" not found {"exception":"[object] (Symfony\\Component\\ErrorHandler\\Error\\FatalError(code: 0): Trait \"Spatie\\Translatable\\HasTranslations\" not found at D:\\qixer\\@core\\app\\GalleryCategory.php:9)
[stacktrace]
#0 {main}
"} 
[2025-02-20 21:34:19] local.ERROR: Trait "Spatie\Translatable\HasTranslations" not found {"exception":"[object] (Symfony\\Component\\ErrorHandler\\Error\\FatalError(code: 0): Trait \"Spatie\\Translatable\\HasTranslations\" not found at D:\\qixer\\@core\\app\\GalleryCategory.php:9)
[stacktrace]
#0 {main}
"} 
[2025-02-20 21:35:19] local.ERROR: Trait "Spatie\Translatable\HasTranslations" not found {"exception":"[object] (Symfony\\Component\\ErrorHandler\\Error\\FatalError(code: 0): Trait \"Spatie\\Translatable\\HasTranslations\" not found at D:\\qixer\\@core\\app\\GalleryCategory.php:9)
[stacktrace]
#0 {main}
"} 
[2025-02-20 21:36:19] local.ERROR: Trait "Spatie\Translatable\HasTranslations" not found {"exception":"[object] (Symfony\\Component\\ErrorHandler\\Error\\FatalError(code: 0): Trait \"Spatie\\Translatable\\HasTranslations\" not found at D:\\qixer\\@core\\app\\GalleryCategory.php:9)
[stacktrace]
#0 {main}
"} 
[2025-02-20 21:37:19] local.ERROR: Trait "Spatie\Translatable\HasTranslations" not found {"exception":"[object] (Symfony\\Component\\ErrorHandler\\Error\\FatalError(code: 0): Trait \"Spatie\\Translatable\\HasTranslations\" not found at D:\\qixer\\@core\\app\\GalleryCategory.php:9)
[stacktrace]
#0 {main}
"} 
[2025-02-20 21:38:19] local.ERROR: Trait "Spatie\Translatable\HasTranslations" not found {"exception":"[object] (Symfony\\Component\\ErrorHandler\\Error\\FatalError(code: 0): Trait \"Spatie\\Translatable\\HasTranslations\" not found at D:\\qixer\\@core\\app\\GalleryCategory.php:9)
[stacktrace]
#0 {main}
"} 
[2025-02-20 21:39:19] local.ERROR: Trait "Spatie\Translatable\HasTranslations" not found {"exception":"[object] (Symfony\\Component\\ErrorHandler\\Error\\FatalError(code: 0): Trait \"Spatie\\Translatable\\HasTranslations\" not found at D:\\qixer\\@core\\app\\GalleryCategory.php:9)
[stacktrace]
#0 {main}
"} 
[2025-02-20 21:40:19] local.ERROR: Trait "Spatie\Translatable\HasTranslations" not found {"exception":"[object] (Symfony\\Component\\ErrorHandler\\Error\\FatalError(code: 0): Trait \"Spatie\\Translatable\\HasTranslations\" not found at D:\\qixer\\@core\\app\\GalleryCategory.php:9)
[stacktrace]
#0 {main}
"} 
[2025-02-20 21:41:19] local.ERROR: Trait "Spatie\Translatable\HasTranslations" not found {"exception":"[object] (Symfony\\Component\\ErrorHandler\\Error\\FatalError(code: 0): Trait \"Spatie\\Translatable\\HasTranslations\" not found at D:\\qixer\\@core\\app\\GalleryCategory.php:9)
[stacktrace]
#0 {main}
"} 
[2025-02-20 21:42:19] local.ERROR: Trait "Spatie\Translatable\HasTranslations" not found {"exception":"[object] (Symfony\\Component\\ErrorHandler\\Error\\FatalError(code: 0): Trait \"Spatie\\Translatable\\HasTranslations\" not found at D:\\qixer\\@core\\app\\GalleryCategory.php:9)
[stacktrace]
#0 {main}
"} 
[2025-02-20 21:43:19] local.ERROR: Trait "Spatie\Translatable\HasTranslations" not found {"exception":"[object] (Symfony\\Component\\ErrorHandler\\Error\\FatalError(code: 0): Trait \"Spatie\\Translatable\\HasTranslations\" not found at D:\\qixer\\@core\\app\\GalleryCategory.php:9)
[stacktrace]
#0 {main}
"} 
[2025-02-20 21:44:19] local.ERROR: Trait "Spatie\Translatable\HasTranslations" not found {"exception":"[object] (Symfony\\Component\\ErrorHandler\\Error\\FatalError(code: 0): Trait \"Spatie\\Translatable\\HasTranslations\" not found at D:\\qixer\\@core\\app\\GalleryCategory.php:9)
[stacktrace]
#0 {main}
"} 
[2025-02-20 21:45:19] local.ERROR: Trait "Spatie\Translatable\HasTranslations" not found {"exception":"[object] (Symfony\\Component\\ErrorHandler\\Error\\FatalError(code: 0): Trait \"Spatie\\Translatable\\HasTranslations\" not found at D:\\qixer\\@core\\app\\GalleryCategory.php:9)
[stacktrace]
#0 {main}
"} 
[2025-02-20 21:46:19] local.ERROR: Trait "Spatie\Translatable\HasTranslations" not found {"exception":"[object] (Symfony\\Component\\ErrorHandler\\Error\\FatalError(code: 0): Trait \"Spatie\\Translatable\\HasTranslations\" not found at D:\\qixer\\@core\\app\\GalleryCategory.php:9)
[stacktrace]
#0 {main}
"} 
[2025-02-20 21:47:19] local.ERROR: Trait "Spatie\Translatable\HasTranslations" not found {"exception":"[object] (Symfony\\Component\\ErrorHandler\\Error\\FatalError(code: 0): Trait \"Spatie\\Translatable\\HasTranslations\" not found at D:\\qixer\\@core\\app\\GalleryCategory.php:9)
[stacktrace]
#0 {main}
"} 
[2025-02-20 21:48:19] local.ERROR: Trait "Spatie\Translatable\HasTranslations" not found {"exception":"[object] (Symfony\\Component\\ErrorHandler\\Error\\FatalError(code: 0): Trait \"Spatie\\Translatable\\HasTranslations\" not found at D:\\qixer\\@core\\app\\GalleryCategory.php:9)
[stacktrace]
#0 {main}
"} 
[2025-02-20 21:49:19] local.ERROR: Trait "Spatie\Translatable\HasTranslations" not found {"exception":"[object] (Symfony\\Component\\ErrorHandler\\Error\\FatalError(code: 0): Trait \"Spatie\\Translatable\\HasTranslations\" not found at D:\\qixer\\@core\\app\\GalleryCategory.php:9)
[stacktrace]
#0 {main}
"} 
[2025-02-20 21:50:19] local.ERROR: Trait "Spatie\Translatable\HasTranslations" not found {"exception":"[object] (Symfony\\Component\\ErrorHandler\\Error\\FatalError(code: 0): Trait \"Spatie\\Translatable\\HasTranslations\" not found at D:\\qixer\\@core\\app\\GalleryCategory.php:9)
[stacktrace]
#0 {main}
"} 
[2025-02-20 21:51:19] local.ERROR: Trait "Spatie\Translatable\HasTranslations" not found {"exception":"[object] (Symfony\\Component\\ErrorHandler\\Error\\FatalError(code: 0): Trait \"Spatie\\Translatable\\HasTranslations\" not found at D:\\qixer\\@core\\app\\GalleryCategory.php:9)
[stacktrace]
#0 {main}
"} 
[2025-02-20 21:52:19] local.ERROR: Trait "Spatie\Translatable\HasTranslations" not found {"exception":"[object] (Symfony\\Component\\ErrorHandler\\Error\\FatalError(code: 0): Trait \"Spatie\\Translatable\\HasTranslations\" not found at D:\\qixer\\@core\\app\\GalleryCategory.php:9)
[stacktrace]
#0 {main}
"} 
[2025-02-20 21:53:19] local.ERROR: Trait "Spatie\Translatable\HasTranslations" not found {"exception":"[object] (Symfony\\Component\\ErrorHandler\\Error\\FatalError(code: 0): Trait \"Spatie\\Translatable\\HasTranslations\" not found at D:\\qixer\\@core\\app\\GalleryCategory.php:9)
[stacktrace]
#0 {main}
"} 
[2025-02-20 21:54:19] local.ERROR: Trait "Spatie\Translatable\HasTranslations" not found {"exception":"[object] (Symfony\\Component\\ErrorHandler\\Error\\FatalError(code: 0): Trait \"Spatie\\Translatable\\HasTranslations\" not found at D:\\qixer\\@core\\app\\GalleryCategory.php:9)
[stacktrace]
#0 {main}
"} 
[2025-02-20 21:55:19] local.ERROR: Trait "Spatie\Translatable\HasTranslations" not found {"exception":"[object] (Symfony\\Component\\ErrorHandler\\Error\\FatalError(code: 0): Trait \"Spatie\\Translatable\\HasTranslations\" not found at D:\\qixer\\@core\\app\\GalleryCategory.php:9)
[stacktrace]
#0 {main}
"} 
[2025-02-20 21:56:19] local.ERROR: Trait "Spatie\Translatable\HasTranslations" not found {"exception":"[object] (Symfony\\Component\\ErrorHandler\\Error\\FatalError(code: 0): Trait \"Spatie\\Translatable\\HasTranslations\" not found at D:\\qixer\\@core\\app\\GalleryCategory.php:9)
[stacktrace]
#0 {main}
"} 
[2025-02-20 21:57:19] local.ERROR: Trait "Spatie\Translatable\HasTranslations" not found {"exception":"[object] (Symfony\\Component\\ErrorHandler\\Error\\FatalError(code: 0): Trait \"Spatie\\Translatable\\HasTranslations\" not found at D:\\qixer\\@core\\app\\GalleryCategory.php:9)
[stacktrace]
#0 {main}
"} 
[2025-02-20 21:58:19] local.ERROR: Trait "Spatie\Translatable\HasTranslations" not found {"exception":"[object] (Symfony\\Component\\ErrorHandler\\Error\\FatalError(code: 0): Trait \"Spatie\\Translatable\\HasTranslations\" not found at D:\\qixer\\@core\\app\\GalleryCategory.php:9)
[stacktrace]
#0 {main}
"} 
[2025-02-20 21:59:19] local.ERROR: Trait "Spatie\Translatable\HasTranslations" not found {"exception":"[object] (Symfony\\Component\\ErrorHandler\\Error\\FatalError(code: 0): Trait \"Spatie\\Translatable\\HasTranslations\" not found at D:\\qixer\\@core\\app\\GalleryCategory.php:9)
[stacktrace]
#0 {main}
"} 
[2025-02-20 22:00:19] local.ERROR: Trait "Spatie\Translatable\HasTranslations" not found {"exception":"[object] (Symfony\\Component\\ErrorHandler\\Error\\FatalError(code: 0): Trait \"Spatie\\Translatable\\HasTranslations\" not found at D:\\qixer\\@core\\app\\GalleryCategory.php:9)
[stacktrace]
#0 {main}
"} 
[2025-02-20 22:01:19] local.ERROR: Trait "Spatie\Translatable\HasTranslations" not found {"exception":"[object] (Symfony\\Component\\ErrorHandler\\Error\\FatalError(code: 0): Trait \"Spatie\\Translatable\\HasTranslations\" not found at D:\\qixer\\@core\\app\\GalleryCategory.php:9)
[stacktrace]
#0 {main}
"} 
[2025-02-20 22:02:19] local.ERROR: Trait "Spatie\Translatable\HasTranslations" not found {"exception":"[object] (Symfony\\Component\\ErrorHandler\\Error\\FatalError(code: 0): Trait \"Spatie\\Translatable\\HasTranslations\" not found at D:\\qixer\\@core\\app\\GalleryCategory.php:9)
[stacktrace]
#0 {main}
"} 
[2025-02-20 22:03:19] local.ERROR: Trait "Spatie\Translatable\HasTranslations" not found {"exception":"[object] (Symfony\\Component\\ErrorHandler\\Error\\FatalError(code: 0): Trait \"Spatie\\Translatable\\HasTranslations\" not found at D:\\qixer\\@core\\app\\GalleryCategory.php:9)
[stacktrace]
#0 {main}
"} 
[2025-02-20 22:04:19] local.ERROR: Trait "Spatie\Translatable\HasTranslations" not found {"exception":"[object] (Symfony\\Component\\ErrorHandler\\Error\\FatalError(code: 0): Trait \"Spatie\\Translatable\\HasTranslations\" not found at D:\\qixer\\@core\\app\\GalleryCategory.php:9)
[stacktrace]
#0 {main}
"} 
[2025-02-20 22:05:19] local.ERROR: Trait "Spatie\Translatable\HasTranslations" not found {"exception":"[object] (Symfony\\Component\\ErrorHandler\\Error\\FatalError(code: 0): Trait \"Spatie\\Translatable\\HasTranslations\" not found at D:\\qixer\\@core\\app\\GalleryCategory.php:9)
[stacktrace]
#0 {main}
"} 
[2025-02-20 22:06:19] local.ERROR: Trait "Spatie\Translatable\HasTranslations" not found {"exception":"[object] (Symfony\\Component\\ErrorHandler\\Error\\FatalError(code: 0): Trait \"Spatie\\Translatable\\HasTranslations\" not found at D:\\qixer\\@core\\app\\GalleryCategory.php:9)
[stacktrace]
#0 {main}
"} 
[2025-02-20 22:07:19] local.ERROR: Trait "Spatie\Translatable\HasTranslations" not found {"exception":"[object] (Symfony\\Component\\ErrorHandler\\Error\\FatalError(code: 0): Trait \"Spatie\\Translatable\\HasTranslations\" not found at D:\\qixer\\@core\\app\\GalleryCategory.php:9)
[stacktrace]
#0 {main}
"} 
[2025-02-20 22:08:19] local.ERROR: Trait "Spatie\Translatable\HasTranslations" not found {"exception":"[object] (Symfony\\Component\\ErrorHandler\\Error\\FatalError(code: 0): Trait \"Spatie\\Translatable\\HasTranslations\" not found at D:\\qixer\\@core\\app\\GalleryCategory.php:9)
[stacktrace]
#0 {main}
"} 
[2025-02-20 22:09:19] local.ERROR: Trait "Spatie\Translatable\HasTranslations" not found {"exception":"[object] (Symfony\\Component\\ErrorHandler\\Error\\FatalError(code: 0): Trait \"Spatie\\Translatable\\HasTranslations\" not found at D:\\qixer\\@core\\app\\GalleryCategory.php:9)
[stacktrace]
#0 {main}
"} 
[2025-02-20 22:10:19] local.ERROR: Trait "Spatie\Translatable\HasTranslations" not found {"exception":"[object] (Symfony\\Component\\ErrorHandler\\Error\\FatalError(code: 0): Trait \"Spatie\\Translatable\\HasTranslations\" not found at D:\\qixer\\@core\\app\\GalleryCategory.php:9)
[stacktrace]
#0 {main}
"} 
[2025-02-20 22:11:19] local.ERROR: Trait "Spatie\Translatable\HasTranslations" not found {"exception":"[object] (Symfony\\Component\\ErrorHandler\\Error\\FatalError(code: 0): Trait \"Spatie\\Translatable\\HasTranslations\" not found at D:\\qixer\\@core\\app\\GalleryCategory.php:9)
[stacktrace]
#0 {main}
"} 
[2025-02-20 22:12:19] local.ERROR: Trait "Spatie\Translatable\HasTranslations" not found {"exception":"[object] (Symfony\\Component\\ErrorHandler\\Error\\FatalError(code: 0): Trait \"Spatie\\Translatable\\HasTranslations\" not found at D:\\qixer\\@core\\app\\GalleryCategory.php:9)
[stacktrace]
#0 {main}
"} 
[2025-02-20 22:13:19] local.ERROR: Trait "Spatie\Translatable\HasTranslations" not found {"exception":"[object] (Symfony\\Component\\ErrorHandler\\Error\\FatalError(code: 0): Trait \"Spatie\\Translatable\\HasTranslations\" not found at D:\\qixer\\@core\\app\\GalleryCategory.php:9)
[stacktrace]
#0 {main}
"} 
[2025-02-20 22:14:19] local.ERROR: Trait "Spatie\Translatable\HasTranslations" not found {"exception":"[object] (Symfony\\Component\\ErrorHandler\\Error\\FatalError(code: 0): Trait \"Spatie\\Translatable\\HasTranslations\" not found at D:\\qixer\\@core\\app\\GalleryCategory.php:9)
[stacktrace]
#0 {main}
"} 
[2025-02-20 22:15:19] local.ERROR: Trait "Spatie\Translatable\HasTranslations" not found {"exception":"[object] (Symfony\\Component\\ErrorHandler\\Error\\FatalError(code: 0): Trait \"Spatie\\Translatable\\HasTranslations\" not found at D:\\qixer\\@core\\app\\GalleryCategory.php:9)
[stacktrace]
#0 {main}
"} 
[2025-02-20 22:16:19] local.ERROR: Trait "Spatie\Translatable\HasTranslations" not found {"exception":"[object] (Symfony\\Component\\ErrorHandler\\Error\\FatalError(code: 0): Trait \"Spatie\\Translatable\\HasTranslations\" not found at D:\\qixer\\@core\\app\\GalleryCategory.php:9)
[stacktrace]
#0 {main}
"} 
[2025-02-20 22:17:19] local.ERROR: Trait "Spatie\Translatable\HasTranslations" not found {"exception":"[object] (Symfony\\Component\\ErrorHandler\\Error\\FatalError(code: 0): Trait \"Spatie\\Translatable\\HasTranslations\" not found at D:\\qixer\\@core\\app\\GalleryCategory.php:9)
[stacktrace]
#0 {main}
"} 
[2025-02-20 22:18:20] local.ERROR: Trait "Spatie\Translatable\HasTranslations" not found {"exception":"[object] (Symfony\\Component\\ErrorHandler\\Error\\FatalError(code: 0): Trait \"Spatie\\Translatable\\HasTranslations\" not found at D:\\qixer\\@core\\app\\GalleryCategory.php:9)
[stacktrace]
#0 {main}
"} 
[2025-02-20 22:19:19] local.ERROR: Trait "Spatie\Translatable\HasTranslations" not found {"exception":"[object] (Symfony\\Component\\ErrorHandler\\Error\\FatalError(code: 0): Trait \"Spatie\\Translatable\\HasTranslations\" not found at D:\\qixer\\@core\\app\\GalleryCategory.php:9)
[stacktrace]
#0 {main}
"} 
[2025-02-20 22:20:19] local.ERROR: Trait "Spatie\Translatable\HasTranslations" not found {"exception":"[object] (Symfony\\Component\\ErrorHandler\\Error\\FatalError(code: 0): Trait \"Spatie\\Translatable\\HasTranslations\" not found at D:\\qixer\\@core\\app\\GalleryCategory.php:9)
[stacktrace]
#0 {main}
"} 
[2025-02-20 22:21:19] local.ERROR: Trait "Spatie\Translatable\HasTranslations" not found {"exception":"[object] (Symfony\\Component\\ErrorHandler\\Error\\FatalError(code: 0): Trait \"Spatie\\Translatable\\HasTranslations\" not found at D:\\qixer\\@core\\app\\GalleryCategory.php:9)
[stacktrace]
#0 {main}
"} 
[2025-02-20 22:22:26] local.ERROR: Trait "Spatie\Translatable\HasTranslations" not found {"exception":"[object] (Symfony\\Component\\ErrorHandler\\Error\\FatalError(code: 0): Trait \"Spatie\\Translatable\\HasTranslations\" not found at D:\\qixer\\@core\\app\\GalleryCategory.php:9)
[stacktrace]
#0 {main}
"} 
[2025-02-20 22:23:36] local.ERROR: Trait "Spatie\Translatable\HasTranslations" not found {"exception":"[object] (Symfony\\Component\\ErrorHandler\\Error\\FatalError(code: 0): Trait \"Spatie\\Translatable\\HasTranslations\" not found at D:\\qixer\\@core\\app\\GalleryCategory.php:9)
[stacktrace]
#0 {main}
"} 
[2025-02-20 22:24:19] local.ERROR: Trait "Spatie\Translatable\HasTranslations" not found {"exception":"[object] (Symfony\\Component\\ErrorHandler\\Error\\FatalError(code: 0): Trait \"Spatie\\Translatable\\HasTranslations\" not found at D:\\qixer\\@core\\app\\GalleryCategory.php:9)
[stacktrace]
#0 {main}
"} 
[2025-02-20 22:25:19] local.ERROR: Trait "Spatie\Translatable\HasTranslations" not found {"exception":"[object] (Symfony\\Component\\ErrorHandler\\Error\\FatalError(code: 0): Trait \"Spatie\\Translatable\\HasTranslations\" not found at D:\\qixer\\@core\\app\\GalleryCategory.php:9)
[stacktrace]
#0 {main}
"} 
[2025-02-20 22:26:19] local.ERROR: Trait "Spatie\Translatable\HasTranslations" not found {"exception":"[object] (Symfony\\Component\\ErrorHandler\\Error\\FatalError(code: 0): Trait \"Spatie\\Translatable\\HasTranslations\" not found at D:\\qixer\\@core\\app\\GalleryCategory.php:9)
[stacktrace]
#0 {main}
"} 
[2025-02-20 22:27:19] local.ERROR: Trait "Spatie\Translatable\HasTranslations" not found {"exception":"[object] (Symfony\\Component\\ErrorHandler\\Error\\FatalError(code: 0): Trait \"Spatie\\Translatable\\HasTranslations\" not found at D:\\qixer\\@core\\app\\GalleryCategory.php:9)
[stacktrace]
#0 {main}
"} 
[2025-02-20 22:28:19] local.ERROR: Trait "Spatie\Translatable\HasTranslations" not found {"exception":"[object] (Symfony\\Component\\ErrorHandler\\Error\\FatalError(code: 0): Trait \"Spatie\\Translatable\\HasTranslations\" not found at D:\\qixer\\@core\\app\\GalleryCategory.php:9)
[stacktrace]
#0 {main}
"} 
[2025-02-20 22:29:19] local.ERROR: Trait "Spatie\Translatable\HasTranslations" not found {"exception":"[object] (Symfony\\Component\\ErrorHandler\\Error\\FatalError(code: 0): Trait \"Spatie\\Translatable\\HasTranslations\" not found at D:\\qixer\\@core\\app\\GalleryCategory.php:9)
[stacktrace]
#0 {main}
"} 
[2025-02-20 22:30:19] local.ERROR: Trait "Spatie\Translatable\HasTranslations" not found {"exception":"[object] (Symfony\\Component\\ErrorHandler\\Error\\FatalError(code: 0): Trait \"Spatie\\Translatable\\HasTranslations\" not found at D:\\qixer\\@core\\app\\GalleryCategory.php:9)
[stacktrace]
#0 {main}
"} 
[2025-02-20 22:31:19] local.ERROR: Trait "Spatie\Translatable\HasTranslations" not found {"exception":"[object] (Symfony\\Component\\ErrorHandler\\Error\\FatalError(code: 0): Trait \"Spatie\\Translatable\\HasTranslations\" not found at D:\\qixer\\@core\\app\\GalleryCategory.php:9)
[stacktrace]
#0 {main}
"} 
[2025-02-20 22:32:19] local.ERROR: Trait "Spatie\Translatable\HasTranslations" not found {"exception":"[object] (Symfony\\Component\\ErrorHandler\\Error\\FatalError(code: 0): Trait \"Spatie\\Translatable\\HasTranslations\" not found at D:\\qixer\\@core\\app\\GalleryCategory.php:9)
[stacktrace]
#0 {main}
"} 
[2025-02-20 22:33:19] local.ERROR: Trait "Spatie\Translatable\HasTranslations" not found {"exception":"[object] (Symfony\\Component\\ErrorHandler\\Error\\FatalError(code: 0): Trait \"Spatie\\Translatable\\HasTranslations\" not found at D:\\qixer\\@core\\app\\GalleryCategory.php:9)
[stacktrace]
#0 {main}
"} 
[2025-02-20 22:34:19] local.ERROR: Trait "Spatie\Translatable\HasTranslations" not found {"exception":"[object] (Symfony\\Component\\ErrorHandler\\Error\\FatalError(code: 0): Trait \"Spatie\\Translatable\\HasTranslations\" not found at D:\\qixer\\@core\\app\\GalleryCategory.php:9)
[stacktrace]
#0 {main}
"} 
[2025-02-20 22:35:19] local.ERROR: Trait "Spatie\Translatable\HasTranslations" not found {"exception":"[object] (Symfony\\Component\\ErrorHandler\\Error\\FatalError(code: 0): Trait \"Spatie\\Translatable\\HasTranslations\" not found at D:\\qixer\\@core\\app\\GalleryCategory.php:9)
[stacktrace]
#0 {main}
"} 
[2025-02-20 22:36:19] local.ERROR: Trait "Spatie\Translatable\HasTranslations" not found {"exception":"[object] (Symfony\\Component\\ErrorHandler\\Error\\FatalError(code: 0): Trait \"Spatie\\Translatable\\HasTranslations\" not found at D:\\qixer\\@core\\app\\GalleryCategory.php:9)
[stacktrace]
#0 {main}
"} 
[2025-02-20 22:37:19] local.ERROR: Trait "Spatie\Translatable\HasTranslations" not found {"exception":"[object] (Symfony\\Component\\ErrorHandler\\Error\\FatalError(code: 0): Trait \"Spatie\\Translatable\\HasTranslations\" not found at D:\\qixer\\@core\\app\\GalleryCategory.php:9)
[stacktrace]
#0 {main}
"} 
[2025-02-20 22:38:19] local.ERROR: Trait "Spatie\Translatable\HasTranslations" not found {"exception":"[object] (Symfony\\Component\\ErrorHandler\\Error\\FatalError(code: 0): Trait \"Spatie\\Translatable\\HasTranslations\" not found at D:\\qixer\\@core\\app\\GalleryCategory.php:9)
[stacktrace]
#0 {main}
"} 
[2025-02-20 22:39:19] local.ERROR: Trait "Spatie\Translatable\HasTranslations" not found {"exception":"[object] (Symfony\\Component\\ErrorHandler\\Error\\FatalError(code: 0): Trait \"Spatie\\Translatable\\HasTranslations\" not found at D:\\qixer\\@core\\app\\GalleryCategory.php:9)
[stacktrace]
#0 {main}
"} 
[2025-02-20 22:40:19] local.ERROR: Trait "Spatie\Translatable\HasTranslations" not found {"exception":"[object] (Symfony\\Component\\ErrorHandler\\Error\\FatalError(code: 0): Trait \"Spatie\\Translatable\\HasTranslations\" not found at D:\\qixer\\@core\\app\\GalleryCategory.php:9)
[stacktrace]
#0 {main}
"} 
[2025-02-20 22:41:19] local.ERROR: Trait "Spatie\Translatable\HasTranslations" not found {"exception":"[object] (Symfony\\Component\\ErrorHandler\\Error\\FatalError(code: 0): Trait \"Spatie\\Translatable\\HasTranslations\" not found at D:\\qixer\\@core\\app\\GalleryCategory.php:9)
[stacktrace]
#0 {main}
"} 
[2025-02-20 22:42:19] local.ERROR: Trait "Spatie\Translatable\HasTranslations" not found {"exception":"[object] (Symfony\\Component\\ErrorHandler\\Error\\FatalError(code: 0): Trait \"Spatie\\Translatable\\HasTranslations\" not found at D:\\qixer\\@core\\app\\GalleryCategory.php:9)
[stacktrace]
#0 {main}
"} 
[2025-02-20 22:43:19] local.ERROR: Trait "Spatie\Translatable\HasTranslations" not found {"exception":"[object] (Symfony\\Component\\ErrorHandler\\Error\\FatalError(code: 0): Trait \"Spatie\\Translatable\\HasTranslations\" not found at D:\\qixer\\@core\\app\\GalleryCategory.php:9)
[stacktrace]
#0 {main}
"} 
[2025-02-20 22:44:20] local.ERROR: Trait "Spatie\Translatable\HasTranslations" not found {"exception":"[object] (Symfony\\Component\\ErrorHandler\\Error\\FatalError(code: 0): Trait \"Spatie\\Translatable\\HasTranslations\" not found at D:\\qixer\\@core\\app\\GalleryCategory.php:9)
[stacktrace]
#0 {main}
"} 
[2025-02-20 22:45:20] local.ERROR: Trait "Spatie\Translatable\HasTranslations" not found {"exception":"[object] (Symfony\\Component\\ErrorHandler\\Error\\FatalError(code: 0): Trait \"Spatie\\Translatable\\HasTranslations\" not found at D:\\qixer\\@core\\app\\GalleryCategory.php:9)
[stacktrace]
#0 {main}
"} 
[2025-02-20 22:46:20] local.ERROR: Trait "Spatie\Translatable\HasTranslations" not found {"exception":"[object] (Symfony\\Component\\ErrorHandler\\Error\\FatalError(code: 0): Trait \"Spatie\\Translatable\\HasTranslations\" not found at D:\\qixer\\@core\\app\\GalleryCategory.php:9)
[stacktrace]
#0 {main}
"} 
[2025-02-20 22:47:20] local.ERROR: Trait "Spatie\Translatable\HasTranslations" not found {"exception":"[object] (Symfony\\Component\\ErrorHandler\\Error\\FatalError(code: 0): Trait \"Spatie\\Translatable\\HasTranslations\" not found at D:\\qixer\\@core\\app\\GalleryCategory.php:9)
[stacktrace]
#0 {main}
"} 
[2025-02-20 22:48:19] local.ERROR: Trait "Spatie\Translatable\HasTranslations" not found {"exception":"[object] (Symfony\\Component\\ErrorHandler\\Error\\FatalError(code: 0): Trait \"Spatie\\Translatable\\HasTranslations\" not found at D:\\qixer\\@core\\app\\GalleryCategory.php:9)
[stacktrace]
#0 {main}
"} 
[2025-02-20 22:49:20] local.ERROR: Trait "Spatie\Translatable\HasTranslations" not found {"exception":"[object] (Symfony\\Component\\ErrorHandler\\Error\\FatalError(code: 0): Trait \"Spatie\\Translatable\\HasTranslations\" not found at D:\\qixer\\@core\\app\\GalleryCategory.php:9)
[stacktrace]
#0 {main}
"} 
[2025-02-20 22:50:20] local.ERROR: Trait "Spatie\Translatable\HasTranslations" not found {"exception":"[object] (Symfony\\Component\\ErrorHandler\\Error\\FatalError(code: 0): Trait \"Spatie\\Translatable\\HasTranslations\" not found at D:\\qixer\\@core\\app\\GalleryCategory.php:9)
[stacktrace]
#0 {main}
"} 
[2025-02-20 22:51:20] local.ERROR: Trait "Spatie\Translatable\HasTranslations" not found {"exception":"[object] (Symfony\\Component\\ErrorHandler\\Error\\FatalError(code: 0): Trait \"Spatie\\Translatable\\HasTranslations\" not found at D:\\qixer\\@core\\app\\GalleryCategory.php:9)
[stacktrace]
#0 {main}
"} 
[2025-02-20 22:52:20] local.ERROR: Trait "Spatie\Translatable\HasTranslations" not found {"exception":"[object] (Symfony\\Component\\ErrorHandler\\Error\\FatalError(code: 0): Trait \"Spatie\\Translatable\\HasTranslations\" not found at D:\\qixer\\@core\\app\\GalleryCategory.php:9)
[stacktrace]
#0 {main}
"} 
[2025-02-20 22:53:20] local.ERROR: Trait "Spatie\Translatable\HasTranslations" not found {"exception":"[object] (Symfony\\Component\\ErrorHandler\\Error\\FatalError(code: 0): Trait \"Spatie\\Translatable\\HasTranslations\" not found at D:\\qixer\\@core\\app\\GalleryCategory.php:9)
[stacktrace]
#0 {main}
"} 
[2025-02-20 22:54:19] local.ERROR: Trait "Spatie\Translatable\HasTranslations" not found {"exception":"[object] (Symfony\\Component\\ErrorHandler\\Error\\FatalError(code: 0): Trait \"Spatie\\Translatable\\HasTranslations\" not found at D:\\qixer\\@core\\app\\GalleryCategory.php:9)
[stacktrace]
#0 {main}
"} 
[2025-02-20 22:55:20] local.ERROR: Trait "Spatie\Translatable\HasTranslations" not found {"exception":"[object] (Symfony\\Component\\ErrorHandler\\Error\\FatalError(code: 0): Trait \"Spatie\\Translatable\\HasTranslations\" not found at D:\\qixer\\@core\\app\\GalleryCategory.php:9)
[stacktrace]
#0 {main}
"} 
[2025-02-20 22:56:20] local.ERROR: Trait "Spatie\Translatable\HasTranslations" not found {"exception":"[object] (Symfony\\Component\\ErrorHandler\\Error\\FatalError(code: 0): Trait \"Spatie\\Translatable\\HasTranslations\" not found at D:\\qixer\\@core\\app\\GalleryCategory.php:9)
[stacktrace]
#0 {main}
"} 
[2025-02-20 22:57:20] local.ERROR: Trait "Spatie\Translatable\HasTranslations" not found {"exception":"[object] (Symfony\\Component\\ErrorHandler\\Error\\FatalError(code: 0): Trait \"Spatie\\Translatable\\HasTranslations\" not found at D:\\qixer\\@core\\app\\GalleryCategory.php:9)
[stacktrace]
#0 {main}
"} 
[2025-02-20 22:58:20] local.ERROR: Trait "Spatie\Translatable\HasTranslations" not found {"exception":"[object] (Symfony\\Component\\ErrorHandler\\Error\\FatalError(code: 0): Trait \"Spatie\\Translatable\\HasTranslations\" not found at D:\\qixer\\@core\\app\\GalleryCategory.php:9)
[stacktrace]
#0 {main}
"} 
[2025-02-20 22:59:20] local.ERROR: Trait "Spatie\Translatable\HasTranslations" not found {"exception":"[object] (Symfony\\Component\\ErrorHandler\\Error\\FatalError(code: 0): Trait \"Spatie\\Translatable\\HasTranslations\" not found at D:\\qixer\\@core\\app\\GalleryCategory.php:9)
[stacktrace]
#0 {main}
"} 
[2025-02-20 23:00:20] local.ERROR: Trait "Spatie\Translatable\HasTranslations" not found {"exception":"[object] (Symfony\\Component\\ErrorHandler\\Error\\FatalError(code: 0): Trait \"Spatie\\Translatable\\HasTranslations\" not found at D:\\qixer\\@core\\app\\GalleryCategory.php:9)
[stacktrace]
#0 {main}
"} 
[2025-02-20 23:01:20] local.ERROR: Trait "Spatie\Translatable\HasTranslations" not found {"exception":"[object] (Symfony\\Component\\ErrorHandler\\Error\\FatalError(code: 0): Trait \"Spatie\\Translatable\\HasTranslations\" not found at D:\\qixer\\@core\\app\\GalleryCategory.php:9)
[stacktrace]
#0 {main}
"} 
[2025-02-20 23:02:20] local.ERROR: Trait "Spatie\Translatable\HasTranslations" not found {"exception":"[object] (Symfony\\Component\\ErrorHandler\\Error\\FatalError(code: 0): Trait \"Spatie\\Translatable\\HasTranslations\" not found at D:\\qixer\\@core\\app\\GalleryCategory.php:9)
[stacktrace]
#0 {main}
"} 
[2025-02-20 23:03:20] local.ERROR: Trait "Spatie\Translatable\HasTranslations" not found {"exception":"[object] (Symfony\\Component\\ErrorHandler\\Error\\FatalError(code: 0): Trait \"Spatie\\Translatable\\HasTranslations\" not found at D:\\qixer\\@core\\app\\GalleryCategory.php:9)
[stacktrace]
#0 {main}
"} 
[2025-02-20 23:04:20] local.ERROR: Trait "Spatie\Translatable\HasTranslations" not found {"exception":"[object] (Symfony\\Component\\ErrorHandler\\Error\\FatalError(code: 0): Trait \"Spatie\\Translatable\\HasTranslations\" not found at D:\\qixer\\@core\\app\\GalleryCategory.php:9)
[stacktrace]
#0 {main}
"} 
[2025-02-20 23:05:20] local.ERROR: Trait "Spatie\Translatable\HasTranslations" not found {"exception":"[object] (Symfony\\Component\\ErrorHandler\\Error\\FatalError(code: 0): Trait \"Spatie\\Translatable\\HasTranslations\" not found at D:\\qixer\\@core\\app\\GalleryCategory.php:9)
[stacktrace]
#0 {main}
"} 
[2025-02-20 23:06:20] local.ERROR: Trait "Spatie\Translatable\HasTranslations" not found {"exception":"[object] (Symfony\\Component\\ErrorHandler\\Error\\FatalError(code: 0): Trait \"Spatie\\Translatable\\HasTranslations\" not found at D:\\qixer\\@core\\app\\GalleryCategory.php:9)
[stacktrace]
#0 {main}
"} 
