[2025-02-18 14:09:24] local.INFO: dynamic_page  
[2025-02-18 14:09:24] local.INFO: 1  
[2025-02-18 14:09:24] local.INFO: dynamic_page_with_sidebar  
[2025-02-18 14:09:24] local.INFO: 1  
[2025-02-18 14:09:29] local.ERROR: Trait "Spatie\Translatable\HasTranslations" not found {"exception":"[object] (Symfony\\Component\\ErrorHandler\\Error\\FatalError(code: 0): Trait \"Spatie\\Translatable\\HasTranslations\" not found at D:\\qixer\\@core\\app\\GalleryCategory.php:9)
[stacktrace]
#0 {main}
"} 
[2025-02-18 14:10:29] local.ERROR: Trait "Spatie\Translatable\HasTranslations" not found {"exception":"[object] (Symfony\\Component\\ErrorHandler\\Error\\FatalError(code: 0): Trait \"Spatie\\Translatable\\HasTranslations\" not found at D:\\qixer\\@core\\app\\GalleryCategory.php:9)
[stacktrace]
#0 {main}
"} 
[2025-02-18 14:11:29] local.ERROR: Trait "Spatie\Translatable\HasTranslations" not found {"exception":"[object] (Symfony\\Component\\ErrorHandler\\Error\\FatalError(code: 0): Trait \"Spatie\\Translatable\\HasTranslations\" not found at D:\\qixer\\@core\\app\\GalleryCategory.php:9)
[stacktrace]
#0 {main}
"} 
[2025-02-18 14:12:29] local.ERROR: Trait "Spatie\Translatable\HasTranslations" not found {"exception":"[object] (Symfony\\Component\\ErrorHandler\\Error\\FatalError(code: 0): Trait \"Spatie\\Translatable\\HasTranslations\" not found at D:\\qixer\\@core\\app\\GalleryCategory.php:9)
[stacktrace]
#0 {main}
"} 
[2025-02-18 14:13:29] local.ERROR: Trait "Spatie\Translatable\HasTranslations" not found {"exception":"[object] (Symfony\\Component\\ErrorHandler\\Error\\FatalError(code: 0): Trait \"Spatie\\Translatable\\HasTranslations\" not found at D:\\qixer\\@core\\app\\GalleryCategory.php:9)
[stacktrace]
#0 {main}
"} 
[2025-02-18 14:14:29] local.ERROR: Trait "Spatie\Translatable\HasTranslations" not found {"exception":"[object] (Symfony\\Component\\ErrorHandler\\Error\\FatalError(code: 0): Trait \"Spatie\\Translatable\\HasTranslations\" not found at D:\\qixer\\@core\\app\\GalleryCategory.php:9)
[stacktrace]
#0 {main}
"} 
[2025-02-18 14:15:29] local.ERROR: Trait "Spatie\Translatable\HasTranslations" not found {"exception":"[object] (Symfony\\Component\\ErrorHandler\\Error\\FatalError(code: 0): Trait \"Spatie\\Translatable\\HasTranslations\" not found at D:\\qixer\\@core\\app\\GalleryCategory.php:9)
[stacktrace]
#0 {main}
"} 
[2025-02-18 14:16:29] local.ERROR: Trait "Spatie\Translatable\HasTranslations" not found {"exception":"[object] (Symfony\\Component\\ErrorHandler\\Error\\FatalError(code: 0): Trait \"Spatie\\Translatable\\HasTranslations\" not found at D:\\qixer\\@core\\app\\GalleryCategory.php:9)
[stacktrace]
#0 {main}
"} 
[2025-02-18 14:17:29] local.ERROR: Trait "Spatie\Translatable\HasTranslations" not found {"exception":"[object] (Symfony\\Component\\ErrorHandler\\Error\\FatalError(code: 0): Trait \"Spatie\\Translatable\\HasTranslations\" not found at D:\\qixer\\@core\\app\\GalleryCategory.php:9)
[stacktrace]
#0 {main}
"} 
[2025-02-18 14:18:29] local.ERROR: Trait "Spatie\Translatable\HasTranslations" not found {"exception":"[object] (Symfony\\Component\\ErrorHandler\\Error\\FatalError(code: 0): Trait \"Spatie\\Translatable\\HasTranslations\" not found at D:\\qixer\\@core\\app\\GalleryCategory.php:9)
[stacktrace]
#0 {main}
"} 
[2025-02-18 14:19:16] local.INFO: dynamic_page  
[2025-02-18 14:19:16] local.INFO: 1  
[2025-02-18 14:19:16] local.INFO: dynamic_page_with_sidebar  
[2025-02-18 14:19:16] local.INFO: 1  
[2025-02-18 14:19:29] local.ERROR: Trait "Spatie\Translatable\HasTranslations" not found {"exception":"[object] (Symfony\\Component\\ErrorHandler\\Error\\FatalError(code: 0): Trait \"Spatie\\Translatable\\HasTranslations\" not found at D:\\qixer\\@core\\app\\GalleryCategory.php:9)
[stacktrace]
#0 {main}
"} 
[2025-02-18 14:20:29] local.ERROR: Trait "Spatie\Translatable\HasTranslations" not found {"exception":"[object] (Symfony\\Component\\ErrorHandler\\Error\\FatalError(code: 0): Trait \"Spatie\\Translatable\\HasTranslations\" not found at D:\\qixer\\@core\\app\\GalleryCategory.php:9)
[stacktrace]
#0 {main}
"} 
[2025-02-18 14:21:29] local.ERROR: Trait "Spatie\Translatable\HasTranslations" not found {"exception":"[object] (Symfony\\Component\\ErrorHandler\\Error\\FatalError(code: 0): Trait \"Spatie\\Translatable\\HasTranslations\" not found at D:\\qixer\\@core\\app\\GalleryCategory.php:9)
[stacktrace]
#0 {main}
"} 
[2025-02-18 14:22:29] local.ERROR: Trait "Spatie\Translatable\HasTranslations" not found {"exception":"[object] (Symfony\\Component\\ErrorHandler\\Error\\FatalError(code: 0): Trait \"Spatie\\Translatable\\HasTranslations\" not found at D:\\qixer\\@core\\app\\GalleryCategory.php:9)
[stacktrace]
#0 {main}
"} 
[2025-02-18 14:23:29] local.ERROR: Trait "Spatie\Translatable\HasTranslations" not found {"exception":"[object] (Symfony\\Component\\ErrorHandler\\Error\\FatalError(code: 0): Trait \"Spatie\\Translatable\\HasTranslations\" not found at D:\\qixer\\@core\\app\\GalleryCategory.php:9)
[stacktrace]
#0 {main}
"} 
[2025-02-18 14:24:29] local.ERROR: Trait "Spatie\Translatable\HasTranslations" not found {"exception":"[object] (Symfony\\Component\\ErrorHandler\\Error\\FatalError(code: 0): Trait \"Spatie\\Translatable\\HasTranslations\" not found at D:\\qixer\\@core\\app\\GalleryCategory.php:9)
[stacktrace]
#0 {main}
"} 
[2025-02-18 14:25:29] local.ERROR: Trait "Spatie\Translatable\HasTranslations" not found {"exception":"[object] (Symfony\\Component\\ErrorHandler\\Error\\FatalError(code: 0): Trait \"Spatie\\Translatable\\HasTranslations\" not found at D:\\qixer\\@core\\app\\GalleryCategory.php:9)
[stacktrace]
#0 {main}
"} 
[2025-02-18 14:26:30] local.ERROR: Trait "Spatie\Translatable\HasTranslations" not found {"exception":"[object] (Symfony\\Component\\ErrorHandler\\Error\\FatalError(code: 0): Trait \"Spatie\\Translatable\\HasTranslations\" not found at D:\\qixer\\@core\\app\\GalleryCategory.php:9)
[stacktrace]
#0 {main}
"} 
[2025-02-18 14:27:29] local.ERROR: Trait "Spatie\Translatable\HasTranslations" not found {"exception":"[object] (Symfony\\Component\\ErrorHandler\\Error\\FatalError(code: 0): Trait \"Spatie\\Translatable\\HasTranslations\" not found at D:\\qixer\\@core\\app\\GalleryCategory.php:9)
[stacktrace]
#0 {main}
"} 
[2025-02-18 14:28:29] local.ERROR: Trait "Spatie\Translatable\HasTranslations" not found {"exception":"[object] (Symfony\\Component\\ErrorHandler\\Error\\FatalError(code: 0): Trait \"Spatie\\Translatable\\HasTranslations\" not found at D:\\qixer\\@core\\app\\GalleryCategory.php:9)
[stacktrace]
#0 {main}
"} 
[2025-02-18 14:29:30] local.ERROR: Trait "Spatie\Translatable\HasTranslations" not found {"exception":"[object] (Symfony\\Component\\ErrorHandler\\Error\\FatalError(code: 0): Trait \"Spatie\\Translatable\\HasTranslations\" not found at D:\\qixer\\@core\\app\\GalleryCategory.php:9)
[stacktrace]
#0 {main}
"} 
[2025-02-18 14:30:29] local.ERROR: Trait "Spatie\Translatable\HasTranslations" not found {"exception":"[object] (Symfony\\Component\\ErrorHandler\\Error\\FatalError(code: 0): Trait \"Spatie\\Translatable\\HasTranslations\" not found at D:\\qixer\\@core\\app\\GalleryCategory.php:9)
[stacktrace]
#0 {main}
"} 
[2025-02-18 14:31:06] local.INFO: dynamic_page  
[2025-02-18 14:31:06] local.INFO: 1  
[2025-02-18 14:31:06] local.INFO: dynamic_page_with_sidebar  
[2025-02-18 14:31:06] local.INFO: 1  
[2025-02-18 14:31:29] local.ERROR: Trait "Spatie\Translatable\HasTranslations" not found {"exception":"[object] (Symfony\\Component\\ErrorHandler\\Error\\FatalError(code: 0): Trait \"Spatie\\Translatable\\HasTranslations\" not found at D:\\qixer\\@core\\app\\GalleryCategory.php:9)
[stacktrace]
#0 {main}
"} 
[2025-02-18 14:32:29] local.ERROR: Trait "Spatie\Translatable\HasTranslations" not found {"exception":"[object] (Symfony\\Component\\ErrorHandler\\Error\\FatalError(code: 0): Trait \"Spatie\\Translatable\\HasTranslations\" not found at D:\\qixer\\@core\\app\\GalleryCategory.php:9)
[stacktrace]
#0 {main}
"} 
[2025-02-18 14:33:16] local.INFO: dynamic_page  
[2025-02-18 14:33:16] local.INFO: 1  
[2025-02-18 14:33:16] local.INFO: dynamic_page_with_sidebar  
[2025-02-18 14:33:16] local.INFO: 1  
[2025-02-18 14:33:29] local.ERROR: Trait "Spatie\Translatable\HasTranslations" not found {"exception":"[object] (Symfony\\Component\\ErrorHandler\\Error\\FatalError(code: 0): Trait \"Spatie\\Translatable\\HasTranslations\" not found at D:\\qixer\\@core\\app\\GalleryCategory.php:9)
[stacktrace]
#0 {main}
"} 
[2025-02-18 14:34:29] local.ERROR: Trait "Spatie\Translatable\HasTranslations" not found {"exception":"[object] (Symfony\\Component\\ErrorHandler\\Error\\FatalError(code: 0): Trait \"Spatie\\Translatable\\HasTranslations\" not found at D:\\qixer\\@core\\app\\GalleryCategory.php:9)
[stacktrace]
#0 {main}
"} 
[2025-02-18 14:35:29] local.ERROR: Trait "Spatie\Translatable\HasTranslations" not found {"exception":"[object] (Symfony\\Component\\ErrorHandler\\Error\\FatalError(code: 0): Trait \"Spatie\\Translatable\\HasTranslations\" not found at D:\\qixer\\@core\\app\\GalleryCategory.php:9)
[stacktrace]
#0 {main}
"} 
[2025-02-18 14:36:32] local.ERROR: Trait "Spatie\Translatable\HasTranslations" not found {"exception":"[object] (Symfony\\Component\\ErrorHandler\\Error\\FatalError(code: 0): Trait \"Spatie\\Translatable\\HasTranslations\" not found at D:\\qixer\\@core\\app\\GalleryCategory.php:9)
[stacktrace]
#0 {main}
"} 
[2025-02-18 14:37:29] local.ERROR: Trait "Spatie\Translatable\HasTranslations" not found {"exception":"[object] (Symfony\\Component\\ErrorHandler\\Error\\FatalError(code: 0): Trait \"Spatie\\Translatable\\HasTranslations\" not found at D:\\qixer\\@core\\app\\GalleryCategory.php:9)
[stacktrace]
#0 {main}
"} 
[2025-02-18 14:37:54] local.INFO: dynamic_page  
[2025-02-18 14:37:54] local.INFO: 1  
[2025-02-18 14:37:54] local.INFO: dynamic_page_with_sidebar  
[2025-02-18 14:37:54] local.INFO: 1  
[2025-02-18 14:38:29] local.ERROR: Trait "Spatie\Translatable\HasTranslations" not found {"exception":"[object] (Symfony\\Component\\ErrorHandler\\Error\\FatalError(code: 0): Trait \"Spatie\\Translatable\\HasTranslations\" not found at D:\\qixer\\@core\\app\\GalleryCategory.php:9)
[stacktrace]
#0 {main}
"} 
[2025-02-18 14:39:29] local.ERROR: Trait "Spatie\Translatable\HasTranslations" not found {"exception":"[object] (Symfony\\Component\\ErrorHandler\\Error\\FatalError(code: 0): Trait \"Spatie\\Translatable\\HasTranslations\" not found at D:\\qixer\\@core\\app\\GalleryCategory.php:9)
[stacktrace]
#0 {main}
"} 
[2025-02-18 14:40:29] local.ERROR: Trait "Spatie\Translatable\HasTranslations" not found {"exception":"[object] (Symfony\\Component\\ErrorHandler\\Error\\FatalError(code: 0): Trait \"Spatie\\Translatable\\HasTranslations\" not found at D:\\qixer\\@core\\app\\GalleryCategory.php:9)
[stacktrace]
#0 {main}
"} 
[2025-02-18 14:41:29] local.ERROR: Trait "Spatie\Translatable\HasTranslations" not found {"exception":"[object] (Symfony\\Component\\ErrorHandler\\Error\\FatalError(code: 0): Trait \"Spatie\\Translatable\\HasTranslations\" not found at D:\\qixer\\@core\\app\\GalleryCategory.php:9)
[stacktrace]
#0 {main}
"} 
[2025-02-18 14:42:29] local.ERROR: Trait "Spatie\Translatable\HasTranslations" not found {"exception":"[object] (Symfony\\Component\\ErrorHandler\\Error\\FatalError(code: 0): Trait \"Spatie\\Translatable\\HasTranslations\" not found at D:\\qixer\\@core\\app\\GalleryCategory.php:9)
[stacktrace]
#0 {main}
"} 
[2025-02-18 14:43:29] local.ERROR: Trait "Spatie\Translatable\HasTranslations" not found {"exception":"[object] (Symfony\\Component\\ErrorHandler\\Error\\FatalError(code: 0): Trait \"Spatie\\Translatable\\HasTranslations\" not found at D:\\qixer\\@core\\app\\GalleryCategory.php:9)
[stacktrace]
#0 {main}
"} 
[2025-02-18 14:44:29] local.ERROR: Trait "Spatie\Translatable\HasTranslations" not found {"exception":"[object] (Symfony\\Component\\ErrorHandler\\Error\\FatalError(code: 0): Trait \"Spatie\\Translatable\\HasTranslations\" not found at D:\\qixer\\@core\\app\\GalleryCategory.php:9)
[stacktrace]
#0 {main}
"} 
[2025-02-18 14:45:29] local.ERROR: Trait "Spatie\Translatable\HasTranslations" not found {"exception":"[object] (Symfony\\Component\\ErrorHandler\\Error\\FatalError(code: 0): Trait \"Spatie\\Translatable\\HasTranslations\" not found at D:\\qixer\\@core\\app\\GalleryCategory.php:9)
[stacktrace]
#0 {main}
"} 
[2025-02-18 14:46:29] local.ERROR: Trait "Spatie\Translatable\HasTranslations" not found {"exception":"[object] (Symfony\\Component\\ErrorHandler\\Error\\FatalError(code: 0): Trait \"Spatie\\Translatable\\HasTranslations\" not found at D:\\qixer\\@core\\app\\GalleryCategory.php:9)
[stacktrace]
#0 {main}
"} 
[2025-02-18 14:47:29] local.ERROR: Trait "Spatie\Translatable\HasTranslations" not found {"exception":"[object] (Symfony\\Component\\ErrorHandler\\Error\\FatalError(code: 0): Trait \"Spatie\\Translatable\\HasTranslations\" not found at D:\\qixer\\@core\\app\\GalleryCategory.php:9)
[stacktrace]
#0 {main}
"} 
[2025-02-18 14:48:29] local.ERROR: Trait "Spatie\Translatable\HasTranslations" not found {"exception":"[object] (Symfony\\Component\\ErrorHandler\\Error\\FatalError(code: 0): Trait \"Spatie\\Translatable\\HasTranslations\" not found at D:\\qixer\\@core\\app\\GalleryCategory.php:9)
[stacktrace]
#0 {main}
"} 
[2025-02-18 14:49:29] local.ERROR: Trait "Spatie\Translatable\HasTranslations" not found {"exception":"[object] (Symfony\\Component\\ErrorHandler\\Error\\FatalError(code: 0): Trait \"Spatie\\Translatable\\HasTranslations\" not found at D:\\qixer\\@core\\app\\GalleryCategory.php:9)
[stacktrace]
#0 {main}
"} 
[2025-02-18 14:50:29] local.ERROR: Trait "Spatie\Translatable\HasTranslations" not found {"exception":"[object] (Symfony\\Component\\ErrorHandler\\Error\\FatalError(code: 0): Trait \"Spatie\\Translatable\\HasTranslations\" not found at D:\\qixer\\@core\\app\\GalleryCategory.php:9)
[stacktrace]
#0 {main}
"} 
[2025-02-18 14:51:29] local.ERROR: Trait "Spatie\Translatable\HasTranslations" not found {"exception":"[object] (Symfony\\Component\\ErrorHandler\\Error\\FatalError(code: 0): Trait \"Spatie\\Translatable\\HasTranslations\" not found at D:\\qixer\\@core\\app\\GalleryCategory.php:9)
[stacktrace]
#0 {main}
"} 
[2025-02-18 14:52:29] local.ERROR: Trait "Spatie\Translatable\HasTranslations" not found {"exception":"[object] (Symfony\\Component\\ErrorHandler\\Error\\FatalError(code: 0): Trait \"Spatie\\Translatable\\HasTranslations\" not found at D:\\qixer\\@core\\app\\GalleryCategory.php:9)
[stacktrace]
#0 {main}
"} 
[2025-02-18 14:53:29] local.ERROR: Trait "Spatie\Translatable\HasTranslations" not found {"exception":"[object] (Symfony\\Component\\ErrorHandler\\Error\\FatalError(code: 0): Trait \"Spatie\\Translatable\\HasTranslations\" not found at D:\\qixer\\@core\\app\\GalleryCategory.php:9)
[stacktrace]
#0 {main}
"} 
[2025-02-18 14:54:29] local.ERROR: Trait "Spatie\Translatable\HasTranslations" not found {"exception":"[object] (Symfony\\Component\\ErrorHandler\\Error\\FatalError(code: 0): Trait \"Spatie\\Translatable\\HasTranslations\" not found at D:\\qixer\\@core\\app\\GalleryCategory.php:9)
[stacktrace]
#0 {main}
"} 
[2025-02-18 14:55:31] local.ERROR: Trait "Spatie\Translatable\HasTranslations" not found {"exception":"[object] (Symfony\\Component\\ErrorHandler\\Error\\FatalError(code: 0): Trait \"Spatie\\Translatable\\HasTranslations\" not found at D:\\qixer\\@core\\app\\GalleryCategory.php:9)
[stacktrace]
#0 {main}
"} 
[2025-02-18 14:56:31] local.ERROR: Trait "Spatie\Translatable\HasTranslations" not found {"exception":"[object] (Symfony\\Component\\ErrorHandler\\Error\\FatalError(code: 0): Trait \"Spatie\\Translatable\\HasTranslations\" not found at D:\\qixer\\@core\\app\\GalleryCategory.php:9)
[stacktrace]
#0 {main}
"} 
[2025-02-18 14:57:31] local.ERROR: Trait "Spatie\Translatable\HasTranslations" not found {"exception":"[object] (Symfony\\Component\\ErrorHandler\\Error\\FatalError(code: 0): Trait \"Spatie\\Translatable\\HasTranslations\" not found at D:\\qixer\\@core\\app\\GalleryCategory.php:9)
[stacktrace]
#0 {main}
"} 
[2025-02-18 14:58:31] local.ERROR: Trait "Spatie\Translatable\HasTranslations" not found {"exception":"[object] (Symfony\\Component\\ErrorHandler\\Error\\FatalError(code: 0): Trait \"Spatie\\Translatable\\HasTranslations\" not found at D:\\qixer\\@core\\app\\GalleryCategory.php:9)
[stacktrace]
#0 {main}
"} 
[2025-02-18 14:59:31] local.ERROR: Trait "Spatie\Translatable\HasTranslations" not found {"exception":"[object] (Symfony\\Component\\ErrorHandler\\Error\\FatalError(code: 0): Trait \"Spatie\\Translatable\\HasTranslations\" not found at D:\\qixer\\@core\\app\\GalleryCategory.php:9)
[stacktrace]
#0 {main}
"} 
[2025-02-18 15:00:31] local.ERROR: Trait "Spatie\Translatable\HasTranslations" not found {"exception":"[object] (Symfony\\Component\\ErrorHandler\\Error\\FatalError(code: 0): Trait \"Spatie\\Translatable\\HasTranslations\" not found at D:\\qixer\\@core\\app\\GalleryCategory.php:9)
[stacktrace]
#0 {main}
"} 
[2025-02-18 15:01:32] local.ERROR: Trait "Spatie\Translatable\HasTranslations" not found {"exception":"[object] (Symfony\\Component\\ErrorHandler\\Error\\FatalError(code: 0): Trait \"Spatie\\Translatable\\HasTranslations\" not found at D:\\qixer\\@core\\app\\GalleryCategory.php:9)
[stacktrace]
#0 {main}
"} 
[2025-02-18 15:02:31] local.ERROR: Trait "Spatie\Translatable\HasTranslations" not found {"exception":"[object] (Symfony\\Component\\ErrorHandler\\Error\\FatalError(code: 0): Trait \"Spatie\\Translatable\\HasTranslations\" not found at D:\\qixer\\@core\\app\\GalleryCategory.php:9)
[stacktrace]
#0 {main}
"} 
[2025-02-18 15:03:31] local.ERROR: Trait "Spatie\Translatable\HasTranslations" not found {"exception":"[object] (Symfony\\Component\\ErrorHandler\\Error\\FatalError(code: 0): Trait \"Spatie\\Translatable\\HasTranslations\" not found at D:\\qixer\\@core\\app\\GalleryCategory.php:9)
[stacktrace]
#0 {main}
"} 
[2025-02-18 15:04:31] local.ERROR: Trait "Spatie\Translatable\HasTranslations" not found {"exception":"[object] (Symfony\\Component\\ErrorHandler\\Error\\FatalError(code: 0): Trait \"Spatie\\Translatable\\HasTranslations\" not found at D:\\qixer\\@core\\app\\GalleryCategory.php:9)
[stacktrace]
#0 {main}
"} 
[2025-02-18 15:05:32] local.ERROR: Trait "Spatie\Translatable\HasTranslations" not found {"exception":"[object] (Symfony\\Component\\ErrorHandler\\Error\\FatalError(code: 0): Trait \"Spatie\\Translatable\\HasTranslations\" not found at D:\\qixer\\@core\\app\\GalleryCategory.php:9)
[stacktrace]
#0 {main}
"} 
[2025-02-18 15:06:31] local.ERROR: Trait "Spatie\Translatable\HasTranslations" not found {"exception":"[object] (Symfony\\Component\\ErrorHandler\\Error\\FatalError(code: 0): Trait \"Spatie\\Translatable\\HasTranslations\" not found at D:\\qixer\\@core\\app\\GalleryCategory.php:9)
[stacktrace]
#0 {main}
"} 
[2025-02-18 15:07:32] local.ERROR: Trait "Spatie\Translatable\HasTranslations" not found {"exception":"[object] (Symfony\\Component\\ErrorHandler\\Error\\FatalError(code: 0): Trait \"Spatie\\Translatable\\HasTranslations\" not found at D:\\qixer\\@core\\app\\GalleryCategory.php:9)
[stacktrace]
#0 {main}
"} 
[2025-02-18 15:08:31] local.ERROR: Trait "Spatie\Translatable\HasTranslations" not found {"exception":"[object] (Symfony\\Component\\ErrorHandler\\Error\\FatalError(code: 0): Trait \"Spatie\\Translatable\\HasTranslations\" not found at D:\\qixer\\@core\\app\\GalleryCategory.php:9)
[stacktrace]
#0 {main}
"} 
[2025-02-18 15:09:32] local.ERROR: Trait "Spatie\Translatable\HasTranslations" not found {"exception":"[object] (Symfony\\Component\\ErrorHandler\\Error\\FatalError(code: 0): Trait \"Spatie\\Translatable\\HasTranslations\" not found at D:\\qixer\\@core\\app\\GalleryCategory.php:9)
[stacktrace]
#0 {main}
"} 
[2025-02-18 15:10:31] local.ERROR: Trait "Spatie\Translatable\HasTranslations" not found {"exception":"[object] (Symfony\\Component\\ErrorHandler\\Error\\FatalError(code: 0): Trait \"Spatie\\Translatable\\HasTranslations\" not found at D:\\qixer\\@core\\app\\GalleryCategory.php:9)
[stacktrace]
#0 {main}
"} 
[2025-02-18 15:11:32] local.ERROR: Trait "Spatie\Translatable\HasTranslations" not found {"exception":"[object] (Symfony\\Component\\ErrorHandler\\Error\\FatalError(code: 0): Trait \"Spatie\\Translatable\\HasTranslations\" not found at D:\\qixer\\@core\\app\\GalleryCategory.php:9)
[stacktrace]
#0 {main}
"} 
[2025-02-18 15:12:32] local.ERROR: Trait "Spatie\Translatable\HasTranslations" not found {"exception":"[object] (Symfony\\Component\\ErrorHandler\\Error\\FatalError(code: 0): Trait \"Spatie\\Translatable\\HasTranslations\" not found at D:\\qixer\\@core\\app\\GalleryCategory.php:9)
[stacktrace]
#0 {main}
"} 
[2025-02-18 15:13:32] local.ERROR: Trait "Spatie\Translatable\HasTranslations" not found {"exception":"[object] (Symfony\\Component\\ErrorHandler\\Error\\FatalError(code: 0): Trait \"Spatie\\Translatable\\HasTranslations\" not found at D:\\qixer\\@core\\app\\GalleryCategory.php:9)
[stacktrace]
#0 {main}
"} 
[2025-02-18 15:14:32] local.ERROR: Trait "Spatie\Translatable\HasTranslations" not found {"exception":"[object] (Symfony\\Component\\ErrorHandler\\Error\\FatalError(code: 0): Trait \"Spatie\\Translatable\\HasTranslations\" not found at D:\\qixer\\@core\\app\\GalleryCategory.php:9)
[stacktrace]
#0 {main}
"} 
[2025-02-18 15:15:32] local.ERROR: Trait "Spatie\Translatable\HasTranslations" not found {"exception":"[object] (Symfony\\Component\\ErrorHandler\\Error\\FatalError(code: 0): Trait \"Spatie\\Translatable\\HasTranslations\" not found at D:\\qixer\\@core\\app\\GalleryCategory.php:9)
[stacktrace]
#0 {main}
"} 
[2025-02-18 15:16:32] local.ERROR: Trait "Spatie\Translatable\HasTranslations" not found {"exception":"[object] (Symfony\\Component\\ErrorHandler\\Error\\FatalError(code: 0): Trait \"Spatie\\Translatable\\HasTranslations\" not found at D:\\qixer\\@core\\app\\GalleryCategory.php:9)
[stacktrace]
#0 {main}
"} 
[2025-02-18 15:17:32] local.ERROR: Trait "Spatie\Translatable\HasTranslations" not found {"exception":"[object] (Symfony\\Component\\ErrorHandler\\Error\\FatalError(code: 0): Trait \"Spatie\\Translatable\\HasTranslations\" not found at D:\\qixer\\@core\\app\\GalleryCategory.php:9)
[stacktrace]
#0 {main}
"} 
[2025-02-18 15:18:32] local.ERROR: Trait "Spatie\Translatable\HasTranslations" not found {"exception":"[object] (Symfony\\Component\\ErrorHandler\\Error\\FatalError(code: 0): Trait \"Spatie\\Translatable\\HasTranslations\" not found at D:\\qixer\\@core\\app\\GalleryCategory.php:9)
[stacktrace]
#0 {main}
"} 
[2025-02-18 15:19:32] local.ERROR: Trait "Spatie\Translatable\HasTranslations" not found {"exception":"[object] (Symfony\\Component\\ErrorHandler\\Error\\FatalError(code: 0): Trait \"Spatie\\Translatable\\HasTranslations\" not found at D:\\qixer\\@core\\app\\GalleryCategory.php:9)
[stacktrace]
#0 {main}
"} 
[2025-02-18 15:20:32] local.ERROR: Trait "Spatie\Translatable\HasTranslations" not found {"exception":"[object] (Symfony\\Component\\ErrorHandler\\Error\\FatalError(code: 0): Trait \"Spatie\\Translatable\\HasTranslations\" not found at D:\\qixer\\@core\\app\\GalleryCategory.php:9)
[stacktrace]
#0 {main}
"} 
[2025-02-18 15:39:52] local.ERROR: Trait "Spatie\Translatable\HasTranslations" not found {"exception":"[object] (Symfony\\Component\\ErrorHandler\\Error\\FatalError(code: 0): Trait \"Spatie\\Translatable\\HasTranslations\" not found at D:\\qixer\\@core\\app\\GalleryCategory.php:9)
[stacktrace]
#0 {main}
"} 
[2025-02-18 15:40:50] local.ERROR: Trait "Spatie\Translatable\HasTranslations" not found {"exception":"[object] (Symfony\\Component\\ErrorHandler\\Error\\FatalError(code: 0): Trait \"Spatie\\Translatable\\HasTranslations\" not found at D:\\qixer\\@core\\app\\GalleryCategory.php:9)
[stacktrace]
#0 {main}
"} 
[2025-02-18 15:41:50] local.ERROR: Trait "Spatie\Translatable\HasTranslations" not found {"exception":"[object] (Symfony\\Component\\ErrorHandler\\Error\\FatalError(code: 0): Trait \"Spatie\\Translatable\\HasTranslations\" not found at D:\\qixer\\@core\\app\\GalleryCategory.php:9)
[stacktrace]
#0 {main}
"} 
[2025-02-18 15:42:50] local.ERROR: Trait "Spatie\Translatable\HasTranslations" not found {"exception":"[object] (Symfony\\Component\\ErrorHandler\\Error\\FatalError(code: 0): Trait \"Spatie\\Translatable\\HasTranslations\" not found at D:\\qixer\\@core\\app\\GalleryCategory.php:9)
[stacktrace]
#0 {main}
"} 
[2025-02-18 15:43:50] local.ERROR: Trait "Spatie\Translatable\HasTranslations" not found {"exception":"[object] (Symfony\\Component\\ErrorHandler\\Error\\FatalError(code: 0): Trait \"Spatie\\Translatable\\HasTranslations\" not found at D:\\qixer\\@core\\app\\GalleryCategory.php:9)
[stacktrace]
#0 {main}
"} 
[2025-02-18 15:44:50] local.ERROR: Trait "Spatie\Translatable\HasTranslations" not found {"exception":"[object] (Symfony\\Component\\ErrorHandler\\Error\\FatalError(code: 0): Trait \"Spatie\\Translatable\\HasTranslations\" not found at D:\\qixer\\@core\\app\\GalleryCategory.php:9)
[stacktrace]
#0 {main}
"} 
[2025-02-18 15:45:50] local.ERROR: Trait "Spatie\Translatable\HasTranslations" not found {"exception":"[object] (Symfony\\Component\\ErrorHandler\\Error\\FatalError(code: 0): Trait \"Spatie\\Translatable\\HasTranslations\" not found at D:\\qixer\\@core\\app\\GalleryCategory.php:9)
[stacktrace]
#0 {main}
"} 
[2025-02-18 15:46:50] local.ERROR: Trait "Spatie\Translatable\HasTranslations" not found {"exception":"[object] (Symfony\\Component\\ErrorHandler\\Error\\FatalError(code: 0): Trait \"Spatie\\Translatable\\HasTranslations\" not found at D:\\qixer\\@core\\app\\GalleryCategory.php:9)
[stacktrace]
#0 {main}
"} 
[2025-02-18 15:47:50] local.ERROR: Trait "Spatie\Translatable\HasTranslations" not found {"exception":"[object] (Symfony\\Component\\ErrorHandler\\Error\\FatalError(code: 0): Trait \"Spatie\\Translatable\\HasTranslations\" not found at D:\\qixer\\@core\\app\\GalleryCategory.php:9)
[stacktrace]
#0 {main}
"} 
[2025-02-18 15:48:50] local.ERROR: Trait "Spatie\Translatable\HasTranslations" not found {"exception":"[object] (Symfony\\Component\\ErrorHandler\\Error\\FatalError(code: 0): Trait \"Spatie\\Translatable\\HasTranslations\" not found at D:\\qixer\\@core\\app\\GalleryCategory.php:9)
[stacktrace]
#0 {main}
"} 
[2025-02-18 15:49:51] local.ERROR: Trait "Spatie\Translatable\HasTranslations" not found {"exception":"[object] (Symfony\\Component\\ErrorHandler\\Error\\FatalError(code: 0): Trait \"Spatie\\Translatable\\HasTranslations\" not found at D:\\qixer\\@core\\app\\GalleryCategory.php:9)
[stacktrace]
#0 {main}
"} 
[2025-02-18 15:50:50] local.ERROR: Trait "Spatie\Translatable\HasTranslations" not found {"exception":"[object] (Symfony\\Component\\ErrorHandler\\Error\\FatalError(code: 0): Trait \"Spatie\\Translatable\\HasTranslations\" not found at D:\\qixer\\@core\\app\\GalleryCategory.php:9)
[stacktrace]
#0 {main}
"} 
[2025-02-18 15:51:50] local.ERROR: Trait "Spatie\Translatable\HasTranslations" not found {"exception":"[object] (Symfony\\Component\\ErrorHandler\\Error\\FatalError(code: 0): Trait \"Spatie\\Translatable\\HasTranslations\" not found at D:\\qixer\\@core\\app\\GalleryCategory.php:9)
[stacktrace]
#0 {main}
"} 
[2025-02-18 15:52:50] local.ERROR: Trait "Spatie\Translatable\HasTranslations" not found {"exception":"[object] (Symfony\\Component\\ErrorHandler\\Error\\FatalError(code: 0): Trait \"Spatie\\Translatable\\HasTranslations\" not found at D:\\qixer\\@core\\app\\GalleryCategory.php:9)
[stacktrace]
#0 {main}
"} 
[2025-02-18 15:53:50] local.ERROR: Trait "Spatie\Translatable\HasTranslations" not found {"exception":"[object] (Symfony\\Component\\ErrorHandler\\Error\\FatalError(code: 0): Trait \"Spatie\\Translatable\\HasTranslations\" not found at D:\\qixer\\@core\\app\\GalleryCategory.php:9)
[stacktrace]
#0 {main}
"} 
[2025-02-18 15:54:50] local.ERROR: Trait "Spatie\Translatable\HasTranslations" not found {"exception":"[object] (Symfony\\Component\\ErrorHandler\\Error\\FatalError(code: 0): Trait \"Spatie\\Translatable\\HasTranslations\" not found at D:\\qixer\\@core\\app\\GalleryCategory.php:9)
[stacktrace]
#0 {main}
"} 
[2025-02-18 15:55:50] local.ERROR: Trait "Spatie\Translatable\HasTranslations" not found {"exception":"[object] (Symfony\\Component\\ErrorHandler\\Error\\FatalError(code: 0): Trait \"Spatie\\Translatable\\HasTranslations\" not found at D:\\qixer\\@core\\app\\GalleryCategory.php:9)
[stacktrace]
#0 {main}
"} 
[2025-02-18 15:56:50] local.ERROR: Trait "Spatie\Translatable\HasTranslations" not found {"exception":"[object] (Symfony\\Component\\ErrorHandler\\Error\\FatalError(code: 0): Trait \"Spatie\\Translatable\\HasTranslations\" not found at D:\\qixer\\@core\\app\\GalleryCategory.php:9)
[stacktrace]
#0 {main}
"} 
[2025-02-18 15:57:50] local.ERROR: Trait "Spatie\Translatable\HasTranslations" not found {"exception":"[object] (Symfony\\Component\\ErrorHandler\\Error\\FatalError(code: 0): Trait \"Spatie\\Translatable\\HasTranslations\" not found at D:\\qixer\\@core\\app\\GalleryCategory.php:9)
[stacktrace]
#0 {main}
"} 
[2025-02-18 15:58:50] local.ERROR: Trait "Spatie\Translatable\HasTranslations" not found {"exception":"[object] (Symfony\\Component\\ErrorHandler\\Error\\FatalError(code: 0): Trait \"Spatie\\Translatable\\HasTranslations\" not found at D:\\qixer\\@core\\app\\GalleryCategory.php:9)
[stacktrace]
#0 {main}
"} 
[2025-02-18 15:59:51] local.ERROR: Trait "Spatie\Translatable\HasTranslations" not found {"exception":"[object] (Symfony\\Component\\ErrorHandler\\Error\\FatalError(code: 0): Trait \"Spatie\\Translatable\\HasTranslations\" not found at D:\\qixer\\@core\\app\\GalleryCategory.php:9)
[stacktrace]
#0 {main}
"} 
[2025-02-18 16:10:35] local.ERROR: Trait "Spatie\Translatable\HasTranslations" not found {"exception":"[object] (Symfony\\Component\\ErrorHandler\\Error\\FatalError(code: 0): Trait \"Spatie\\Translatable\\HasTranslations\" not found at D:\\qixer\\@core\\app\\GalleryCategory.php:9)
[stacktrace]
#0 {main}
"} 
[2025-02-18 18:57:43] local.ERROR: Trait "Spatie\Translatable\HasTranslations" not found {"exception":"[object] (Symfony\\Component\\ErrorHandler\\Error\\FatalError(code: 0): Trait \"Spatie\\Translatable\\HasTranslations\" not found at D:\\qixer\\@core\\app\\GalleryCategory.php:9)
[stacktrace]
#0 {main}
"} 
[2025-02-18 18:58:37] local.ERROR: Trait "Spatie\Translatable\HasTranslations" not found {"exception":"[object] (Symfony\\Component\\ErrorHandler\\Error\\FatalError(code: 0): Trait \"Spatie\\Translatable\\HasTranslations\" not found at D:\\qixer\\@core\\app\\GalleryCategory.php:9)
[stacktrace]
#0 {main}
"} 
[2025-02-18 18:59:37] local.ERROR: Trait "Spatie\Translatable\HasTranslations" not found {"exception":"[object] (Symfony\\Component\\ErrorHandler\\Error\\FatalError(code: 0): Trait \"Spatie\\Translatable\\HasTranslations\" not found at D:\\qixer\\@core\\app\\GalleryCategory.php:9)
[stacktrace]
#0 {main}
"} 
[2025-02-18 19:00:37] local.ERROR: Trait "Spatie\Translatable\HasTranslations" not found {"exception":"[object] (Symfony\\Component\\ErrorHandler\\Error\\FatalError(code: 0): Trait \"Spatie\\Translatable\\HasTranslations\" not found at D:\\qixer\\@core\\app\\GalleryCategory.php:9)
[stacktrace]
#0 {main}
"} 
[2025-02-18 19:01:37] local.ERROR: Trait "Spatie\Translatable\HasTranslations" not found {"exception":"[object] (Symfony\\Component\\ErrorHandler\\Error\\FatalError(code: 0): Trait \"Spatie\\Translatable\\HasTranslations\" not found at D:\\qixer\\@core\\app\\GalleryCategory.php:9)
[stacktrace]
#0 {main}
"} 
[2025-02-18 19:02:37] local.ERROR: Trait "Spatie\Translatable\HasTranslations" not found {"exception":"[object] (Symfony\\Component\\ErrorHandler\\Error\\FatalError(code: 0): Trait \"Spatie\\Translatable\\HasTranslations\" not found at D:\\qixer\\@core\\app\\GalleryCategory.php:9)
[stacktrace]
#0 {main}
"} 
[2025-02-18 19:03:37] local.ERROR: Trait "Spatie\Translatable\HasTranslations" not found {"exception":"[object] (Symfony\\Component\\ErrorHandler\\Error\\FatalError(code: 0): Trait \"Spatie\\Translatable\\HasTranslations\" not found at D:\\qixer\\@core\\app\\GalleryCategory.php:9)
[stacktrace]
#0 {main}
"} 
[2025-02-18 19:04:37] local.ERROR: Trait "Spatie\Translatable\HasTranslations" not found {"exception":"[object] (Symfony\\Component\\ErrorHandler\\Error\\FatalError(code: 0): Trait \"Spatie\\Translatable\\HasTranslations\" not found at D:\\qixer\\@core\\app\\GalleryCategory.php:9)
[stacktrace]
#0 {main}
"} 
[2025-02-18 19:05:37] local.ERROR: Trait "Spatie\Translatable\HasTranslations" not found {"exception":"[object] (Symfony\\Component\\ErrorHandler\\Error\\FatalError(code: 0): Trait \"Spatie\\Translatable\\HasTranslations\" not found at D:\\qixer\\@core\\app\\GalleryCategory.php:9)
[stacktrace]
#0 {main}
"} 
[2025-02-18 19:06:37] local.ERROR: Trait "Spatie\Translatable\HasTranslations" not found {"exception":"[object] (Symfony\\Component\\ErrorHandler\\Error\\FatalError(code: 0): Trait \"Spatie\\Translatable\\HasTranslations\" not found at D:\\qixer\\@core\\app\\GalleryCategory.php:9)
[stacktrace]
#0 {main}
"} 
[2025-02-18 19:07:37] local.ERROR: Trait "Spatie\Translatable\HasTranslations" not found {"exception":"[object] (Symfony\\Component\\ErrorHandler\\Error\\FatalError(code: 0): Trait \"Spatie\\Translatable\\HasTranslations\" not found at D:\\qixer\\@core\\app\\GalleryCategory.php:9)
[stacktrace]
#0 {main}
"} 
[2025-02-18 19:08:37] local.ERROR: Trait "Spatie\Translatable\HasTranslations" not found {"exception":"[object] (Symfony\\Component\\ErrorHandler\\Error\\FatalError(code: 0): Trait \"Spatie\\Translatable\\HasTranslations\" not found at D:\\qixer\\@core\\app\\GalleryCategory.php:9)
[stacktrace]
#0 {main}
"} 
[2025-02-18 19:09:37] local.ERROR: Trait "Spatie\Translatable\HasTranslations" not found {"exception":"[object] (Symfony\\Component\\ErrorHandler\\Error\\FatalError(code: 0): Trait \"Spatie\\Translatable\\HasTranslations\" not found at D:\\qixer\\@core\\app\\GalleryCategory.php:9)
[stacktrace]
#0 {main}
"} 
[2025-02-18 19:10:37] local.ERROR: Trait "Spatie\Translatable\HasTranslations" not found {"exception":"[object] (Symfony\\Component\\ErrorHandler\\Error\\FatalError(code: 0): Trait \"Spatie\\Translatable\\HasTranslations\" not found at D:\\qixer\\@core\\app\\GalleryCategory.php:9)
[stacktrace]
#0 {main}
"} 
[2025-02-18 19:11:37] local.ERROR: Trait "Spatie\Translatable\HasTranslations" not found {"exception":"[object] (Symfony\\Component\\ErrorHandler\\Error\\FatalError(code: 0): Trait \"Spatie\\Translatable\\HasTranslations\" not found at D:\\qixer\\@core\\app\\GalleryCategory.php:9)
[stacktrace]
#0 {main}
"} 
[2025-02-18 19:12:37] local.ERROR: Trait "Spatie\Translatable\HasTranslations" not found {"exception":"[object] (Symfony\\Component\\ErrorHandler\\Error\\FatalError(code: 0): Trait \"Spatie\\Translatable\\HasTranslations\" not found at D:\\qixer\\@core\\app\\GalleryCategory.php:9)
[stacktrace]
#0 {main}
"} 
[2025-02-18 19:13:37] local.ERROR: Trait "Spatie\Translatable\HasTranslations" not found {"exception":"[object] (Symfony\\Component\\ErrorHandler\\Error\\FatalError(code: 0): Trait \"Spatie\\Translatable\\HasTranslations\" not found at D:\\qixer\\@core\\app\\GalleryCategory.php:9)
[stacktrace]
#0 {main}
"} 
[2025-02-18 19:14:37] local.ERROR: Trait "Spatie\Translatable\HasTranslations" not found {"exception":"[object] (Symfony\\Component\\ErrorHandler\\Error\\FatalError(code: 0): Trait \"Spatie\\Translatable\\HasTranslations\" not found at D:\\qixer\\@core\\app\\GalleryCategory.php:9)
[stacktrace]
#0 {main}
"} 
[2025-02-18 19:15:37] local.ERROR: Trait "Spatie\Translatable\HasTranslations" not found {"exception":"[object] (Symfony\\Component\\ErrorHandler\\Error\\FatalError(code: 0): Trait \"Spatie\\Translatable\\HasTranslations\" not found at D:\\qixer\\@core\\app\\GalleryCategory.php:9)
[stacktrace]
#0 {main}
"} 
[2025-02-18 19:16:37] local.ERROR: Trait "Spatie\Translatable\HasTranslations" not found {"exception":"[object] (Symfony\\Component\\ErrorHandler\\Error\\FatalError(code: 0): Trait \"Spatie\\Translatable\\HasTranslations\" not found at D:\\qixer\\@core\\app\\GalleryCategory.php:9)
[stacktrace]
#0 {main}
"} 
[2025-02-18 19:17:37] local.ERROR: Trait "Spatie\Translatable\HasTranslations" not found {"exception":"[object] (Symfony\\Component\\ErrorHandler\\Error\\FatalError(code: 0): Trait \"Spatie\\Translatable\\HasTranslations\" not found at D:\\qixer\\@core\\app\\GalleryCategory.php:9)
[stacktrace]
#0 {main}
"} 
[2025-02-18 19:18:40] local.ERROR: Trait "Spatie\Translatable\HasTranslations" not found {"exception":"[object] (Symfony\\Component\\ErrorHandler\\Error\\FatalError(code: 0): Trait \"Spatie\\Translatable\\HasTranslations\" not found at D:\\qixer\\@core\\app\\GalleryCategory.php:9)
[stacktrace]
#0 {main}
"} 
[2025-02-18 19:19:37] local.ERROR: Trait "Spatie\Translatable\HasTranslations" not found {"exception":"[object] (Symfony\\Component\\ErrorHandler\\Error\\FatalError(code: 0): Trait \"Spatie\\Translatable\\HasTranslations\" not found at D:\\qixer\\@core\\app\\GalleryCategory.php:9)
[stacktrace]
#0 {main}
"} 
[2025-02-18 19:20:37] local.ERROR: Trait "Spatie\Translatable\HasTranslations" not found {"exception":"[object] (Symfony\\Component\\ErrorHandler\\Error\\FatalError(code: 0): Trait \"Spatie\\Translatable\\HasTranslations\" not found at D:\\qixer\\@core\\app\\GalleryCategory.php:9)
[stacktrace]
#0 {main}
"} 
[2025-02-18 19:21:37] local.ERROR: Trait "Spatie\Translatable\HasTranslations" not found {"exception":"[object] (Symfony\\Component\\ErrorHandler\\Error\\FatalError(code: 0): Trait \"Spatie\\Translatable\\HasTranslations\" not found at D:\\qixer\\@core\\app\\GalleryCategory.php:9)
[stacktrace]
#0 {main}
"} 
[2025-02-18 19:22:37] local.ERROR: Trait "Spatie\Translatable\HasTranslations" not found {"exception":"[object] (Symfony\\Component\\ErrorHandler\\Error\\FatalError(code: 0): Trait \"Spatie\\Translatable\\HasTranslations\" not found at D:\\qixer\\@core\\app\\GalleryCategory.php:9)
[stacktrace]
#0 {main}
"} 
[2025-02-18 19:23:37] local.ERROR: Trait "Spatie\Translatable\HasTranslations" not found {"exception":"[object] (Symfony\\Component\\ErrorHandler\\Error\\FatalError(code: 0): Trait \"Spatie\\Translatable\\HasTranslations\" not found at D:\\qixer\\@core\\app\\GalleryCategory.php:9)
[stacktrace]
#0 {main}
"} 
[2025-02-18 19:24:37] local.ERROR: Trait "Spatie\Translatable\HasTranslations" not found {"exception":"[object] (Symfony\\Component\\ErrorHandler\\Error\\FatalError(code: 0): Trait \"Spatie\\Translatable\\HasTranslations\" not found at D:\\qixer\\@core\\app\\GalleryCategory.php:9)
[stacktrace]
#0 {main}
"} 
[2025-02-18 19:25:37] local.ERROR: Trait "Spatie\Translatable\HasTranslations" not found {"exception":"[object] (Symfony\\Component\\ErrorHandler\\Error\\FatalError(code: 0): Trait \"Spatie\\Translatable\\HasTranslations\" not found at D:\\qixer\\@core\\app\\GalleryCategory.php:9)
[stacktrace]
#0 {main}
"} 
[2025-02-18 19:26:37] local.ERROR: Trait "Spatie\Translatable\HasTranslations" not found {"exception":"[object] (Symfony\\Component\\ErrorHandler\\Error\\FatalError(code: 0): Trait \"Spatie\\Translatable\\HasTranslations\" not found at D:\\qixer\\@core\\app\\GalleryCategory.php:9)
[stacktrace]
#0 {main}
"} 
[2025-02-18 19:27:37] local.ERROR: Trait "Spatie\Translatable\HasTranslations" not found {"exception":"[object] (Symfony\\Component\\ErrorHandler\\Error\\FatalError(code: 0): Trait \"Spatie\\Translatable\\HasTranslations\" not found at D:\\qixer\\@core\\app\\GalleryCategory.php:9)
[stacktrace]
#0 {main}
"} 
[2025-02-18 19:28:37] local.ERROR: Trait "Spatie\Translatable\HasTranslations" not found {"exception":"[object] (Symfony\\Component\\ErrorHandler\\Error\\FatalError(code: 0): Trait \"Spatie\\Translatable\\HasTranslations\" not found at D:\\qixer\\@core\\app\\GalleryCategory.php:9)
[stacktrace]
#0 {main}
"} 
[2025-02-18 19:29:37] local.ERROR: Trait "Spatie\Translatable\HasTranslations" not found {"exception":"[object] (Symfony\\Component\\ErrorHandler\\Error\\FatalError(code: 0): Trait \"Spatie\\Translatable\\HasTranslations\" not found at D:\\qixer\\@core\\app\\GalleryCategory.php:9)
[stacktrace]
#0 {main}
"} 
[2025-02-18 19:30:37] local.ERROR: Trait "Spatie\Translatable\HasTranslations" not found {"exception":"[object] (Symfony\\Component\\ErrorHandler\\Error\\FatalError(code: 0): Trait \"Spatie\\Translatable\\HasTranslations\" not found at D:\\qixer\\@core\\app\\GalleryCategory.php:9)
[stacktrace]
#0 {main}
"} 
[2025-02-18 19:31:37] local.ERROR: Trait "Spatie\Translatable\HasTranslations" not found {"exception":"[object] (Symfony\\Component\\ErrorHandler\\Error\\FatalError(code: 0): Trait \"Spatie\\Translatable\\HasTranslations\" not found at D:\\qixer\\@core\\app\\GalleryCategory.php:9)
[stacktrace]
#0 {main}
"} 
[2025-02-18 19:32:37] local.ERROR: Trait "Spatie\Translatable\HasTranslations" not found {"exception":"[object] (Symfony\\Component\\ErrorHandler\\Error\\FatalError(code: 0): Trait \"Spatie\\Translatable\\HasTranslations\" not found at D:\\qixer\\@core\\app\\GalleryCategory.php:9)
[stacktrace]
#0 {main}
"} 
[2025-02-18 19:33:37] local.ERROR: Trait "Spatie\Translatable\HasTranslations" not found {"exception":"[object] (Symfony\\Component\\ErrorHandler\\Error\\FatalError(code: 0): Trait \"Spatie\\Translatable\\HasTranslations\" not found at D:\\qixer\\@core\\app\\GalleryCategory.php:9)
[stacktrace]
#0 {main}
"} 
[2025-02-18 19:34:37] local.ERROR: Trait "Spatie\Translatable\HasTranslations" not found {"exception":"[object] (Symfony\\Component\\ErrorHandler\\Error\\FatalError(code: 0): Trait \"Spatie\\Translatable\\HasTranslations\" not found at D:\\qixer\\@core\\app\\GalleryCategory.php:9)
[stacktrace]
#0 {main}
"} 
[2025-02-18 19:35:37] local.ERROR: Trait "Spatie\Translatable\HasTranslations" not found {"exception":"[object] (Symfony\\Component\\ErrorHandler\\Error\\FatalError(code: 0): Trait \"Spatie\\Translatable\\HasTranslations\" not found at D:\\qixer\\@core\\app\\GalleryCategory.php:9)
[stacktrace]
#0 {main}
"} 
[2025-02-18 19:36:37] local.ERROR: Trait "Spatie\Translatable\HasTranslations" not found {"exception":"[object] (Symfony\\Component\\ErrorHandler\\Error\\FatalError(code: 0): Trait \"Spatie\\Translatable\\HasTranslations\" not found at D:\\qixer\\@core\\app\\GalleryCategory.php:9)
[stacktrace]
#0 {main}
"} 
[2025-02-18 19:37:37] local.ERROR: Trait "Spatie\Translatable\HasTranslations" not found {"exception":"[object] (Symfony\\Component\\ErrorHandler\\Error\\FatalError(code: 0): Trait \"Spatie\\Translatable\\HasTranslations\" not found at D:\\qixer\\@core\\app\\GalleryCategory.php:9)
[stacktrace]
#0 {main}
"} 
[2025-02-18 19:38:37] local.ERROR: Trait "Spatie\Translatable\HasTranslations" not found {"exception":"[object] (Symfony\\Component\\ErrorHandler\\Error\\FatalError(code: 0): Trait \"Spatie\\Translatable\\HasTranslations\" not found at D:\\qixer\\@core\\app\\GalleryCategory.php:9)
[stacktrace]
#0 {main}
"} 
[2025-02-18 19:40:12] local.ERROR: Trait "Spatie\Translatable\HasTranslations" not found {"exception":"[object] (Symfony\\Component\\ErrorHandler\\Error\\FatalError(code: 0): Trait \"Spatie\\Translatable\\HasTranslations\" not found at D:\\qixer\\@core\\app\\GalleryCategory.php:9)
[stacktrace]
#0 {main}
"} 
[2025-02-18 19:40:37] local.ERROR: Trait "Spatie\Translatable\HasTranslations" not found {"exception":"[object] (Symfony\\Component\\ErrorHandler\\Error\\FatalError(code: 0): Trait \"Spatie\\Translatable\\HasTranslations\" not found at D:\\qixer\\@core\\app\\GalleryCategory.php:9)
[stacktrace]
#0 {main}
"} 
[2025-02-18 19:41:37] local.ERROR: Trait "Spatie\Translatable\HasTranslations" not found {"exception":"[object] (Symfony\\Component\\ErrorHandler\\Error\\FatalError(code: 0): Trait \"Spatie\\Translatable\\HasTranslations\" not found at D:\\qixer\\@core\\app\\GalleryCategory.php:9)
[stacktrace]
#0 {main}
"} 
[2025-02-18 19:42:37] local.ERROR: Trait "Spatie\Translatable\HasTranslations" not found {"exception":"[object] (Symfony\\Component\\ErrorHandler\\Error\\FatalError(code: 0): Trait \"Spatie\\Translatable\\HasTranslations\" not found at D:\\qixer\\@core\\app\\GalleryCategory.php:9)
[stacktrace]
#0 {main}
"} 
[2025-02-18 19:43:37] local.ERROR: Trait "Spatie\Translatable\HasTranslations" not found {"exception":"[object] (Symfony\\Component\\ErrorHandler\\Error\\FatalError(code: 0): Trait \"Spatie\\Translatable\\HasTranslations\" not found at D:\\qixer\\@core\\app\\GalleryCategory.php:9)
[stacktrace]
#0 {main}
"} 
[2025-02-18 19:44:37] local.ERROR: Trait "Spatie\Translatable\HasTranslations" not found {"exception":"[object] (Symfony\\Component\\ErrorHandler\\Error\\FatalError(code: 0): Trait \"Spatie\\Translatable\\HasTranslations\" not found at D:\\qixer\\@core\\app\\GalleryCategory.php:9)
[stacktrace]
#0 {main}
"} 
[2025-02-18 19:45:37] local.ERROR: Trait "Spatie\Translatable\HasTranslations" not found {"exception":"[object] (Symfony\\Component\\ErrorHandler\\Error\\FatalError(code: 0): Trait \"Spatie\\Translatable\\HasTranslations\" not found at D:\\qixer\\@core\\app\\GalleryCategory.php:9)
[stacktrace]
#0 {main}
"} 
[2025-02-18 19:46:37] local.ERROR: Trait "Spatie\Translatable\HasTranslations" not found {"exception":"[object] (Symfony\\Component\\ErrorHandler\\Error\\FatalError(code: 0): Trait \"Spatie\\Translatable\\HasTranslations\" not found at D:\\qixer\\@core\\app\\GalleryCategory.php:9)
[stacktrace]
#0 {main}
"} 
[2025-02-18 19:47:37] local.ERROR: Trait "Spatie\Translatable\HasTranslations" not found {"exception":"[object] (Symfony\\Component\\ErrorHandler\\Error\\FatalError(code: 0): Trait \"Spatie\\Translatable\\HasTranslations\" not found at D:\\qixer\\@core\\app\\GalleryCategory.php:9)
[stacktrace]
#0 {main}
"} 
[2025-02-18 19:48:37] local.ERROR: Trait "Spatie\Translatable\HasTranslations" not found {"exception":"[object] (Symfony\\Component\\ErrorHandler\\Error\\FatalError(code: 0): Trait \"Spatie\\Translatable\\HasTranslations\" not found at D:\\qixer\\@core\\app\\GalleryCategory.php:9)
[stacktrace]
#0 {main}
"} 
[2025-02-18 19:49:37] local.ERROR: Trait "Spatie\Translatable\HasTranslations" not found {"exception":"[object] (Symfony\\Component\\ErrorHandler\\Error\\FatalError(code: 0): Trait \"Spatie\\Translatable\\HasTranslations\" not found at D:\\qixer\\@core\\app\\GalleryCategory.php:9)
[stacktrace]
#0 {main}
"} 
[2025-02-18 19:50:37] local.ERROR: Trait "Spatie\Translatable\HasTranslations" not found {"exception":"[object] (Symfony\\Component\\ErrorHandler\\Error\\FatalError(code: 0): Trait \"Spatie\\Translatable\\HasTranslations\" not found at D:\\qixer\\@core\\app\\GalleryCategory.php:9)
[stacktrace]
#0 {main}
"} 
[2025-02-18 19:51:37] local.ERROR: Trait "Spatie\Translatable\HasTranslations" not found {"exception":"[object] (Symfony\\Component\\ErrorHandler\\Error\\FatalError(code: 0): Trait \"Spatie\\Translatable\\HasTranslations\" not found at D:\\qixer\\@core\\app\\GalleryCategory.php:9)
[stacktrace]
#0 {main}
"} 
[2025-02-18 19:52:37] local.ERROR: Trait "Spatie\Translatable\HasTranslations" not found {"exception":"[object] (Symfony\\Component\\ErrorHandler\\Error\\FatalError(code: 0): Trait \"Spatie\\Translatable\\HasTranslations\" not found at D:\\qixer\\@core\\app\\GalleryCategory.php:9)
[stacktrace]
#0 {main}
"} 
[2025-02-18 19:53:37] local.ERROR: Trait "Spatie\Translatable\HasTranslations" not found {"exception":"[object] (Symfony\\Component\\ErrorHandler\\Error\\FatalError(code: 0): Trait \"Spatie\\Translatable\\HasTranslations\" not found at D:\\qixer\\@core\\app\\GalleryCategory.php:9)
[stacktrace]
#0 {main}
"} 
[2025-02-18 19:54:37] local.ERROR: Trait "Spatie\Translatable\HasTranslations" not found {"exception":"[object] (Symfony\\Component\\ErrorHandler\\Error\\FatalError(code: 0): Trait \"Spatie\\Translatable\\HasTranslations\" not found at D:\\qixer\\@core\\app\\GalleryCategory.php:9)
[stacktrace]
#0 {main}
"} 
[2025-02-18 19:55:37] local.ERROR: Trait "Spatie\Translatable\HasTranslations" not found {"exception":"[object] (Symfony\\Component\\ErrorHandler\\Error\\FatalError(code: 0): Trait \"Spatie\\Translatable\\HasTranslations\" not found at D:\\qixer\\@core\\app\\GalleryCategory.php:9)
[stacktrace]
#0 {main}
"} 
[2025-02-18 19:56:37] local.ERROR: Trait "Spatie\Translatable\HasTranslations" not found {"exception":"[object] (Symfony\\Component\\ErrorHandler\\Error\\FatalError(code: 0): Trait \"Spatie\\Translatable\\HasTranslations\" not found at D:\\qixer\\@core\\app\\GalleryCategory.php:9)
[stacktrace]
#0 {main}
"} 
[2025-02-18 19:57:38] local.ERROR: Trait "Spatie\Translatable\HasTranslations" not found {"exception":"[object] (Symfony\\Component\\ErrorHandler\\Error\\FatalError(code: 0): Trait \"Spatie\\Translatable\\HasTranslations\" not found at D:\\qixer\\@core\\app\\GalleryCategory.php:9)
[stacktrace]
#0 {main}
"} 
[2025-02-18 19:58:37] local.ERROR: Trait "Spatie\Translatable\HasTranslations" not found {"exception":"[object] (Symfony\\Component\\ErrorHandler\\Error\\FatalError(code: 0): Trait \"Spatie\\Translatable\\HasTranslations\" not found at D:\\qixer\\@core\\app\\GalleryCategory.php:9)
[stacktrace]
#0 {main}
"} 
[2025-02-18 19:59:37] local.ERROR: Trait "Spatie\Translatable\HasTranslations" not found {"exception":"[object] (Symfony\\Component\\ErrorHandler\\Error\\FatalError(code: 0): Trait \"Spatie\\Translatable\\HasTranslations\" not found at D:\\qixer\\@core\\app\\GalleryCategory.php:9)
[stacktrace]
#0 {main}
"} 
[2025-02-18 20:00:37] local.ERROR: Trait "Spatie\Translatable\HasTranslations" not found {"exception":"[object] (Symfony\\Component\\ErrorHandler\\Error\\FatalError(code: 0): Trait \"Spatie\\Translatable\\HasTranslations\" not found at D:\\qixer\\@core\\app\\GalleryCategory.php:9)
[stacktrace]
#0 {main}
"} 
[2025-02-18 20:01:37] local.ERROR: Trait "Spatie\Translatable\HasTranslations" not found {"exception":"[object] (Symfony\\Component\\ErrorHandler\\Error\\FatalError(code: 0): Trait \"Spatie\\Translatable\\HasTranslations\" not found at D:\\qixer\\@core\\app\\GalleryCategory.php:9)
[stacktrace]
#0 {main}
"} 
[2025-02-18 20:02:37] local.ERROR: Trait "Spatie\Translatable\HasTranslations" not found {"exception":"[object] (Symfony\\Component\\ErrorHandler\\Error\\FatalError(code: 0): Trait \"Spatie\\Translatable\\HasTranslations\" not found at D:\\qixer\\@core\\app\\GalleryCategory.php:9)
[stacktrace]
#0 {main}
"} 
[2025-02-18 20:03:37] local.ERROR: Trait "Spatie\Translatable\HasTranslations" not found {"exception":"[object] (Symfony\\Component\\ErrorHandler\\Error\\FatalError(code: 0): Trait \"Spatie\\Translatable\\HasTranslations\" not found at D:\\qixer\\@core\\app\\GalleryCategory.php:9)
[stacktrace]
#0 {main}
"} 
[2025-02-18 20:04:37] local.ERROR: Trait "Spatie\Translatable\HasTranslations" not found {"exception":"[object] (Symfony\\Component\\ErrorHandler\\Error\\FatalError(code: 0): Trait \"Spatie\\Translatable\\HasTranslations\" not found at D:\\qixer\\@core\\app\\GalleryCategory.php:9)
[stacktrace]
#0 {main}
"} 
[2025-02-18 20:05:37] local.ERROR: Trait "Spatie\Translatable\HasTranslations" not found {"exception":"[object] (Symfony\\Component\\ErrorHandler\\Error\\FatalError(code: 0): Trait \"Spatie\\Translatable\\HasTranslations\" not found at D:\\qixer\\@core\\app\\GalleryCategory.php:9)
[stacktrace]
#0 {main}
"} 
[2025-02-18 20:06:37] local.ERROR: Trait "Spatie\Translatable\HasTranslations" not found {"exception":"[object] (Symfony\\Component\\ErrorHandler\\Error\\FatalError(code: 0): Trait \"Spatie\\Translatable\\HasTranslations\" not found at D:\\qixer\\@core\\app\\GalleryCategory.php:9)
[stacktrace]
#0 {main}
"} 
[2025-02-18 20:07:37] local.ERROR: Trait "Spatie\Translatable\HasTranslations" not found {"exception":"[object] (Symfony\\Component\\ErrorHandler\\Error\\FatalError(code: 0): Trait \"Spatie\\Translatable\\HasTranslations\" not found at D:\\qixer\\@core\\app\\GalleryCategory.php:9)
[stacktrace]
#0 {main}
"} 
[2025-02-18 20:08:37] local.ERROR: Trait "Spatie\Translatable\HasTranslations" not found {"exception":"[object] (Symfony\\Component\\ErrorHandler\\Error\\FatalError(code: 0): Trait \"Spatie\\Translatable\\HasTranslations\" not found at D:\\qixer\\@core\\app\\GalleryCategory.php:9)
[stacktrace]
#0 {main}
"} 
[2025-02-18 20:09:37] local.ERROR: Trait "Spatie\Translatable\HasTranslations" not found {"exception":"[object] (Symfony\\Component\\ErrorHandler\\Error\\FatalError(code: 0): Trait \"Spatie\\Translatable\\HasTranslations\" not found at D:\\qixer\\@core\\app\\GalleryCategory.php:9)
[stacktrace]
#0 {main}
"} 
[2025-02-18 20:10:37] local.ERROR: Trait "Spatie\Translatable\HasTranslations" not found {"exception":"[object] (Symfony\\Component\\ErrorHandler\\Error\\FatalError(code: 0): Trait \"Spatie\\Translatable\\HasTranslations\" not found at D:\\qixer\\@core\\app\\GalleryCategory.php:9)
[stacktrace]
#0 {main}
"} 
[2025-02-18 20:11:37] local.ERROR: Trait "Spatie\Translatable\HasTranslations" not found {"exception":"[object] (Symfony\\Component\\ErrorHandler\\Error\\FatalError(code: 0): Trait \"Spatie\\Translatable\\HasTranslations\" not found at D:\\qixer\\@core\\app\\GalleryCategory.php:9)
[stacktrace]
#0 {main}
"} 
[2025-02-18 20:12:37] local.ERROR: Trait "Spatie\Translatable\HasTranslations" not found {"exception":"[object] (Symfony\\Component\\ErrorHandler\\Error\\FatalError(code: 0): Trait \"Spatie\\Translatable\\HasTranslations\" not found at D:\\qixer\\@core\\app\\GalleryCategory.php:9)
[stacktrace]
#0 {main}
"} 
[2025-02-18 20:13:37] local.ERROR: Trait "Spatie\Translatable\HasTranslations" not found {"exception":"[object] (Symfony\\Component\\ErrorHandler\\Error\\FatalError(code: 0): Trait \"Spatie\\Translatable\\HasTranslations\" not found at D:\\qixer\\@core\\app\\GalleryCategory.php:9)
[stacktrace]
#0 {main}
"} 
[2025-02-18 20:14:37] local.ERROR: Trait "Spatie\Translatable\HasTranslations" not found {"exception":"[object] (Symfony\\Component\\ErrorHandler\\Error\\FatalError(code: 0): Trait \"Spatie\\Translatable\\HasTranslations\" not found at D:\\qixer\\@core\\app\\GalleryCategory.php:9)
[stacktrace]
#0 {main}
"} 
[2025-02-18 20:15:37] local.ERROR: Trait "Spatie\Translatable\HasTranslations" not found {"exception":"[object] (Symfony\\Component\\ErrorHandler\\Error\\FatalError(code: 0): Trait \"Spatie\\Translatable\\HasTranslations\" not found at D:\\qixer\\@core\\app\\GalleryCategory.php:9)
[stacktrace]
#0 {main}
"} 
[2025-02-18 20:16:37] local.ERROR: Trait "Spatie\Translatable\HasTranslations" not found {"exception":"[object] (Symfony\\Component\\ErrorHandler\\Error\\FatalError(code: 0): Trait \"Spatie\\Translatable\\HasTranslations\" not found at D:\\qixer\\@core\\app\\GalleryCategory.php:9)
[stacktrace]
#0 {main}
"} 
[2025-02-18 20:17:38] local.ERROR: Trait "Spatie\Translatable\HasTranslations" not found {"exception":"[object] (Symfony\\Component\\ErrorHandler\\Error\\FatalError(code: 0): Trait \"Spatie\\Translatable\\HasTranslations\" not found at D:\\qixer\\@core\\app\\GalleryCategory.php:9)
[stacktrace]
#0 {main}
"} 
[2025-02-18 20:18:37] local.ERROR: Trait "Spatie\Translatable\HasTranslations" not found {"exception":"[object] (Symfony\\Component\\ErrorHandler\\Error\\FatalError(code: 0): Trait \"Spatie\\Translatable\\HasTranslations\" not found at D:\\qixer\\@core\\app\\GalleryCategory.php:9)
[stacktrace]
#0 {main}
"} 
[2025-02-18 20:19:37] local.ERROR: Trait "Spatie\Translatable\HasTranslations" not found {"exception":"[object] (Symfony\\Component\\ErrorHandler\\Error\\FatalError(code: 0): Trait \"Spatie\\Translatable\\HasTranslations\" not found at D:\\qixer\\@core\\app\\GalleryCategory.php:9)
[stacktrace]
#0 {main}
"} 
[2025-02-18 20:20:37] local.ERROR: Trait "Spatie\Translatable\HasTranslations" not found {"exception":"[object] (Symfony\\Component\\ErrorHandler\\Error\\FatalError(code: 0): Trait \"Spatie\\Translatable\\HasTranslations\" not found at D:\\qixer\\@core\\app\\GalleryCategory.php:9)
[stacktrace]
#0 {main}
"} 
[2025-02-18 20:21:37] local.ERROR: Trait "Spatie\Translatable\HasTranslations" not found {"exception":"[object] (Symfony\\Component\\ErrorHandler\\Error\\FatalError(code: 0): Trait \"Spatie\\Translatable\\HasTranslations\" not found at D:\\qixer\\@core\\app\\GalleryCategory.php:9)
[stacktrace]
#0 {main}
"} 
[2025-02-18 20:22:37] local.ERROR: Trait "Spatie\Translatable\HasTranslations" not found {"exception":"[object] (Symfony\\Component\\ErrorHandler\\Error\\FatalError(code: 0): Trait \"Spatie\\Translatable\\HasTranslations\" not found at D:\\qixer\\@core\\app\\GalleryCategory.php:9)
[stacktrace]
#0 {main}
"} 
[2025-02-18 20:23:37] local.ERROR: Trait "Spatie\Translatable\HasTranslations" not found {"exception":"[object] (Symfony\\Component\\ErrorHandler\\Error\\FatalError(code: 0): Trait \"Spatie\\Translatable\\HasTranslations\" not found at D:\\qixer\\@core\\app\\GalleryCategory.php:9)
[stacktrace]
#0 {main}
"} 
[2025-02-18 20:24:38] local.ERROR: Trait "Spatie\Translatable\HasTranslations" not found {"exception":"[object] (Symfony\\Component\\ErrorHandler\\Error\\FatalError(code: 0): Trait \"Spatie\\Translatable\\HasTranslations\" not found at D:\\qixer\\@core\\app\\GalleryCategory.php:9)
[stacktrace]
#0 {main}
"} 
[2025-02-18 20:25:37] local.ERROR: Trait "Spatie\Translatable\HasTranslations" not found {"exception":"[object] (Symfony\\Component\\ErrorHandler\\Error\\FatalError(code: 0): Trait \"Spatie\\Translatable\\HasTranslations\" not found at D:\\qixer\\@core\\app\\GalleryCategory.php:9)
[stacktrace]
#0 {main}
"} 
[2025-02-18 20:26:38] local.ERROR: Trait "Spatie\Translatable\HasTranslations" not found {"exception":"[object] (Symfony\\Component\\ErrorHandler\\Error\\FatalError(code: 0): Trait \"Spatie\\Translatable\\HasTranslations\" not found at D:\\qixer\\@core\\app\\GalleryCategory.php:9)
[stacktrace]
#0 {main}
"} 
[2025-02-18 20:27:38] local.ERROR: Trait "Spatie\Translatable\HasTranslations" not found {"exception":"[object] (Symfony\\Component\\ErrorHandler\\Error\\FatalError(code: 0): Trait \"Spatie\\Translatable\\HasTranslations\" not found at D:\\qixer\\@core\\app\\GalleryCategory.php:9)
[stacktrace]
#0 {main}
"} 
[2025-02-18 20:28:38] local.ERROR: Trait "Spatie\Translatable\HasTranslations" not found {"exception":"[object] (Symfony\\Component\\ErrorHandler\\Error\\FatalError(code: 0): Trait \"Spatie\\Translatable\\HasTranslations\" not found at D:\\qixer\\@core\\app\\GalleryCategory.php:9)
[stacktrace]
#0 {main}
"} 
[2025-02-18 20:29:38] local.ERROR: Trait "Spatie\Translatable\HasTranslations" not found {"exception":"[object] (Symfony\\Component\\ErrorHandler\\Error\\FatalError(code: 0): Trait \"Spatie\\Translatable\\HasTranslations\" not found at D:\\qixer\\@core\\app\\GalleryCategory.php:9)
[stacktrace]
#0 {main}
"} 
[2025-02-18 20:30:38] local.ERROR: Trait "Spatie\Translatable\HasTranslations" not found {"exception":"[object] (Symfony\\Component\\ErrorHandler\\Error\\FatalError(code: 0): Trait \"Spatie\\Translatable\\HasTranslations\" not found at D:\\qixer\\@core\\app\\GalleryCategory.php:9)
[stacktrace]
#0 {main}
"} 
[2025-02-18 20:31:38] local.ERROR: Trait "Spatie\Translatable\HasTranslations" not found {"exception":"[object] (Symfony\\Component\\ErrorHandler\\Error\\FatalError(code: 0): Trait \"Spatie\\Translatable\\HasTranslations\" not found at D:\\qixer\\@core\\app\\GalleryCategory.php:9)
[stacktrace]
#0 {main}
"} 
[2025-02-18 20:32:38] local.ERROR: Trait "Spatie\Translatable\HasTranslations" not found {"exception":"[object] (Symfony\\Component\\ErrorHandler\\Error\\FatalError(code: 0): Trait \"Spatie\\Translatable\\HasTranslations\" not found at D:\\qixer\\@core\\app\\GalleryCategory.php:9)
[stacktrace]
#0 {main}
"} 
[2025-02-18 20:33:38] local.ERROR: Trait "Spatie\Translatable\HasTranslations" not found {"exception":"[object] (Symfony\\Component\\ErrorHandler\\Error\\FatalError(code: 0): Trait \"Spatie\\Translatable\\HasTranslations\" not found at D:\\qixer\\@core\\app\\GalleryCategory.php:9)
[stacktrace]
#0 {main}
"} 
[2025-02-18 20:34:38] local.ERROR: Trait "Spatie\Translatable\HasTranslations" not found {"exception":"[object] (Symfony\\Component\\ErrorHandler\\Error\\FatalError(code: 0): Trait \"Spatie\\Translatable\\HasTranslations\" not found at D:\\qixer\\@core\\app\\GalleryCategory.php:9)
[stacktrace]
#0 {main}
"} 
[2025-02-18 20:35:38] local.ERROR: Trait "Spatie\Translatable\HasTranslations" not found {"exception":"[object] (Symfony\\Component\\ErrorHandler\\Error\\FatalError(code: 0): Trait \"Spatie\\Translatable\\HasTranslations\" not found at D:\\qixer\\@core\\app\\GalleryCategory.php:9)
[stacktrace]
#0 {main}
"} 
[2025-02-18 20:36:38] local.ERROR: Trait "Spatie\Translatable\HasTranslations" not found {"exception":"[object] (Symfony\\Component\\ErrorHandler\\Error\\FatalError(code: 0): Trait \"Spatie\\Translatable\\HasTranslations\" not found at D:\\qixer\\@core\\app\\GalleryCategory.php:9)
[stacktrace]
#0 {main}
"} 
[2025-02-18 20:37:38] local.ERROR: Trait "Spatie\Translatable\HasTranslations" not found {"exception":"[object] (Symfony\\Component\\ErrorHandler\\Error\\FatalError(code: 0): Trait \"Spatie\\Translatable\\HasTranslations\" not found at D:\\qixer\\@core\\app\\GalleryCategory.php:9)
[stacktrace]
#0 {main}
"} 
[2025-02-18 20:38:38] local.ERROR: Trait "Spatie\Translatable\HasTranslations" not found {"exception":"[object] (Symfony\\Component\\ErrorHandler\\Error\\FatalError(code: 0): Trait \"Spatie\\Translatable\\HasTranslations\" not found at D:\\qixer\\@core\\app\\GalleryCategory.php:9)
[stacktrace]
#0 {main}
"} 
[2025-02-18 20:39:38] local.ERROR: Trait "Spatie\Translatable\HasTranslations" not found {"exception":"[object] (Symfony\\Component\\ErrorHandler\\Error\\FatalError(code: 0): Trait \"Spatie\\Translatable\\HasTranslations\" not found at D:\\qixer\\@core\\app\\GalleryCategory.php:9)
[stacktrace]
#0 {main}
"} 
[2025-02-18 20:40:38] local.ERROR: Trait "Spatie\Translatable\HasTranslations" not found {"exception":"[object] (Symfony\\Component\\ErrorHandler\\Error\\FatalError(code: 0): Trait \"Spatie\\Translatable\\HasTranslations\" not found at D:\\qixer\\@core\\app\\GalleryCategory.php:9)
[stacktrace]
#0 {main}
"} 
[2025-02-18 20:41:38] local.ERROR: Trait "Spatie\Translatable\HasTranslations" not found {"exception":"[object] (Symfony\\Component\\ErrorHandler\\Error\\FatalError(code: 0): Trait \"Spatie\\Translatable\\HasTranslations\" not found at D:\\qixer\\@core\\app\\GalleryCategory.php:9)
[stacktrace]
#0 {main}
"} 
[2025-02-18 20:42:38] local.ERROR: Trait "Spatie\Translatable\HasTranslations" not found {"exception":"[object] (Symfony\\Component\\ErrorHandler\\Error\\FatalError(code: 0): Trait \"Spatie\\Translatable\\HasTranslations\" not found at D:\\qixer\\@core\\app\\GalleryCategory.php:9)
[stacktrace]
#0 {main}
"} 
[2025-02-18 20:43:38] local.ERROR: Trait "Spatie\Translatable\HasTranslations" not found {"exception":"[object] (Symfony\\Component\\ErrorHandler\\Error\\FatalError(code: 0): Trait \"Spatie\\Translatable\\HasTranslations\" not found at D:\\qixer\\@core\\app\\GalleryCategory.php:9)
[stacktrace]
#0 {main}
"} 
[2025-02-18 20:44:38] local.ERROR: Trait "Spatie\Translatable\HasTranslations" not found {"exception":"[object] (Symfony\\Component\\ErrorHandler\\Error\\FatalError(code: 0): Trait \"Spatie\\Translatable\\HasTranslations\" not found at D:\\qixer\\@core\\app\\GalleryCategory.php:9)
[stacktrace]
#0 {main}
"} 
[2025-02-18 20:45:38] local.ERROR: Trait "Spatie\Translatable\HasTranslations" not found {"exception":"[object] (Symfony\\Component\\ErrorHandler\\Error\\FatalError(code: 0): Trait \"Spatie\\Translatable\\HasTranslations\" not found at D:\\qixer\\@core\\app\\GalleryCategory.php:9)
[stacktrace]
#0 {main}
"} 
[2025-02-18 20:46:38] local.ERROR: Trait "Spatie\Translatable\HasTranslations" not found {"exception":"[object] (Symfony\\Component\\ErrorHandler\\Error\\FatalError(code: 0): Trait \"Spatie\\Translatable\\HasTranslations\" not found at D:\\qixer\\@core\\app\\GalleryCategory.php:9)
[stacktrace]
#0 {main}
"} 
[2025-02-18 20:47:38] local.ERROR: Trait "Spatie\Translatable\HasTranslations" not found {"exception":"[object] (Symfony\\Component\\ErrorHandler\\Error\\FatalError(code: 0): Trait \"Spatie\\Translatable\\HasTranslations\" not found at D:\\qixer\\@core\\app\\GalleryCategory.php:9)
[stacktrace]
#0 {main}
"} 
[2025-02-18 20:48:38] local.ERROR: Trait "Spatie\Translatable\HasTranslations" not found {"exception":"[object] (Symfony\\Component\\ErrorHandler\\Error\\FatalError(code: 0): Trait \"Spatie\\Translatable\\HasTranslations\" not found at D:\\qixer\\@core\\app\\GalleryCategory.php:9)
[stacktrace]
#0 {main}
"} 
[2025-02-18 20:49:38] local.ERROR: Trait "Spatie\Translatable\HasTranslations" not found {"exception":"[object] (Symfony\\Component\\ErrorHandler\\Error\\FatalError(code: 0): Trait \"Spatie\\Translatable\\HasTranslations\" not found at D:\\qixer\\@core\\app\\GalleryCategory.php:9)
[stacktrace]
#0 {main}
"} 
[2025-02-18 20:50:38] local.ERROR: Trait "Spatie\Translatable\HasTranslations" not found {"exception":"[object] (Symfony\\Component\\ErrorHandler\\Error\\FatalError(code: 0): Trait \"Spatie\\Translatable\\HasTranslations\" not found at D:\\qixer\\@core\\app\\GalleryCategory.php:9)
[stacktrace]
#0 {main}
"} 
[2025-02-18 20:51:38] local.ERROR: Trait "Spatie\Translatable\HasTranslations" not found {"exception":"[object] (Symfony\\Component\\ErrorHandler\\Error\\FatalError(code: 0): Trait \"Spatie\\Translatable\\HasTranslations\" not found at D:\\qixer\\@core\\app\\GalleryCategory.php:9)
[stacktrace]
#0 {main}
"} 
[2025-02-18 20:52:38] local.ERROR: Trait "Spatie\Translatable\HasTranslations" not found {"exception":"[object] (Symfony\\Component\\ErrorHandler\\Error\\FatalError(code: 0): Trait \"Spatie\\Translatable\\HasTranslations\" not found at D:\\qixer\\@core\\app\\GalleryCategory.php:9)
[stacktrace]
#0 {main}
"} 
[2025-02-18 20:53:38] local.ERROR: Trait "Spatie\Translatable\HasTranslations" not found {"exception":"[object] (Symfony\\Component\\ErrorHandler\\Error\\FatalError(code: 0): Trait \"Spatie\\Translatable\\HasTranslations\" not found at D:\\qixer\\@core\\app\\GalleryCategory.php:9)
[stacktrace]
#0 {main}
"} 
[2025-02-18 20:54:38] local.ERROR: Trait "Spatie\Translatable\HasTranslations" not found {"exception":"[object] (Symfony\\Component\\ErrorHandler\\Error\\FatalError(code: 0): Trait \"Spatie\\Translatable\\HasTranslations\" not found at D:\\qixer\\@core\\app\\GalleryCategory.php:9)
[stacktrace]
#0 {main}
"} 
[2025-02-18 20:58:29] local.ERROR: Trait "Spatie\Translatable\HasTranslations" not found {"exception":"[object] (Symfony\\Component\\ErrorHandler\\Error\\FatalError(code: 0): Trait \"Spatie\\Translatable\\HasTranslations\" not found at D:\\qixer\\@core\\app\\GalleryCategory.php:9)
[stacktrace]
#0 {main}
"} 
[2025-02-18 20:59:25] local.ERROR: Trait "Spatie\Translatable\HasTranslations" not found {"exception":"[object] (Symfony\\Component\\ErrorHandler\\Error\\FatalError(code: 0): Trait \"Spatie\\Translatable\\HasTranslations\" not found at D:\\qixer\\@core\\app\\GalleryCategory.php:9)
[stacktrace]
#0 {main}
"} 
[2025-02-18 21:00:25] local.ERROR: Trait "Spatie\Translatable\HasTranslations" not found {"exception":"[object] (Symfony\\Component\\ErrorHandler\\Error\\FatalError(code: 0): Trait \"Spatie\\Translatable\\HasTranslations\" not found at D:\\qixer\\@core\\app\\GalleryCategory.php:9)
[stacktrace]
#0 {main}
"} 
[2025-02-18 21:01:25] local.ERROR: Trait "Spatie\Translatable\HasTranslations" not found {"exception":"[object] (Symfony\\Component\\ErrorHandler\\Error\\FatalError(code: 0): Trait \"Spatie\\Translatable\\HasTranslations\" not found at D:\\qixer\\@core\\app\\GalleryCategory.php:9)
[stacktrace]
#0 {main}
"} 
[2025-02-18 21:02:25] local.ERROR: Trait "Spatie\Translatable\HasTranslations" not found {"exception":"[object] (Symfony\\Component\\ErrorHandler\\Error\\FatalError(code: 0): Trait \"Spatie\\Translatable\\HasTranslations\" not found at D:\\qixer\\@core\\app\\GalleryCategory.php:9)
[stacktrace]
#0 {main}
"} 
[2025-02-18 21:03:25] local.ERROR: Trait "Spatie\Translatable\HasTranslations" not found {"exception":"[object] (Symfony\\Component\\ErrorHandler\\Error\\FatalError(code: 0): Trait \"Spatie\\Translatable\\HasTranslations\" not found at D:\\qixer\\@core\\app\\GalleryCategory.php:9)
[stacktrace]
#0 {main}
"} 
[2025-02-18 21:04:25] local.ERROR: Trait "Spatie\Translatable\HasTranslations" not found {"exception":"[object] (Symfony\\Component\\ErrorHandler\\Error\\FatalError(code: 0): Trait \"Spatie\\Translatable\\HasTranslations\" not found at D:\\qixer\\@core\\app\\GalleryCategory.php:9)
[stacktrace]
#0 {main}
"} 
[2025-02-18 21:05:25] local.ERROR: Trait "Spatie\Translatable\HasTranslations" not found {"exception":"[object] (Symfony\\Component\\ErrorHandler\\Error\\FatalError(code: 0): Trait \"Spatie\\Translatable\\HasTranslations\" not found at D:\\qixer\\@core\\app\\GalleryCategory.php:9)
[stacktrace]
#0 {main}
"} 
[2025-02-18 21:06:25] local.ERROR: Trait "Spatie\Translatable\HasTranslations" not found {"exception":"[object] (Symfony\\Component\\ErrorHandler\\Error\\FatalError(code: 0): Trait \"Spatie\\Translatable\\HasTranslations\" not found at D:\\qixer\\@core\\app\\GalleryCategory.php:9)
[stacktrace]
#0 {main}
"} 
[2025-02-18 21:07:25] local.ERROR: Trait "Spatie\Translatable\HasTranslations" not found {"exception":"[object] (Symfony\\Component\\ErrorHandler\\Error\\FatalError(code: 0): Trait \"Spatie\\Translatable\\HasTranslations\" not found at D:\\qixer\\@core\\app\\GalleryCategory.php:9)
[stacktrace]
#0 {main}
"} 
[2025-02-18 21:08:25] local.ERROR: Trait "Spatie\Translatable\HasTranslations" not found {"exception":"[object] (Symfony\\Component\\ErrorHandler\\Error\\FatalError(code: 0): Trait \"Spatie\\Translatable\\HasTranslations\" not found at D:\\qixer\\@core\\app\\GalleryCategory.php:9)
[stacktrace]
#0 {main}
"} 
[2025-02-18 21:09:25] local.ERROR: Trait "Spatie\Translatable\HasTranslations" not found {"exception":"[object] (Symfony\\Component\\ErrorHandler\\Error\\FatalError(code: 0): Trait \"Spatie\\Translatable\\HasTranslations\" not found at D:\\qixer\\@core\\app\\GalleryCategory.php:9)
[stacktrace]
#0 {main}
"} 
[2025-02-18 21:10:25] local.ERROR: Trait "Spatie\Translatable\HasTranslations" not found {"exception":"[object] (Symfony\\Component\\ErrorHandler\\Error\\FatalError(code: 0): Trait \"Spatie\\Translatable\\HasTranslations\" not found at D:\\qixer\\@core\\app\\GalleryCategory.php:9)
[stacktrace]
#0 {main}
"} 
[2025-02-18 21:11:25] local.ERROR: Trait "Spatie\Translatable\HasTranslations" not found {"exception":"[object] (Symfony\\Component\\ErrorHandler\\Error\\FatalError(code: 0): Trait \"Spatie\\Translatable\\HasTranslations\" not found at D:\\qixer\\@core\\app\\GalleryCategory.php:9)
[stacktrace]
#0 {main}
"} 
[2025-02-18 21:12:25] local.ERROR: Trait "Spatie\Translatable\HasTranslations" not found {"exception":"[object] (Symfony\\Component\\ErrorHandler\\Error\\FatalError(code: 0): Trait \"Spatie\\Translatable\\HasTranslations\" not found at D:\\qixer\\@core\\app\\GalleryCategory.php:9)
[stacktrace]
#0 {main}
"} 
[2025-02-18 21:13:59] local.ERROR: Trait "Spatie\Translatable\HasTranslations" not found {"exception":"[object] (Symfony\\Component\\ErrorHandler\\Error\\FatalError(code: 0): Trait \"Spatie\\Translatable\\HasTranslations\" not found at D:\\qixer\\@core\\app\\GalleryCategory.php:9)
[stacktrace]
#0 {main}
"} 
[2025-02-18 21:14:25] local.ERROR: Trait "Spatie\Translatable\HasTranslations" not found {"exception":"[object] (Symfony\\Component\\ErrorHandler\\Error\\FatalError(code: 0): Trait \"Spatie\\Translatable\\HasTranslations\" not found at D:\\qixer\\@core\\app\\GalleryCategory.php:9)
[stacktrace]
#0 {main}
"} 
[2025-02-18 21:15:25] local.ERROR: Trait "Spatie\Translatable\HasTranslations" not found {"exception":"[object] (Symfony\\Component\\ErrorHandler\\Error\\FatalError(code: 0): Trait \"Spatie\\Translatable\\HasTranslations\" not found at D:\\qixer\\@core\\app\\GalleryCategory.php:9)
[stacktrace]
#0 {main}
"} 
[2025-02-18 21:16:25] local.ERROR: Trait "Spatie\Translatable\HasTranslations" not found {"exception":"[object] (Symfony\\Component\\ErrorHandler\\Error\\FatalError(code: 0): Trait \"Spatie\\Translatable\\HasTranslations\" not found at D:\\qixer\\@core\\app\\GalleryCategory.php:9)
[stacktrace]
#0 {main}
"} 
[2025-02-18 21:17:25] local.ERROR: Trait "Spatie\Translatable\HasTranslations" not found {"exception":"[object] (Symfony\\Component\\ErrorHandler\\Error\\FatalError(code: 0): Trait \"Spatie\\Translatable\\HasTranslations\" not found at D:\\qixer\\@core\\app\\GalleryCategory.php:9)
[stacktrace]
#0 {main}
"} 
[2025-02-18 21:18:25] local.ERROR: Trait "Spatie\Translatable\HasTranslations" not found {"exception":"[object] (Symfony\\Component\\ErrorHandler\\Error\\FatalError(code: 0): Trait \"Spatie\\Translatable\\HasTranslations\" not found at D:\\qixer\\@core\\app\\GalleryCategory.php:9)
[stacktrace]
#0 {main}
"} 
[2025-02-18 21:19:25] local.ERROR: Trait "Spatie\Translatable\HasTranslations" not found {"exception":"[object] (Symfony\\Component\\ErrorHandler\\Error\\FatalError(code: 0): Trait \"Spatie\\Translatable\\HasTranslations\" not found at D:\\qixer\\@core\\app\\GalleryCategory.php:9)
[stacktrace]
#0 {main}
"} 
[2025-02-18 21:20:25] local.ERROR: Trait "Spatie\Translatable\HasTranslations" not found {"exception":"[object] (Symfony\\Component\\ErrorHandler\\Error\\FatalError(code: 0): Trait \"Spatie\\Translatable\\HasTranslations\" not found at D:\\qixer\\@core\\app\\GalleryCategory.php:9)
[stacktrace]
#0 {main}
"} 
[2025-02-18 21:21:25] local.ERROR: Trait "Spatie\Translatable\HasTranslations" not found {"exception":"[object] (Symfony\\Component\\ErrorHandler\\Error\\FatalError(code: 0): Trait \"Spatie\\Translatable\\HasTranslations\" not found at D:\\qixer\\@core\\app\\GalleryCategory.php:9)
[stacktrace]
#0 {main}
"} 
[2025-02-18 21:22:25] local.ERROR: Trait "Spatie\Translatable\HasTranslations" not found {"exception":"[object] (Symfony\\Component\\ErrorHandler\\Error\\FatalError(code: 0): Trait \"Spatie\\Translatable\\HasTranslations\" not found at D:\\qixer\\@core\\app\\GalleryCategory.php:9)
[stacktrace]
#0 {main}
"} 
[2025-02-18 21:23:25] local.ERROR: Trait "Spatie\Translatable\HasTranslations" not found {"exception":"[object] (Symfony\\Component\\ErrorHandler\\Error\\FatalError(code: 0): Trait \"Spatie\\Translatable\\HasTranslations\" not found at D:\\qixer\\@core\\app\\GalleryCategory.php:9)
[stacktrace]
#0 {main}
"} 
[2025-02-18 21:24:25] local.ERROR: Trait "Spatie\Translatable\HasTranslations" not found {"exception":"[object] (Symfony\\Component\\ErrorHandler\\Error\\FatalError(code: 0): Trait \"Spatie\\Translatable\\HasTranslations\" not found at D:\\qixer\\@core\\app\\GalleryCategory.php:9)
[stacktrace]
#0 {main}
"} 
[2025-02-18 21:25:25] local.ERROR: Trait "Spatie\Translatable\HasTranslations" not found {"exception":"[object] (Symfony\\Component\\ErrorHandler\\Error\\FatalError(code: 0): Trait \"Spatie\\Translatable\\HasTranslations\" not found at D:\\qixer\\@core\\app\\GalleryCategory.php:9)
[stacktrace]
#0 {main}
"} 
[2025-02-18 21:26:25] local.ERROR: Trait "Spatie\Translatable\HasTranslations" not found {"exception":"[object] (Symfony\\Component\\ErrorHandler\\Error\\FatalError(code: 0): Trait \"Spatie\\Translatable\\HasTranslations\" not found at D:\\qixer\\@core\\app\\GalleryCategory.php:9)
[stacktrace]
#0 {main}
"} 
[2025-02-18 21:27:26] local.ERROR: Trait "Spatie\Translatable\HasTranslations" not found {"exception":"[object] (Symfony\\Component\\ErrorHandler\\Error\\FatalError(code: 0): Trait \"Spatie\\Translatable\\HasTranslations\" not found at D:\\qixer\\@core\\app\\GalleryCategory.php:9)
[stacktrace]
#0 {main}
"} 
[2025-02-18 21:28:25] local.ERROR: Trait "Spatie\Translatable\HasTranslations" not found {"exception":"[object] (Symfony\\Component\\ErrorHandler\\Error\\FatalError(code: 0): Trait \"Spatie\\Translatable\\HasTranslations\" not found at D:\\qixer\\@core\\app\\GalleryCategory.php:9)
[stacktrace]
#0 {main}
"} 
[2025-02-18 21:29:25] local.ERROR: Trait "Spatie\Translatable\HasTranslations" not found {"exception":"[object] (Symfony\\Component\\ErrorHandler\\Error\\FatalError(code: 0): Trait \"Spatie\\Translatable\\HasTranslations\" not found at D:\\qixer\\@core\\app\\GalleryCategory.php:9)
[stacktrace]
#0 {main}
"} 
[2025-02-18 21:30:25] local.ERROR: Trait "Spatie\Translatable\HasTranslations" not found {"exception":"[object] (Symfony\\Component\\ErrorHandler\\Error\\FatalError(code: 0): Trait \"Spatie\\Translatable\\HasTranslations\" not found at D:\\qixer\\@core\\app\\GalleryCategory.php:9)
[stacktrace]
#0 {main}
"} 
[2025-02-18 21:31:25] local.ERROR: Trait "Spatie\Translatable\HasTranslations" not found {"exception":"[object] (Symfony\\Component\\ErrorHandler\\Error\\FatalError(code: 0): Trait \"Spatie\\Translatable\\HasTranslations\" not found at D:\\qixer\\@core\\app\\GalleryCategory.php:9)
[stacktrace]
#0 {main}
"} 
[2025-02-18 21:32:25] local.ERROR: Trait "Spatie\Translatable\HasTranslations" not found {"exception":"[object] (Symfony\\Component\\ErrorHandler\\Error\\FatalError(code: 0): Trait \"Spatie\\Translatable\\HasTranslations\" not found at D:\\qixer\\@core\\app\\GalleryCategory.php:9)
[stacktrace]
#0 {main}
"} 
[2025-02-18 21:33:25] local.ERROR: Trait "Spatie\Translatable\HasTranslations" not found {"exception":"[object] (Symfony\\Component\\ErrorHandler\\Error\\FatalError(code: 0): Trait \"Spatie\\Translatable\\HasTranslations\" not found at D:\\qixer\\@core\\app\\GalleryCategory.php:9)
[stacktrace]
#0 {main}
"} 
[2025-02-18 21:34:25] local.ERROR: Trait "Spatie\Translatable\HasTranslations" not found {"exception":"[object] (Symfony\\Component\\ErrorHandler\\Error\\FatalError(code: 0): Trait \"Spatie\\Translatable\\HasTranslations\" not found at D:\\qixer\\@core\\app\\GalleryCategory.php:9)
[stacktrace]
#0 {main}
"} 
[2025-02-18 21:35:25] local.ERROR: Trait "Spatie\Translatable\HasTranslations" not found {"exception":"[object] (Symfony\\Component\\ErrorHandler\\Error\\FatalError(code: 0): Trait \"Spatie\\Translatable\\HasTranslations\" not found at D:\\qixer\\@core\\app\\GalleryCategory.php:9)
[stacktrace]
#0 {main}
"} 
[2025-02-18 21:36:25] local.ERROR: Trait "Spatie\Translatable\HasTranslations" not found {"exception":"[object] (Symfony\\Component\\ErrorHandler\\Error\\FatalError(code: 0): Trait \"Spatie\\Translatable\\HasTranslations\" not found at D:\\qixer\\@core\\app\\GalleryCategory.php:9)
[stacktrace]
#0 {main}
"} 
[2025-02-18 21:37:25] local.ERROR: Trait "Spatie\Translatable\HasTranslations" not found {"exception":"[object] (Symfony\\Component\\ErrorHandler\\Error\\FatalError(code: 0): Trait \"Spatie\\Translatable\\HasTranslations\" not found at D:\\qixer\\@core\\app\\GalleryCategory.php:9)
[stacktrace]
#0 {main}
"} 
[2025-02-18 21:38:26] local.ERROR: Trait "Spatie\Translatable\HasTranslations" not found {"exception":"[object] (Symfony\\Component\\ErrorHandler\\Error\\FatalError(code: 0): Trait \"Spatie\\Translatable\\HasTranslations\" not found at D:\\qixer\\@core\\app\\GalleryCategory.php:9)
[stacktrace]
#0 {main}
"} 
[2025-02-18 21:39:27] local.ERROR: Trait "Spatie\Translatable\HasTranslations" not found {"exception":"[object] (Symfony\\Component\\ErrorHandler\\Error\\FatalError(code: 0): Trait \"Spatie\\Translatable\\HasTranslations\" not found at D:\\qixer\\@core\\app\\GalleryCategory.php:9)
[stacktrace]
#0 {main}
"} 
[2025-02-18 21:40:26] local.ERROR: Trait "Spatie\Translatable\HasTranslations" not found {"exception":"[object] (Symfony\\Component\\ErrorHandler\\Error\\FatalError(code: 0): Trait \"Spatie\\Translatable\\HasTranslations\" not found at D:\\qixer\\@core\\app\\GalleryCategory.php:9)
[stacktrace]
#0 {main}
"} 
[2025-02-18 21:41:25] local.ERROR: Trait "Spatie\Translatable\HasTranslations" not found {"exception":"[object] (Symfony\\Component\\ErrorHandler\\Error\\FatalError(code: 0): Trait \"Spatie\\Translatable\\HasTranslations\" not found at D:\\qixer\\@core\\app\\GalleryCategory.php:9)
[stacktrace]
#0 {main}
"} 
[2025-02-18 21:42:25] local.ERROR: Trait "Spatie\Translatable\HasTranslations" not found {"exception":"[object] (Symfony\\Component\\ErrorHandler\\Error\\FatalError(code: 0): Trait \"Spatie\\Translatable\\HasTranslations\" not found at D:\\qixer\\@core\\app\\GalleryCategory.php:9)
[stacktrace]
#0 {main}
"} 
[2025-02-18 21:43:25] local.ERROR: Trait "Spatie\Translatable\HasTranslations" not found {"exception":"[object] (Symfony\\Component\\ErrorHandler\\Error\\FatalError(code: 0): Trait \"Spatie\\Translatable\\HasTranslations\" not found at D:\\qixer\\@core\\app\\GalleryCategory.php:9)
[stacktrace]
#0 {main}
"} 
[2025-02-18 21:44:25] local.ERROR: Trait "Spatie\Translatable\HasTranslations" not found {"exception":"[object] (Symfony\\Component\\ErrorHandler\\Error\\FatalError(code: 0): Trait \"Spatie\\Translatable\\HasTranslations\" not found at D:\\qixer\\@core\\app\\GalleryCategory.php:9)
[stacktrace]
#0 {main}
"} 
[2025-02-18 21:45:25] local.ERROR: Trait "Spatie\Translatable\HasTranslations" not found {"exception":"[object] (Symfony\\Component\\ErrorHandler\\Error\\FatalError(code: 0): Trait \"Spatie\\Translatable\\HasTranslations\" not found at D:\\qixer\\@core\\app\\GalleryCategory.php:9)
[stacktrace]
#0 {main}
"} 
[2025-02-18 21:46:25] local.ERROR: Trait "Spatie\Translatable\HasTranslations" not found {"exception":"[object] (Symfony\\Component\\ErrorHandler\\Error\\FatalError(code: 0): Trait \"Spatie\\Translatable\\HasTranslations\" not found at D:\\qixer\\@core\\app\\GalleryCategory.php:9)
[stacktrace]
#0 {main}
"} 
[2025-02-18 21:47:25] local.ERROR: Trait "Spatie\Translatable\HasTranslations" not found {"exception":"[object] (Symfony\\Component\\ErrorHandler\\Error\\FatalError(code: 0): Trait \"Spatie\\Translatable\\HasTranslations\" not found at D:\\qixer\\@core\\app\\GalleryCategory.php:9)
[stacktrace]
#0 {main}
"} 
[2025-02-18 21:48:26] local.ERROR: Trait "Spatie\Translatable\HasTranslations" not found {"exception":"[object] (Symfony\\Component\\ErrorHandler\\Error\\FatalError(code: 0): Trait \"Spatie\\Translatable\\HasTranslations\" not found at D:\\qixer\\@core\\app\\GalleryCategory.php:9)
[stacktrace]
#0 {main}
"} 
[2025-02-18 21:49:26] local.ERROR: Trait "Spatie\Translatable\HasTranslations" not found {"exception":"[object] (Symfony\\Component\\ErrorHandler\\Error\\FatalError(code: 0): Trait \"Spatie\\Translatable\\HasTranslations\" not found at D:\\qixer\\@core\\app\\GalleryCategory.php:9)
[stacktrace]
#0 {main}
"} 
[2025-02-18 21:50:25] local.ERROR: Trait "Spatie\Translatable\HasTranslations" not found {"exception":"[object] (Symfony\\Component\\ErrorHandler\\Error\\FatalError(code: 0): Trait \"Spatie\\Translatable\\HasTranslations\" not found at D:\\qixer\\@core\\app\\GalleryCategory.php:9)
[stacktrace]
#0 {main}
"} 
[2025-02-18 21:51:25] local.ERROR: Trait "Spatie\Translatable\HasTranslations" not found {"exception":"[object] (Symfony\\Component\\ErrorHandler\\Error\\FatalError(code: 0): Trait \"Spatie\\Translatable\\HasTranslations\" not found at D:\\qixer\\@core\\app\\GalleryCategory.php:9)
[stacktrace]
#0 {main}
"} 
[2025-02-18 21:52:26] local.ERROR: Trait "Spatie\Translatable\HasTranslations" not found {"exception":"[object] (Symfony\\Component\\ErrorHandler\\Error\\FatalError(code: 0): Trait \"Spatie\\Translatable\\HasTranslations\" not found at D:\\qixer\\@core\\app\\GalleryCategory.php:9)
[stacktrace]
#0 {main}
"} 
[2025-02-18 21:53:25] local.ERROR: Trait "Spatie\Translatable\HasTranslations" not found {"exception":"[object] (Symfony\\Component\\ErrorHandler\\Error\\FatalError(code: 0): Trait \"Spatie\\Translatable\\HasTranslations\" not found at D:\\qixer\\@core\\app\\GalleryCategory.php:9)
[stacktrace]
#0 {main}
"} 
[2025-02-18 21:54:26] local.ERROR: Trait "Spatie\Translatable\HasTranslations" not found {"exception":"[object] (Symfony\\Component\\ErrorHandler\\Error\\FatalError(code: 0): Trait \"Spatie\\Translatable\\HasTranslations\" not found at D:\\qixer\\@core\\app\\GalleryCategory.php:9)
[stacktrace]
#0 {main}
"} 
[2025-02-18 21:55:25] local.ERROR: Trait "Spatie\Translatable\HasTranslations" not found {"exception":"[object] (Symfony\\Component\\ErrorHandler\\Error\\FatalError(code: 0): Trait \"Spatie\\Translatable\\HasTranslations\" not found at D:\\qixer\\@core\\app\\GalleryCategory.php:9)
[stacktrace]
#0 {main}
"} 
[2025-02-18 21:56:26] local.ERROR: Trait "Spatie\Translatable\HasTranslations" not found {"exception":"[object] (Symfony\\Component\\ErrorHandler\\Error\\FatalError(code: 0): Trait \"Spatie\\Translatable\\HasTranslations\" not found at D:\\qixer\\@core\\app\\GalleryCategory.php:9)
[stacktrace]
#0 {main}
"} 
[2025-02-18 21:57:25] local.ERROR: Trait "Spatie\Translatable\HasTranslations" not found {"exception":"[object] (Symfony\\Component\\ErrorHandler\\Error\\FatalError(code: 0): Trait \"Spatie\\Translatable\\HasTranslations\" not found at D:\\qixer\\@core\\app\\GalleryCategory.php:9)
[stacktrace]
#0 {main}
"} 
[2025-02-18 21:58:26] local.ERROR: Trait "Spatie\Translatable\HasTranslations" not found {"exception":"[object] (Symfony\\Component\\ErrorHandler\\Error\\FatalError(code: 0): Trait \"Spatie\\Translatable\\HasTranslations\" not found at D:\\qixer\\@core\\app\\GalleryCategory.php:9)
[stacktrace]
#0 {main}
"} 
[2025-02-18 21:59:26] local.ERROR: Trait "Spatie\Translatable\HasTranslations" not found {"exception":"[object] (Symfony\\Component\\ErrorHandler\\Error\\FatalError(code: 0): Trait \"Spatie\\Translatable\\HasTranslations\" not found at D:\\qixer\\@core\\app\\GalleryCategory.php:9)
[stacktrace]
#0 {main}
"} 
[2025-02-18 22:00:26] local.ERROR: Trait "Spatie\Translatable\HasTranslations" not found {"exception":"[object] (Symfony\\Component\\ErrorHandler\\Error\\FatalError(code: 0): Trait \"Spatie\\Translatable\\HasTranslations\" not found at D:\\qixer\\@core\\app\\GalleryCategory.php:9)
[stacktrace]
#0 {main}
"} 
[2025-02-18 22:01:26] local.ERROR: Trait "Spatie\Translatable\HasTranslations" not found {"exception":"[object] (Symfony\\Component\\ErrorHandler\\Error\\FatalError(code: 0): Trait \"Spatie\\Translatable\\HasTranslations\" not found at D:\\qixer\\@core\\app\\GalleryCategory.php:9)
[stacktrace]
#0 {main}
"} 
[2025-02-18 22:02:26] local.ERROR: Trait "Spatie\Translatable\HasTranslations" not found {"exception":"[object] (Symfony\\Component\\ErrorHandler\\Error\\FatalError(code: 0): Trait \"Spatie\\Translatable\\HasTranslations\" not found at D:\\qixer\\@core\\app\\GalleryCategory.php:9)
[stacktrace]
#0 {main}
"} 
[2025-02-18 22:03:26] local.ERROR: Trait "Spatie\Translatable\HasTranslations" not found {"exception":"[object] (Symfony\\Component\\ErrorHandler\\Error\\FatalError(code: 0): Trait \"Spatie\\Translatable\\HasTranslations\" not found at D:\\qixer\\@core\\app\\GalleryCategory.php:9)
[stacktrace]
#0 {main}
"} 
[2025-02-18 22:04:26] local.ERROR: Trait "Spatie\Translatable\HasTranslations" not found {"exception":"[object] (Symfony\\Component\\ErrorHandler\\Error\\FatalError(code: 0): Trait \"Spatie\\Translatable\\HasTranslations\" not found at D:\\qixer\\@core\\app\\GalleryCategory.php:9)
[stacktrace]
#0 {main}
"} 
[2025-02-18 22:05:26] local.ERROR: Trait "Spatie\Translatable\HasTranslations" not found {"exception":"[object] (Symfony\\Component\\ErrorHandler\\Error\\FatalError(code: 0): Trait \"Spatie\\Translatable\\HasTranslations\" not found at D:\\qixer\\@core\\app\\GalleryCategory.php:9)
[stacktrace]
#0 {main}
"} 
[2025-02-18 22:06:26] local.ERROR: Trait "Spatie\Translatable\HasTranslations" not found {"exception":"[object] (Symfony\\Component\\ErrorHandler\\Error\\FatalError(code: 0): Trait \"Spatie\\Translatable\\HasTranslations\" not found at D:\\qixer\\@core\\app\\GalleryCategory.php:9)
[stacktrace]
#0 {main}
"} 
[2025-02-18 22:07:26] local.ERROR: Trait "Spatie\Translatable\HasTranslations" not found {"exception":"[object] (Symfony\\Component\\ErrorHandler\\Error\\FatalError(code: 0): Trait \"Spatie\\Translatable\\HasTranslations\" not found at D:\\qixer\\@core\\app\\GalleryCategory.php:9)
[stacktrace]
#0 {main}
"} 
[2025-02-18 22:08:26] local.ERROR: Trait "Spatie\Translatable\HasTranslations" not found {"exception":"[object] (Symfony\\Component\\ErrorHandler\\Error\\FatalError(code: 0): Trait \"Spatie\\Translatable\\HasTranslations\" not found at D:\\qixer\\@core\\app\\GalleryCategory.php:9)
[stacktrace]
#0 {main}
"} 
[2025-02-18 22:09:26] local.ERROR: Trait "Spatie\Translatable\HasTranslations" not found {"exception":"[object] (Symfony\\Component\\ErrorHandler\\Error\\FatalError(code: 0): Trait \"Spatie\\Translatable\\HasTranslations\" not found at D:\\qixer\\@core\\app\\GalleryCategory.php:9)
[stacktrace]
#0 {main}
"} 
[2025-02-18 22:10:26] local.ERROR: Trait "Spatie\Translatable\HasTranslations" not found {"exception":"[object] (Symfony\\Component\\ErrorHandler\\Error\\FatalError(code: 0): Trait \"Spatie\\Translatable\\HasTranslations\" not found at D:\\qixer\\@core\\app\\GalleryCategory.php:9)
[stacktrace]
#0 {main}
"} 
[2025-02-18 22:11:26] local.ERROR: Trait "Spatie\Translatable\HasTranslations" not found {"exception":"[object] (Symfony\\Component\\ErrorHandler\\Error\\FatalError(code: 0): Trait \"Spatie\\Translatable\\HasTranslations\" not found at D:\\qixer\\@core\\app\\GalleryCategory.php:9)
[stacktrace]
#0 {main}
"} 
[2025-02-18 22:12:26] local.ERROR: Trait "Spatie\Translatable\HasTranslations" not found {"exception":"[object] (Symfony\\Component\\ErrorHandler\\Error\\FatalError(code: 0): Trait \"Spatie\\Translatable\\HasTranslations\" not found at D:\\qixer\\@core\\app\\GalleryCategory.php:9)
[stacktrace]
#0 {main}
"} 
[2025-02-18 22:13:26] local.ERROR: Trait "Spatie\Translatable\HasTranslations" not found {"exception":"[object] (Symfony\\Component\\ErrorHandler\\Error\\FatalError(code: 0): Trait \"Spatie\\Translatable\\HasTranslations\" not found at D:\\qixer\\@core\\app\\GalleryCategory.php:9)
[stacktrace]
#0 {main}
"} 
[2025-02-18 22:14:26] local.ERROR: Trait "Spatie\Translatable\HasTranslations" not found {"exception":"[object] (Symfony\\Component\\ErrorHandler\\Error\\FatalError(code: 0): Trait \"Spatie\\Translatable\\HasTranslations\" not found at D:\\qixer\\@core\\app\\GalleryCategory.php:9)
[stacktrace]
#0 {main}
"} 
[2025-02-18 22:15:26] local.ERROR: Trait "Spatie\Translatable\HasTranslations" not found {"exception":"[object] (Symfony\\Component\\ErrorHandler\\Error\\FatalError(code: 0): Trait \"Spatie\\Translatable\\HasTranslations\" not found at D:\\qixer\\@core\\app\\GalleryCategory.php:9)
[stacktrace]
#0 {main}
"} 
[2025-02-18 22:16:26] local.ERROR: Trait "Spatie\Translatable\HasTranslations" not found {"exception":"[object] (Symfony\\Component\\ErrorHandler\\Error\\FatalError(code: 0): Trait \"Spatie\\Translatable\\HasTranslations\" not found at D:\\qixer\\@core\\app\\GalleryCategory.php:9)
[stacktrace]
#0 {main}
"} 
[2025-02-18 22:17:26] local.ERROR: Trait "Spatie\Translatable\HasTranslations" not found {"exception":"[object] (Symfony\\Component\\ErrorHandler\\Error\\FatalError(code: 0): Trait \"Spatie\\Translatable\\HasTranslations\" not found at D:\\qixer\\@core\\app\\GalleryCategory.php:9)
[stacktrace]
#0 {main}
"} 
[2025-02-18 22:18:26] local.ERROR: Trait "Spatie\Translatable\HasTranslations" not found {"exception":"[object] (Symfony\\Component\\ErrorHandler\\Error\\FatalError(code: 0): Trait \"Spatie\\Translatable\\HasTranslations\" not found at D:\\qixer\\@core\\app\\GalleryCategory.php:9)
[stacktrace]
#0 {main}
"} 
[2025-02-18 22:19:26] local.ERROR: Trait "Spatie\Translatable\HasTranslations" not found {"exception":"[object] (Symfony\\Component\\ErrorHandler\\Error\\FatalError(code: 0): Trait \"Spatie\\Translatable\\HasTranslations\" not found at D:\\qixer\\@core\\app\\GalleryCategory.php:9)
[stacktrace]
#0 {main}
"} 
[2025-02-18 22:20:26] local.ERROR: Trait "Spatie\Translatable\HasTranslations" not found {"exception":"[object] (Symfony\\Component\\ErrorHandler\\Error\\FatalError(code: 0): Trait \"Spatie\\Translatable\\HasTranslations\" not found at D:\\qixer\\@core\\app\\GalleryCategory.php:9)
[stacktrace]
#0 {main}
"} 
[2025-02-18 22:21:26] local.ERROR: Trait "Spatie\Translatable\HasTranslations" not found {"exception":"[object] (Symfony\\Component\\ErrorHandler\\Error\\FatalError(code: 0): Trait \"Spatie\\Translatable\\HasTranslations\" not found at D:\\qixer\\@core\\app\\GalleryCategory.php:9)
[stacktrace]
#0 {main}
"} 
[2025-02-18 22:22:26] local.ERROR: Trait "Spatie\Translatable\HasTranslations" not found {"exception":"[object] (Symfony\\Component\\ErrorHandler\\Error\\FatalError(code: 0): Trait \"Spatie\\Translatable\\HasTranslations\" not found at D:\\qixer\\@core\\app\\GalleryCategory.php:9)
[stacktrace]
#0 {main}
"} 
[2025-02-18 22:23:26] local.ERROR: Trait "Spatie\Translatable\HasTranslations" not found {"exception":"[object] (Symfony\\Component\\ErrorHandler\\Error\\FatalError(code: 0): Trait \"Spatie\\Translatable\\HasTranslations\" not found at D:\\qixer\\@core\\app\\GalleryCategory.php:9)
[stacktrace]
#0 {main}
"} 
[2025-02-18 22:24:26] local.ERROR: Trait "Spatie\Translatable\HasTranslations" not found {"exception":"[object] (Symfony\\Component\\ErrorHandler\\Error\\FatalError(code: 0): Trait \"Spatie\\Translatable\\HasTranslations\" not found at D:\\qixer\\@core\\app\\GalleryCategory.php:9)
[stacktrace]
#0 {main}
"} 
[2025-02-18 22:25:26] local.ERROR: Trait "Spatie\Translatable\HasTranslations" not found {"exception":"[object] (Symfony\\Component\\ErrorHandler\\Error\\FatalError(code: 0): Trait \"Spatie\\Translatable\\HasTranslations\" not found at D:\\qixer\\@core\\app\\GalleryCategory.php:9)
[stacktrace]
#0 {main}
"} 
[2025-02-18 22:26:26] local.ERROR: Trait "Spatie\Translatable\HasTranslations" not found {"exception":"[object] (Symfony\\Component\\ErrorHandler\\Error\\FatalError(code: 0): Trait \"Spatie\\Translatable\\HasTranslations\" not found at D:\\qixer\\@core\\app\\GalleryCategory.php:9)
[stacktrace]
#0 {main}
"} 
[2025-02-18 22:27:26] local.ERROR: Trait "Spatie\Translatable\HasTranslations" not found {"exception":"[object] (Symfony\\Component\\ErrorHandler\\Error\\FatalError(code: 0): Trait \"Spatie\\Translatable\\HasTranslations\" not found at D:\\qixer\\@core\\app\\GalleryCategory.php:9)
[stacktrace]
#0 {main}
"} 
[2025-02-18 22:28:26] local.ERROR: Trait "Spatie\Translatable\HasTranslations" not found {"exception":"[object] (Symfony\\Component\\ErrorHandler\\Error\\FatalError(code: 0): Trait \"Spatie\\Translatable\\HasTranslations\" not found at D:\\qixer\\@core\\app\\GalleryCategory.php:9)
[stacktrace]
#0 {main}
"} 
[2025-02-18 22:29:26] local.ERROR: Trait "Spatie\Translatable\HasTranslations" not found {"exception":"[object] (Symfony\\Component\\ErrorHandler\\Error\\FatalError(code: 0): Trait \"Spatie\\Translatable\\HasTranslations\" not found at D:\\qixer\\@core\\app\\GalleryCategory.php:9)
[stacktrace]
#0 {main}
"} 
[2025-02-18 22:30:26] local.ERROR: Trait "Spatie\Translatable\HasTranslations" not found {"exception":"[object] (Symfony\\Component\\ErrorHandler\\Error\\FatalError(code: 0): Trait \"Spatie\\Translatable\\HasTranslations\" not found at D:\\qixer\\@core\\app\\GalleryCategory.php:9)
[stacktrace]
#0 {main}
"} 
[2025-02-18 22:31:26] local.ERROR: Trait "Spatie\Translatable\HasTranslations" not found {"exception":"[object] (Symfony\\Component\\ErrorHandler\\Error\\FatalError(code: 0): Trait \"Spatie\\Translatable\\HasTranslations\" not found at D:\\qixer\\@core\\app\\GalleryCategory.php:9)
[stacktrace]
#0 {main}
"} 
[2025-02-18 22:32:26] local.ERROR: Trait "Spatie\Translatable\HasTranslations" not found {"exception":"[object] (Symfony\\Component\\ErrorHandler\\Error\\FatalError(code: 0): Trait \"Spatie\\Translatable\\HasTranslations\" not found at D:\\qixer\\@core\\app\\GalleryCategory.php:9)
[stacktrace]
#0 {main}
"} 
[2025-02-18 22:33:26] local.ERROR: Trait "Spatie\Translatable\HasTranslations" not found {"exception":"[object] (Symfony\\Component\\ErrorHandler\\Error\\FatalError(code: 0): Trait \"Spatie\\Translatable\\HasTranslations\" not found at D:\\qixer\\@core\\app\\GalleryCategory.php:9)
[stacktrace]
#0 {main}
"} 
[2025-02-18 22:34:26] local.ERROR: Trait "Spatie\Translatable\HasTranslations" not found {"exception":"[object] (Symfony\\Component\\ErrorHandler\\Error\\FatalError(code: 0): Trait \"Spatie\\Translatable\\HasTranslations\" not found at D:\\qixer\\@core\\app\\GalleryCategory.php:9)
[stacktrace]
#0 {main}
"} 
[2025-02-18 22:35:26] local.ERROR: Trait "Spatie\Translatable\HasTranslations" not found {"exception":"[object] (Symfony\\Component\\ErrorHandler\\Error\\FatalError(code: 0): Trait \"Spatie\\Translatable\\HasTranslations\" not found at D:\\qixer\\@core\\app\\GalleryCategory.php:9)
[stacktrace]
#0 {main}
"} 
[2025-02-18 22:36:26] local.ERROR: Trait "Spatie\Translatable\HasTranslations" not found {"exception":"[object] (Symfony\\Component\\ErrorHandler\\Error\\FatalError(code: 0): Trait \"Spatie\\Translatable\\HasTranslations\" not found at D:\\qixer\\@core\\app\\GalleryCategory.php:9)
[stacktrace]
#0 {main}
"} 
[2025-02-18 22:37:26] local.ERROR: Trait "Spatie\Translatable\HasTranslations" not found {"exception":"[object] (Symfony\\Component\\ErrorHandler\\Error\\FatalError(code: 0): Trait \"Spatie\\Translatable\\HasTranslations\" not found at D:\\qixer\\@core\\app\\GalleryCategory.php:9)
[stacktrace]
#0 {main}
"} 
[2025-02-18 22:38:26] local.ERROR: Trait "Spatie\Translatable\HasTranslations" not found {"exception":"[object] (Symfony\\Component\\ErrorHandler\\Error\\FatalError(code: 0): Trait \"Spatie\\Translatable\\HasTranslations\" not found at D:\\qixer\\@core\\app\\GalleryCategory.php:9)
[stacktrace]
#0 {main}
"} 
[2025-02-18 22:39:26] local.ERROR: Trait "Spatie\Translatable\HasTranslations" not found {"exception":"[object] (Symfony\\Component\\ErrorHandler\\Error\\FatalError(code: 0): Trait \"Spatie\\Translatable\\HasTranslations\" not found at D:\\qixer\\@core\\app\\GalleryCategory.php:9)
[stacktrace]
#0 {main}
"} 
[2025-02-18 22:40:26] local.ERROR: Trait "Spatie\Translatable\HasTranslations" not found {"exception":"[object] (Symfony\\Component\\ErrorHandler\\Error\\FatalError(code: 0): Trait \"Spatie\\Translatable\\HasTranslations\" not found at D:\\qixer\\@core\\app\\GalleryCategory.php:9)
[stacktrace]
#0 {main}
"} 
[2025-02-18 22:41:26] local.ERROR: Trait "Spatie\Translatable\HasTranslations" not found {"exception":"[object] (Symfony\\Component\\ErrorHandler\\Error\\FatalError(code: 0): Trait \"Spatie\\Translatable\\HasTranslations\" not found at D:\\qixer\\@core\\app\\GalleryCategory.php:9)
[stacktrace]
#0 {main}
"} 
[2025-02-18 22:42:26] local.ERROR: Trait "Spatie\Translatable\HasTranslations" not found {"exception":"[object] (Symfony\\Component\\ErrorHandler\\Error\\FatalError(code: 0): Trait \"Spatie\\Translatable\\HasTranslations\" not found at D:\\qixer\\@core\\app\\GalleryCategory.php:9)
[stacktrace]
#0 {main}
"} 
[2025-02-18 22:43:26] local.ERROR: Trait "Spatie\Translatable\HasTranslations" not found {"exception":"[object] (Symfony\\Component\\ErrorHandler\\Error\\FatalError(code: 0): Trait \"Spatie\\Translatable\\HasTranslations\" not found at D:\\qixer\\@core\\app\\GalleryCategory.php:9)
[stacktrace]
#0 {main}
"} 
[2025-02-18 22:44:26] local.ERROR: Trait "Spatie\Translatable\HasTranslations" not found {"exception":"[object] (Symfony\\Component\\ErrorHandler\\Error\\FatalError(code: 0): Trait \"Spatie\\Translatable\\HasTranslations\" not found at D:\\qixer\\@core\\app\\GalleryCategory.php:9)
[stacktrace]
#0 {main}
"} 
[2025-02-18 22:45:26] local.ERROR: Trait "Spatie\Translatable\HasTranslations" not found {"exception":"[object] (Symfony\\Component\\ErrorHandler\\Error\\FatalError(code: 0): Trait \"Spatie\\Translatable\\HasTranslations\" not found at D:\\qixer\\@core\\app\\GalleryCategory.php:9)
[stacktrace]
#0 {main}
"} 
[2025-02-18 22:46:26] local.ERROR: Trait "Spatie\Translatable\HasTranslations" not found {"exception":"[object] (Symfony\\Component\\ErrorHandler\\Error\\FatalError(code: 0): Trait \"Spatie\\Translatable\\HasTranslations\" not found at D:\\qixer\\@core\\app\\GalleryCategory.php:9)
[stacktrace]
#0 {main}
"} 
[2025-02-18 22:47:26] local.ERROR: Trait "Spatie\Translatable\HasTranslations" not found {"exception":"[object] (Symfony\\Component\\ErrorHandler\\Error\\FatalError(code: 0): Trait \"Spatie\\Translatable\\HasTranslations\" not found at D:\\qixer\\@core\\app\\GalleryCategory.php:9)
[stacktrace]
#0 {main}
"} 
[2025-02-18 22:48:26] local.ERROR: Trait "Spatie\Translatable\HasTranslations" not found {"exception":"[object] (Symfony\\Component\\ErrorHandler\\Error\\FatalError(code: 0): Trait \"Spatie\\Translatable\\HasTranslations\" not found at D:\\qixer\\@core\\app\\GalleryCategory.php:9)
[stacktrace]
#0 {main}
"} 
[2025-02-18 22:49:26] local.ERROR: Trait "Spatie\Translatable\HasTranslations" not found {"exception":"[object] (Symfony\\Component\\ErrorHandler\\Error\\FatalError(code: 0): Trait \"Spatie\\Translatable\\HasTranslations\" not found at D:\\qixer\\@core\\app\\GalleryCategory.php:9)
[stacktrace]
#0 {main}
"} 
[2025-02-18 22:50:26] local.ERROR: Trait "Spatie\Translatable\HasTranslations" not found {"exception":"[object] (Symfony\\Component\\ErrorHandler\\Error\\FatalError(code: 0): Trait \"Spatie\\Translatable\\HasTranslations\" not found at D:\\qixer\\@core\\app\\GalleryCategory.php:9)
[stacktrace]
#0 {main}
"} 
[2025-02-18 22:51:26] local.ERROR: Trait "Spatie\Translatable\HasTranslations" not found {"exception":"[object] (Symfony\\Component\\ErrorHandler\\Error\\FatalError(code: 0): Trait \"Spatie\\Translatable\\HasTranslations\" not found at D:\\qixer\\@core\\app\\GalleryCategory.php:9)
[stacktrace]
#0 {main}
"} 
[2025-02-18 22:52:26] local.ERROR: Trait "Spatie\Translatable\HasTranslations" not found {"exception":"[object] (Symfony\\Component\\ErrorHandler\\Error\\FatalError(code: 0): Trait \"Spatie\\Translatable\\HasTranslations\" not found at D:\\qixer\\@core\\app\\GalleryCategory.php:9)
[stacktrace]
#0 {main}
"} 
[2025-02-18 22:53:26] local.ERROR: Trait "Spatie\Translatable\HasTranslations" not found {"exception":"[object] (Symfony\\Component\\ErrorHandler\\Error\\FatalError(code: 0): Trait \"Spatie\\Translatable\\HasTranslations\" not found at D:\\qixer\\@core\\app\\GalleryCategory.php:9)
[stacktrace]
#0 {main}
"} 
[2025-02-18 22:54:26] local.ERROR: Trait "Spatie\Translatable\HasTranslations" not found {"exception":"[object] (Symfony\\Component\\ErrorHandler\\Error\\FatalError(code: 0): Trait \"Spatie\\Translatable\\HasTranslations\" not found at D:\\qixer\\@core\\app\\GalleryCategory.php:9)
[stacktrace]
#0 {main}
"} 
[2025-02-18 22:55:26] local.ERROR: Trait "Spatie\Translatable\HasTranslations" not found {"exception":"[object] (Symfony\\Component\\ErrorHandler\\Error\\FatalError(code: 0): Trait \"Spatie\\Translatable\\HasTranslations\" not found at D:\\qixer\\@core\\app\\GalleryCategory.php:9)
[stacktrace]
#0 {main}
"} 
[2025-02-18 22:56:26] local.ERROR: Trait "Spatie\Translatable\HasTranslations" not found {"exception":"[object] (Symfony\\Component\\ErrorHandler\\Error\\FatalError(code: 0): Trait \"Spatie\\Translatable\\HasTranslations\" not found at D:\\qixer\\@core\\app\\GalleryCategory.php:9)
[stacktrace]
#0 {main}
"} 
[2025-02-18 22:57:26] local.ERROR: Trait "Spatie\Translatable\HasTranslations" not found {"exception":"[object] (Symfony\\Component\\ErrorHandler\\Error\\FatalError(code: 0): Trait \"Spatie\\Translatable\\HasTranslations\" not found at D:\\qixer\\@core\\app\\GalleryCategory.php:9)
[stacktrace]
#0 {main}
"} 
[2025-02-18 22:58:26] local.ERROR: Trait "Spatie\Translatable\HasTranslations" not found {"exception":"[object] (Symfony\\Component\\ErrorHandler\\Error\\FatalError(code: 0): Trait \"Spatie\\Translatable\\HasTranslations\" not found at D:\\qixer\\@core\\app\\GalleryCategory.php:9)
[stacktrace]
#0 {main}
"} 
[2025-02-18 22:59:26] local.ERROR: Trait "Spatie\Translatable\HasTranslations" not found {"exception":"[object] (Symfony\\Component\\ErrorHandler\\Error\\FatalError(code: 0): Trait \"Spatie\\Translatable\\HasTranslations\" not found at D:\\qixer\\@core\\app\\GalleryCategory.php:9)
[stacktrace]
#0 {main}
"} 
[2025-02-18 23:00:26] local.ERROR: Trait "Spatie\Translatable\HasTranslations" not found {"exception":"[object] (Symfony\\Component\\ErrorHandler\\Error\\FatalError(code: 0): Trait \"Spatie\\Translatable\\HasTranslations\" not found at D:\\qixer\\@core\\app\\GalleryCategory.php:9)
[stacktrace]
#0 {main}
"} 
[2025-02-18 23:01:26] local.ERROR: Trait "Spatie\Translatable\HasTranslations" not found {"exception":"[object] (Symfony\\Component\\ErrorHandler\\Error\\FatalError(code: 0): Trait \"Spatie\\Translatable\\HasTranslations\" not found at D:\\qixer\\@core\\app\\GalleryCategory.php:9)
[stacktrace]
#0 {main}
"} 
[2025-02-18 23:02:26] local.ERROR: Trait "Spatie\Translatable\HasTranslations" not found {"exception":"[object] (Symfony\\Component\\ErrorHandler\\Error\\FatalError(code: 0): Trait \"Spatie\\Translatable\\HasTranslations\" not found at D:\\qixer\\@core\\app\\GalleryCategory.php:9)
[stacktrace]
#0 {main}
"} 
[2025-02-18 23:03:26] local.ERROR: Trait "Spatie\Translatable\HasTranslations" not found {"exception":"[object] (Symfony\\Component\\ErrorHandler\\Error\\FatalError(code: 0): Trait \"Spatie\\Translatable\\HasTranslations\" not found at D:\\qixer\\@core\\app\\GalleryCategory.php:9)
[stacktrace]
#0 {main}
"} 
[2025-02-18 23:04:26] local.ERROR: Trait "Spatie\Translatable\HasTranslations" not found {"exception":"[object] (Symfony\\Component\\ErrorHandler\\Error\\FatalError(code: 0): Trait \"Spatie\\Translatable\\HasTranslations\" not found at D:\\qixer\\@core\\app\\GalleryCategory.php:9)
[stacktrace]
#0 {main}
"} 
[2025-02-18 23:05:26] local.ERROR: Trait "Spatie\Translatable\HasTranslations" not found {"exception":"[object] (Symfony\\Component\\ErrorHandler\\Error\\FatalError(code: 0): Trait \"Spatie\\Translatable\\HasTranslations\" not found at D:\\qixer\\@core\\app\\GalleryCategory.php:9)
[stacktrace]
#0 {main}
"} 
[2025-02-18 23:06:26] local.ERROR: Trait "Spatie\Translatable\HasTranslations" not found {"exception":"[object] (Symfony\\Component\\ErrorHandler\\Error\\FatalError(code: 0): Trait \"Spatie\\Translatable\\HasTranslations\" not found at D:\\qixer\\@core\\app\\GalleryCategory.php:9)
[stacktrace]
#0 {main}
"} 
[2025-02-18 23:07:26] local.ERROR: Trait "Spatie\Translatable\HasTranslations" not found {"exception":"[object] (Symfony\\Component\\ErrorHandler\\Error\\FatalError(code: 0): Trait \"Spatie\\Translatable\\HasTranslations\" not found at D:\\qixer\\@core\\app\\GalleryCategory.php:9)
[stacktrace]
#0 {main}
"} 
[2025-02-18 23:08:26] local.ERROR: Trait "Spatie\Translatable\HasTranslations" not found {"exception":"[object] (Symfony\\Component\\ErrorHandler\\Error\\FatalError(code: 0): Trait \"Spatie\\Translatable\\HasTranslations\" not found at D:\\qixer\\@core\\app\\GalleryCategory.php:9)
[stacktrace]
#0 {main}
"} 
[2025-02-18 23:09:26] local.ERROR: Trait "Spatie\Translatable\HasTranslations" not found {"exception":"[object] (Symfony\\Component\\ErrorHandler\\Error\\FatalError(code: 0): Trait \"Spatie\\Translatable\\HasTranslations\" not found at D:\\qixer\\@core\\app\\GalleryCategory.php:9)
[stacktrace]
#0 {main}
"} 
[2025-02-18 23:10:26] local.ERROR: Trait "Spatie\Translatable\HasTranslations" not found {"exception":"[object] (Symfony\\Component\\ErrorHandler\\Error\\FatalError(code: 0): Trait \"Spatie\\Translatable\\HasTranslations\" not found at D:\\qixer\\@core\\app\\GalleryCategory.php:9)
[stacktrace]
#0 {main}
"} 
[2025-02-18 23:11:26] local.ERROR: Trait "Spatie\Translatable\HasTranslations" not found {"exception":"[object] (Symfony\\Component\\ErrorHandler\\Error\\FatalError(code: 0): Trait \"Spatie\\Translatable\\HasTranslations\" not found at D:\\qixer\\@core\\app\\GalleryCategory.php:9)
[stacktrace]
#0 {main}
"} 
[2025-02-18 23:12:26] local.ERROR: Trait "Spatie\Translatable\HasTranslations" not found {"exception":"[object] (Symfony\\Component\\ErrorHandler\\Error\\FatalError(code: 0): Trait \"Spatie\\Translatable\\HasTranslations\" not found at D:\\qixer\\@core\\app\\GalleryCategory.php:9)
[stacktrace]
#0 {main}
"} 
[2025-02-18 23:13:26] local.ERROR: Trait "Spatie\Translatable\HasTranslations" not found {"exception":"[object] (Symfony\\Component\\ErrorHandler\\Error\\FatalError(code: 0): Trait \"Spatie\\Translatable\\HasTranslations\" not found at D:\\qixer\\@core\\app\\GalleryCategory.php:9)
[stacktrace]
#0 {main}
"} 
[2025-02-18 23:14:26] local.ERROR: Trait "Spatie\Translatable\HasTranslations" not found {"exception":"[object] (Symfony\\Component\\ErrorHandler\\Error\\FatalError(code: 0): Trait \"Spatie\\Translatable\\HasTranslations\" not found at D:\\qixer\\@core\\app\\GalleryCategory.php:9)
[stacktrace]
#0 {main}
"} 
[2025-02-18 23:15:26] local.ERROR: Trait "Spatie\Translatable\HasTranslations" not found {"exception":"[object] (Symfony\\Component\\ErrorHandler\\Error\\FatalError(code: 0): Trait \"Spatie\\Translatable\\HasTranslations\" not found at D:\\qixer\\@core\\app\\GalleryCategory.php:9)
[stacktrace]
#0 {main}
"} 
[2025-02-18 23:16:26] local.ERROR: Trait "Spatie\Translatable\HasTranslations" not found {"exception":"[object] (Symfony\\Component\\ErrorHandler\\Error\\FatalError(code: 0): Trait \"Spatie\\Translatable\\HasTranslations\" not found at D:\\qixer\\@core\\app\\GalleryCategory.php:9)
[stacktrace]
#0 {main}
"} 
[2025-02-18 23:17:26] local.ERROR: Trait "Spatie\Translatable\HasTranslations" not found {"exception":"[object] (Symfony\\Component\\ErrorHandler\\Error\\FatalError(code: 0): Trait \"Spatie\\Translatable\\HasTranslations\" not found at D:\\qixer\\@core\\app\\GalleryCategory.php:9)
[stacktrace]
#0 {main}
"} 
[2025-02-18 23:18:26] local.ERROR: Trait "Spatie\Translatable\HasTranslations" not found {"exception":"[object] (Symfony\\Component\\ErrorHandler\\Error\\FatalError(code: 0): Trait \"Spatie\\Translatable\\HasTranslations\" not found at D:\\qixer\\@core\\app\\GalleryCategory.php:9)
[stacktrace]
#0 {main}
"} 
[2025-02-18 23:19:26] local.ERROR: Trait "Spatie\Translatable\HasTranslations" not found {"exception":"[object] (Symfony\\Component\\ErrorHandler\\Error\\FatalError(code: 0): Trait \"Spatie\\Translatable\\HasTranslations\" not found at D:\\qixer\\@core\\app\\GalleryCategory.php:9)
[stacktrace]
#0 {main}
"} 
[2025-02-18 23:20:26] local.ERROR: Trait "Spatie\Translatable\HasTranslations" not found {"exception":"[object] (Symfony\\Component\\ErrorHandler\\Error\\FatalError(code: 0): Trait \"Spatie\\Translatable\\HasTranslations\" not found at D:\\qixer\\@core\\app\\GalleryCategory.php:9)
[stacktrace]
#0 {main}
"} 
[2025-02-18 23:21:26] local.ERROR: Trait "Spatie\Translatable\HasTranslations" not found {"exception":"[object] (Symfony\\Component\\ErrorHandler\\Error\\FatalError(code: 0): Trait \"Spatie\\Translatable\\HasTranslations\" not found at D:\\qixer\\@core\\app\\GalleryCategory.php:9)
[stacktrace]
#0 {main}
"} 
[2025-02-18 23:22:26] local.ERROR: Trait "Spatie\Translatable\HasTranslations" not found {"exception":"[object] (Symfony\\Component\\ErrorHandler\\Error\\FatalError(code: 0): Trait \"Spatie\\Translatable\\HasTranslations\" not found at D:\\qixer\\@core\\app\\GalleryCategory.php:9)
[stacktrace]
#0 {main}
"} 
[2025-02-18 23:23:26] local.ERROR: Trait "Spatie\Translatable\HasTranslations" not found {"exception":"[object] (Symfony\\Component\\ErrorHandler\\Error\\FatalError(code: 0): Trait \"Spatie\\Translatable\\HasTranslations\" not found at D:\\qixer\\@core\\app\\GalleryCategory.php:9)
[stacktrace]
#0 {main}
"} 
[2025-02-18 23:24:26] local.ERROR: Trait "Spatie\Translatable\HasTranslations" not found {"exception":"[object] (Symfony\\Component\\ErrorHandler\\Error\\FatalError(code: 0): Trait \"Spatie\\Translatable\\HasTranslations\" not found at D:\\qixer\\@core\\app\\GalleryCategory.php:9)
[stacktrace]
#0 {main}
"} 
[2025-02-18 23:25:26] local.ERROR: Trait "Spatie\Translatable\HasTranslations" not found {"exception":"[object] (Symfony\\Component\\ErrorHandler\\Error\\FatalError(code: 0): Trait \"Spatie\\Translatable\\HasTranslations\" not found at D:\\qixer\\@core\\app\\GalleryCategory.php:9)
[stacktrace]
#0 {main}
"} 
[2025-02-18 23:26:26] local.ERROR: Trait "Spatie\Translatable\HasTranslations" not found {"exception":"[object] (Symfony\\Component\\ErrorHandler\\Error\\FatalError(code: 0): Trait \"Spatie\\Translatable\\HasTranslations\" not found at D:\\qixer\\@core\\app\\GalleryCategory.php:9)
[stacktrace]
#0 {main}
"} 
[2025-02-18 23:27:26] local.ERROR: Trait "Spatie\Translatable\HasTranslations" not found {"exception":"[object] (Symfony\\Component\\ErrorHandler\\Error\\FatalError(code: 0): Trait \"Spatie\\Translatable\\HasTranslations\" not found at D:\\qixer\\@core\\app\\GalleryCategory.php:9)
[stacktrace]
#0 {main}
"} 
[2025-02-18 23:28:26] local.ERROR: Trait "Spatie\Translatable\HasTranslations" not found {"exception":"[object] (Symfony\\Component\\ErrorHandler\\Error\\FatalError(code: 0): Trait \"Spatie\\Translatable\\HasTranslations\" not found at D:\\qixer\\@core\\app\\GalleryCategory.php:9)
[stacktrace]
#0 {main}
"} 
[2025-02-18 23:29:26] local.ERROR: Trait "Spatie\Translatable\HasTranslations" not found {"exception":"[object] (Symfony\\Component\\ErrorHandler\\Error\\FatalError(code: 0): Trait \"Spatie\\Translatable\\HasTranslations\" not found at D:\\qixer\\@core\\app\\GalleryCategory.php:9)
[stacktrace]
#0 {main}
"} 
[2025-02-18 23:30:26] local.ERROR: Trait "Spatie\Translatable\HasTranslations" not found {"exception":"[object] (Symfony\\Component\\ErrorHandler\\Error\\FatalError(code: 0): Trait \"Spatie\\Translatable\\HasTranslations\" not found at D:\\qixer\\@core\\app\\GalleryCategory.php:9)
[stacktrace]
#0 {main}
"} 
[2025-02-18 23:31:26] local.ERROR: Trait "Spatie\Translatable\HasTranslations" not found {"exception":"[object] (Symfony\\Component\\ErrorHandler\\Error\\FatalError(code: 0): Trait \"Spatie\\Translatable\\HasTranslations\" not found at D:\\qixer\\@core\\app\\GalleryCategory.php:9)
[stacktrace]
#0 {main}
"} 
[2025-02-18 23:32:26] local.ERROR: Trait "Spatie\Translatable\HasTranslations" not found {"exception":"[object] (Symfony\\Component\\ErrorHandler\\Error\\FatalError(code: 0): Trait \"Spatie\\Translatable\\HasTranslations\" not found at D:\\qixer\\@core\\app\\GalleryCategory.php:9)
[stacktrace]
#0 {main}
"} 
[2025-02-18 23:33:26] local.ERROR: Trait "Spatie\Translatable\HasTranslations" not found {"exception":"[object] (Symfony\\Component\\ErrorHandler\\Error\\FatalError(code: 0): Trait \"Spatie\\Translatable\\HasTranslations\" not found at D:\\qixer\\@core\\app\\GalleryCategory.php:9)
[stacktrace]
#0 {main}
"} 
[2025-02-18 23:34:26] local.ERROR: Trait "Spatie\Translatable\HasTranslations" not found {"exception":"[object] (Symfony\\Component\\ErrorHandler\\Error\\FatalError(code: 0): Trait \"Spatie\\Translatable\\HasTranslations\" not found at D:\\qixer\\@core\\app\\GalleryCategory.php:9)
[stacktrace]
#0 {main}
"} 
[2025-02-18 23:35:26] local.ERROR: Trait "Spatie\Translatable\HasTranslations" not found {"exception":"[object] (Symfony\\Component\\ErrorHandler\\Error\\FatalError(code: 0): Trait \"Spatie\\Translatable\\HasTranslations\" not found at D:\\qixer\\@core\\app\\GalleryCategory.php:9)
[stacktrace]
#0 {main}
"} 
[2025-02-18 23:36:26] local.ERROR: Trait "Spatie\Translatable\HasTranslations" not found {"exception":"[object] (Symfony\\Component\\ErrorHandler\\Error\\FatalError(code: 0): Trait \"Spatie\\Translatable\\HasTranslations\" not found at D:\\qixer\\@core\\app\\GalleryCategory.php:9)
[stacktrace]
#0 {main}
"} 
[2025-02-18 23:37:26] local.ERROR: Trait "Spatie\Translatable\HasTranslations" not found {"exception":"[object] (Symfony\\Component\\ErrorHandler\\Error\\FatalError(code: 0): Trait \"Spatie\\Translatable\\HasTranslations\" not found at D:\\qixer\\@core\\app\\GalleryCategory.php:9)
[stacktrace]
#0 {main}
"} 
[2025-02-18 23:38:26] local.ERROR: Trait "Spatie\Translatable\HasTranslations" not found {"exception":"[object] (Symfony\\Component\\ErrorHandler\\Error\\FatalError(code: 0): Trait \"Spatie\\Translatable\\HasTranslations\" not found at D:\\qixer\\@core\\app\\GalleryCategory.php:9)
[stacktrace]
#0 {main}
"} 
[2025-02-18 23:39:26] local.ERROR: Trait "Spatie\Translatable\HasTranslations" not found {"exception":"[object] (Symfony\\Component\\ErrorHandler\\Error\\FatalError(code: 0): Trait \"Spatie\\Translatable\\HasTranslations\" not found at D:\\qixer\\@core\\app\\GalleryCategory.php:9)
[stacktrace]
#0 {main}
"} 
[2025-02-18 23:40:26] local.ERROR: Trait "Spatie\Translatable\HasTranslations" not found {"exception":"[object] (Symfony\\Component\\ErrorHandler\\Error\\FatalError(code: 0): Trait \"Spatie\\Translatable\\HasTranslations\" not found at D:\\qixer\\@core\\app\\GalleryCategory.php:9)
[stacktrace]
#0 {main}
"} 
[2025-02-18 23:41:26] local.ERROR: Trait "Spatie\Translatable\HasTranslations" not found {"exception":"[object] (Symfony\\Component\\ErrorHandler\\Error\\FatalError(code: 0): Trait \"Spatie\\Translatable\\HasTranslations\" not found at D:\\qixer\\@core\\app\\GalleryCategory.php:9)
[stacktrace]
#0 {main}
"} 
[2025-02-18 23:42:26] local.ERROR: Trait "Spatie\Translatable\HasTranslations" not found {"exception":"[object] (Symfony\\Component\\ErrorHandler\\Error\\FatalError(code: 0): Trait \"Spatie\\Translatable\\HasTranslations\" not found at D:\\qixer\\@core\\app\\GalleryCategory.php:9)
[stacktrace]
#0 {main}
"} 
[2025-02-18 23:43:26] local.ERROR: Trait "Spatie\Translatable\HasTranslations" not found {"exception":"[object] (Symfony\\Component\\ErrorHandler\\Error\\FatalError(code: 0): Trait \"Spatie\\Translatable\\HasTranslations\" not found at D:\\qixer\\@core\\app\\GalleryCategory.php:9)
[stacktrace]
#0 {main}
"} 
[2025-02-18 23:44:26] local.ERROR: Trait "Spatie\Translatable\HasTranslations" not found {"exception":"[object] (Symfony\\Component\\ErrorHandler\\Error\\FatalError(code: 0): Trait \"Spatie\\Translatable\\HasTranslations\" not found at D:\\qixer\\@core\\app\\GalleryCategory.php:9)
[stacktrace]
#0 {main}
"} 
[2025-02-18 23:45:26] local.ERROR: Trait "Spatie\Translatable\HasTranslations" not found {"exception":"[object] (Symfony\\Component\\ErrorHandler\\Error\\FatalError(code: 0): Trait \"Spatie\\Translatable\\HasTranslations\" not found at D:\\qixer\\@core\\app\\GalleryCategory.php:9)
[stacktrace]
#0 {main}
"} 
[2025-02-18 23:46:26] local.ERROR: Trait "Spatie\Translatable\HasTranslations" not found {"exception":"[object] (Symfony\\Component\\ErrorHandler\\Error\\FatalError(code: 0): Trait \"Spatie\\Translatable\\HasTranslations\" not found at D:\\qixer\\@core\\app\\GalleryCategory.php:9)
[stacktrace]
#0 {main}
"} 
[2025-02-18 23:47:26] local.ERROR: Trait "Spatie\Translatable\HasTranslations" not found {"exception":"[object] (Symfony\\Component\\ErrorHandler\\Error\\FatalError(code: 0): Trait \"Spatie\\Translatable\\HasTranslations\" not found at D:\\qixer\\@core\\app\\GalleryCategory.php:9)
[stacktrace]
#0 {main}
"} 
[2025-02-18 23:48:26] local.ERROR: Trait "Spatie\Translatable\HasTranslations" not found {"exception":"[object] (Symfony\\Component\\ErrorHandler\\Error\\FatalError(code: 0): Trait \"Spatie\\Translatable\\HasTranslations\" not found at D:\\qixer\\@core\\app\\GalleryCategory.php:9)
[stacktrace]
#0 {main}
"} 
[2025-02-18 23:49:26] local.ERROR: Trait "Spatie\Translatable\HasTranslations" not found {"exception":"[object] (Symfony\\Component\\ErrorHandler\\Error\\FatalError(code: 0): Trait \"Spatie\\Translatable\\HasTranslations\" not found at D:\\qixer\\@core\\app\\GalleryCategory.php:9)
[stacktrace]
#0 {main}
"} 
[2025-02-18 23:50:26] local.ERROR: Trait "Spatie\Translatable\HasTranslations" not found {"exception":"[object] (Symfony\\Component\\ErrorHandler\\Error\\FatalError(code: 0): Trait \"Spatie\\Translatable\\HasTranslations\" not found at D:\\qixer\\@core\\app\\GalleryCategory.php:9)
[stacktrace]
#0 {main}
"} 
[2025-02-18 23:51:26] local.ERROR: Trait "Spatie\Translatable\HasTranslations" not found {"exception":"[object] (Symfony\\Component\\ErrorHandler\\Error\\FatalError(code: 0): Trait \"Spatie\\Translatable\\HasTranslations\" not found at D:\\qixer\\@core\\app\\GalleryCategory.php:9)
[stacktrace]
#0 {main}
"} 
[2025-02-18 23:52:26] local.ERROR: Trait "Spatie\Translatable\HasTranslations" not found {"exception":"[object] (Symfony\\Component\\ErrorHandler\\Error\\FatalError(code: 0): Trait \"Spatie\\Translatable\\HasTranslations\" not found at D:\\qixer\\@core\\app\\GalleryCategory.php:9)
[stacktrace]
#0 {main}
"} 
[2025-02-18 23:53:26] local.ERROR: Trait "Spatie\Translatable\HasTranslations" not found {"exception":"[object] (Symfony\\Component\\ErrorHandler\\Error\\FatalError(code: 0): Trait \"Spatie\\Translatable\\HasTranslations\" not found at D:\\qixer\\@core\\app\\GalleryCategory.php:9)
[stacktrace]
#0 {main}
"} 
[2025-02-18 23:54:26] local.ERROR: Trait "Spatie\Translatable\HasTranslations" not found {"exception":"[object] (Symfony\\Component\\ErrorHandler\\Error\\FatalError(code: 0): Trait \"Spatie\\Translatable\\HasTranslations\" not found at D:\\qixer\\@core\\app\\GalleryCategory.php:9)
[stacktrace]
#0 {main}
"} 
[2025-02-18 23:55:26] local.ERROR: Trait "Spatie\Translatable\HasTranslations" not found {"exception":"[object] (Symfony\\Component\\ErrorHandler\\Error\\FatalError(code: 0): Trait \"Spatie\\Translatable\\HasTranslations\" not found at D:\\qixer\\@core\\app\\GalleryCategory.php:9)
[stacktrace]
#0 {main}
"} 
[2025-02-18 23:56:26] local.ERROR: Trait "Spatie\Translatable\HasTranslations" not found {"exception":"[object] (Symfony\\Component\\ErrorHandler\\Error\\FatalError(code: 0): Trait \"Spatie\\Translatable\\HasTranslations\" not found at D:\\qixer\\@core\\app\\GalleryCategory.php:9)
[stacktrace]
#0 {main}
"} 
[2025-02-18 23:57:26] local.ERROR: Trait "Spatie\Translatable\HasTranslations" not found {"exception":"[object] (Symfony\\Component\\ErrorHandler\\Error\\FatalError(code: 0): Trait \"Spatie\\Translatable\\HasTranslations\" not found at D:\\qixer\\@core\\app\\GalleryCategory.php:9)
[stacktrace]
#0 {main}
"} 
[2025-02-18 23:58:26] local.ERROR: Trait "Spatie\Translatable\HasTranslations" not found {"exception":"[object] (Symfony\\Component\\ErrorHandler\\Error\\FatalError(code: 0): Trait \"Spatie\\Translatable\\HasTranslations\" not found at D:\\qixer\\@core\\app\\GalleryCategory.php:9)
[stacktrace]
#0 {main}
"} 
[2025-02-18 23:59:26] local.ERROR: Trait "Spatie\Translatable\HasTranslations" not found {"exception":"[object] (Symfony\\Component\\ErrorHandler\\Error\\FatalError(code: 0): Trait \"Spatie\\Translatable\\HasTranslations\" not found at D:\\qixer\\@core\\app\\GalleryCategory.php:9)
[stacktrace]
#0 {main}
"} 
